Type Ctrl-C to quit.
2026-05-31 08:22:08+00:00 | Starting watchdog observer(s).
2026-05-31 08:22:08+00:00 | Starting DigitalRFRingbuffer of (10000000000000 bytes) in /data1/mfraw:
2026-05-31 08:22:08+00:00 | (0 files, 0% size)
2026-05-31 08:22:18+00:00 | (1654 files, 0% size)
2026-05-31 08:22:28+00:00 | (1694 files, 0% size)
2026-05-31 08:22:38+00:00 | (1734 files, 0% size)
2026-05-31 08:22:48+00:00 | (1774 files, 0% size)
2026-05-31 08:22:58+00:00 | (1814 files, 0% size)
2026-05-31 08:23:08+00:00 | (1854 files, 0% size)
2026-05-31 08:23:18+00:00 | (1894 files, 0% size)
2026-05-31 08:23:28+00:00 | (1934 files, 0% size)
2026-05-31 08:23:38+00:00 | (1974 files, 0% size)
2026-05-31 08:23:48+00:00 | (2014 files, 0% size)
2026-05-31 08:23:58+00:00 | (2054 files, 0% size)
2026-05-31 08:24:08+00:00 | (2094 files, 0% size)
2026-05-31 08:24:18+00:00 | (2134 files, 0% size)
2026-05-31 08:24:28+00:00 | (2174 files, 0% size)
2026-05-31 08:24:38+00:00 | (2214 files, 0% size)
2026-05-31 08:24:48+00:00 | (2254 files, 0% size)
2026-05-31 08:24:58+00:00 | (2294 files, 0% size)
2026-05-31 08:25:08+00:00 | (2334 files, 0% size)
2026-05-31 08:25:18+00:00 | (2374 files, 0% size)
2026-05-31 08:25:28+00:00 | (2414 files, 0% size)
2026-05-31 08:25:38+00:00 | (2454 files, 0% size)
2026-05-31 08:25:48+00:00 | (2494 files, 0% size)
2026-05-31 08:25:58+00:00 | (2534 files, 0% size)
2026-05-31 08:26:08+00:00 | (2574 files, 0% size)
2026-05-31 08:26:18+00:00 | (2614 files, 0% size)
2026-05-31 08:26:28+00:00 | (2654 files, 0% size)
2026-05-31 08:26:38+00:00 | (2694 files, 0% size)
2026-05-31 08:26:48+00:00 | (2734 files, 0% size)
2026-05-31 08:26:58+00:00 | (2774 files, 0% size)
2026-05-31 08:27:08+00:00 | (2814 files, 0% size)
2026-05-31 08:27:18+00:00 | (2854 files, 0% size)
2026-05-31 08:27:28+00:00 | (2894 files, 0% size)
2026-05-31 08:27:38+00:00 | (2934 files, 0% size)
2026-05-31 08:27:48+00:00 | (2974 files, 0% size)
2026-05-31 08:27:58+00:00 | (3014 files, 0% size)
2026-05-31 08:28:08+00:00 | (3054 files, 0% size)
2026-05-31 08:28:18+00:00 | (3094 files, 0% size)
2026-05-31 08:28:28+00:00 | (3134 files, 0% size)
2026-05-31 08:28:38+00:00 | (3174 files, 0% size)
2026-05-31 08:28:48+00:00 | (3214 files, 0% size)
2026-05-31 08:28:58+00:00 | (3254 files, 0% size)
2026-05-31 08:29:08+00:00 | (3294 files, 0% size)
2026-05-31 08:29:18+00:00 | (3334 files, 0% size)
2026-05-31 08:29:28+00:00 | (3374 files, 0% size)
2026-05-31 08:29:38+00:00 | (3414 files, 0% size)
2026-05-31 08:29:48+00:00 | (3454 files, 0% size)
2026-05-31 08:29:58+00:00 | (3494 files, 0% size)
2026-05-31 08:30:08+00:00 | (3534 files, 0% size)
2026-05-31 08:30:18+00:00 | (3574 files, 0% size)
2026-05-31 08:30:28+00:00 | (3614 files, 0% size)
2026-05-31 08:30:38+00:00 | (3654 files, 0% size)
2026-05-31 08:30:48+00:00 | (3694 files, 0% size)
2026-05-31 08:30:58+00:00 | (3734 files, 0% size)
2026-05-31 08:31:08+00:00 | (3774 files, 0% size)
2026-05-31 08:31:18+00:00 | (3814 files, 0% size)
2026-05-31 08:31:28+00:00 | (3854 files, 0% size)
2026-05-31 08:31:38+00:00 | (3894 files, 0% size)
2026-05-31 08:31:48+00:00 | (3934 files, 0% size)
2026-05-31 08:31:58+00:00 | (3974 files, 0% size)
2026-05-31 08:32:08+00:00 | (4014 files, 0% size)
2026-05-31 08:32:18+00:00 | (4054 files, 0% size)
2026-05-31 08:32:28+00:00 | (4094 files, 0% size)
2026-05-31 08:32:38+00:00 | (4134 files, 0% size)
2026-05-31 08:32:48+00:00 | (4174 files, 0% size)
2026-05-31 08:32:58+00:00 | (4214 files, 0% size)
2026-05-31 08:33:08+00:00 | (4254 files, 0% size)
2026-05-31 08:33:18+00:00 | (4294 files, 0% size)
2026-05-31 08:33:28+00:00 | (4334 files, 0% size)
2026-05-31 08:33:38+00:00 | (4374 files, 0% size)
2026-05-31 08:33:48+00:00 | (4414 files, 0% size)
2026-05-31 08:33:58+00:00 | (4454 files, 0% size)
2026-05-31 08:34:08+00:00 | (4494 files, 0% size)
2026-05-31 08:34:18+00:00 | (4534 files, 0% size)
2026-05-31 08:34:28+00:00 | (4574 files, 0% size)
2026-05-31 08:34:38+00:00 | (4614 files, 0% size)
2026-05-31 08:34:48+00:00 | (4654 files, 0% size)
2026-05-31 08:34:58+00:00 | (4694 files, 0% size)
2026-05-31 08:35:08+00:00 | (4734 files, 0% size)
2026-05-31 08:35:18+00:00 | (4774 files, 0% size)
2026-05-31 08:35:28+00:00 | (4814 files, 0% size)
2026-05-31 08:35:38+00:00 | (4854 files, 0% size)
2026-05-31 08:35:48+00:00 | (4894 files, 0% size)
2026-05-31 08:35:58+00:00 | (4934 files, 0% size)
2026-05-31 08:36:08+00:00 | (4974 files, 0% size)
2026-05-31 08:36:18+00:00 | (5014 files, 0% size)
2026-05-31 08:36:28+00:00 | (5054 files, 0% size)
2026-05-31 08:36:38+00:00 | (5094 files, 0% size)
2026-05-31 08:36:48+00:00 | (5134 files, 0% size)
2026-05-31 08:36:58+00:00 | (5174 files, 0% size)
2026-05-31 08:37:08+00:00 | (5214 files, 0% size)
2026-05-31 08:37:18+00:00 | (5254 files, 0% size)
2026-05-31 08:37:28+00:00 | (5294 files, 0% size)
2026-05-31 08:37:38+00:00 | (5334 files, 0% size)
2026-05-31 08:37:48+00:00 | (5374 files, 0% size)
2026-05-31 08:37:58+00:00 | (5414 files, 0% size)
2026-05-31 08:38:08+00:00 | (5454 files, 0% size)
2026-05-31 08:38:18+00:00 | (5494 files, 0% size)
2026-05-31 08:38:28+00:00 | (5534 files, 0% size)
2026-05-31 08:38:38+00:00 | (5574 files, 0% size)
2026-05-31 08:38:48+00:00 | (5614 files, 0% size)
2026-05-31 08:38:58+00:00 | (5654 files, 0% size)
2026-05-31 08:39:08+00:00 | (5694 files, 0% size)
2026-05-31 08:39:18+00:00 | (5734 files, 0% size)
2026-05-31 08:39:28+00:00 | (5774 files, 0% size)
2026-05-31 08:39:38+00:00 | (5814 files, 0% size)
2026-05-31 08:39:48+00:00 | (5854 files, 0% size)
2026-05-31 08:39:58+00:00 | (5894 files, 0% size)
2026-05-31 08:40:08+00:00 | (5934 files, 0% size)
2026-05-31 08:40:18+00:00 | (5974 files, 0% size)
2026-05-31 08:40:28+00:00 | (6014 files, 0% size)
2026-05-31 08:40:38+00:00 | (6054 files, 0% size)
2026-05-31 08:40:48+00:00 | (6094 files, 0% size)
2026-05-31 08:40:58+00:00 | (6134 files, 0% size)
2026-05-31 08:41:08+00:00 | (6174 files, 0% size)
2026-05-31 08:41:18+00:00 | (6214 files, 0% size)
2026-05-31 08:41:28+00:00 | (6254 files, 0% size)
2026-05-31 08:41:38+00:00 | (6294 files, 0% size)
2026-05-31 08:41:48+00:00 | (6334 files, 0% size)
2026-05-31 08:41:58+00:00 | (6374 files, 0% size)
2026-05-31 08:42:08+00:00 | (6414 files, 0% size)
2026-05-31 08:42:18+00:00 | (6454 files, 0% size)
2026-05-31 08:42:28+00:00 | (6494 files, 0% size)
2026-05-31 08:42:38+00:00 | (6534 files, 0% size)
2026-05-31 08:42:48+00:00 | (6574 files, 0% size)
2026-05-31 08:42:58+00:00 | (6614 files, 0% size)
2026-05-31 08:43:08+00:00 | (6654 files, 0% size)
2026-05-31 08:43:18+00:00 | (6694 files, 0% size)
2026-05-31 08:43:28+00:00 | (6734 files, 0% size)
2026-05-31 08:43:38+00:00 | (6774 files, 0% size)
2026-05-31 08:43:48+00:00 | (6814 files, 0% size)
2026-05-31 08:43:58+00:00 | (6854 files, 0% size)
2026-05-31 08:44:08+00:00 | (6894 files, 0% size)
2026-05-31 08:44:18+00:00 | (6934 files, 0% size)
2026-05-31 08:44:28+00:00 | (6974 files, 0% size)
2026-05-31 08:44:38+00:00 | (7014 files, 0% size)
2026-05-31 08:44:48+00:00 | (7054 files, 0% size)
2026-05-31 08:44:58+00:00 | (7094 files, 0% size)
2026-05-31 08:45:08+00:00 | (7134 files, 0% size)
2026-05-31 08:45:18+00:00 | (7174 files, 0% size)
2026-05-31 08:45:28+00:00 | (7214 files, 0% size)
2026-05-31 08:45:38+00:00 | (7254 files, 0% size)
2026-05-31 08:45:48+00:00 | (7294 files, 0% size)
2026-05-31 08:45:58+00:00 | (7334 files, 0% size)
2026-05-31 08:46:08+00:00 | (7374 files, 0% size)
2026-05-31 08:46:18+00:00 | (7414 files, 0% size)
2026-05-31 08:46:28+00:00 | (7454 files, 0% size)
2026-05-31 08:46:38+00:00 | (7494 files, 0% size)
2026-05-31 08:46:48+00:00 | (7534 files, 0% size)
2026-05-31 08:46:58+00:00 | (7574 files, 0% size)
2026-05-31 08:47:08+00:00 | (7614 files, 0% size)
2026-05-31 08:47:18+00:00 | (7654 files, 0% size)
2026-05-31 08:47:28+00:00 | (7694 files, 0% size)
2026-05-31 08:47:38+00:00 | (7734 files, 0% size)
2026-05-31 08:47:48+00:00 | (7774 files, 0% size)
2026-05-31 08:47:58+00:00 | (7814 files, 0% size)
2026-05-31 08:48:08+00:00 | (7854 files, 0% size)
2026-05-31 08:48:18+00:00 | (7894 files, 0% size)
2026-05-31 08:48:28+00:00 | (7934 files, 0% size)
2026-05-31 08:48:38+00:00 | (7974 files, 0% size)
2026-05-31 08:48:48+00:00 | (8014 files, 0% size)
2026-05-31 08:48:58+00:00 | (8054 files, 0% size)
2026-05-31 08:49:08+00:00 | (8094 files, 0% size)
2026-05-31 08:49:18+00:00 | (8134 files, 0% size)
2026-05-31 08:49:28+00:00 | (8174 files, 0% size)
2026-05-31 08:49:38+00:00 | (8214 files, 0% size)
2026-05-31 08:49:48+00:00 | (8254 files, 0% size)
2026-05-31 08:49:58+00:00 | (8294 files, 0% size)
2026-05-31 08:50:08+00:00 | (8334 files, 0% size)
2026-05-31 08:50:18+00:00 | (8374 files, 0% size)
2026-05-31 08:50:28+00:00 | (8414 files, 0% size)
2026-05-31 08:50:38+00:00 | (8454 files, 0% size)
2026-05-31 08:50:48+00:00 | (8494 files, 0% size)
2026-05-31 08:50:58+00:00 | (8534 files, 0% size)
2026-05-31 08:51:08+00:00 | (8574 files, 0% size)
2026-05-31 08:51:18+00:00 | (8614 files, 0% size)
2026-05-31 08:51:28+00:00 | (8654 files, 0% size)
2026-05-31 08:51:38+00:00 | (8694 files, 0% size)
2026-05-31 08:51:48+00:00 | (8734 files, 0% size)
2026-05-31 08:51:58+00:00 | (8774 files, 0% size)
2026-05-31 08:52:08+00:00 | (8814 files, 0% size)
2026-05-31 08:52:18+00:00 | (8854 files, 0% size)
2026-05-31 08:52:28+00:00 | (8894 files, 0% size)
2026-05-31 08:52:38+00:00 | (8934 files, 0% size)
2026-05-31 08:52:48+00:00 | (8974 files, 0% size)
2026-05-31 08:52:58+00:00 | (9014 files, 0% size)
2026-05-31 08:53:08+00:00 | (9054 files, 0% size)
2026-05-31 08:53:18+00:00 | (9094 files, 0% size)
2026-05-31 08:53:28+00:00 | (9134 files, 0% size)
2026-05-31 08:53:38+00:00 | (9174 files, 0% size)
2026-05-31 08:53:48+00:00 | (9214 files, 0% size)
2026-05-31 08:53:58+00:00 | (9254 files, 0% size)
2026-05-31 08:54:08+00:00 | (9294 files, 0% size)
2026-05-31 08:54:18+00:00 | (9334 files, 0% size)
2026-05-31 08:54:28+00:00 | (9374 files, 0% size)
2026-05-31 08:54:38+00:00 | (9414 files, 0% size)
2026-05-31 08:54:48+00:00 | (9454 files, 0% size)
2026-05-31 08:54:58+00:00 | (9494 files, 0% size)
2026-05-31 08:55:08+00:00 | (9534 files, 0% size)
2026-05-31 08:55:18+00:00 | (9574 files, 0% size)
2026-05-31 08:55:28+00:00 | (9614 files, 0% size)
2026-05-31 08:55:38+00:00 | (9654 files, 0% size)
2026-05-31 08:55:48+00:00 | (9694 files, 0% size)
2026-05-31 08:55:58+00:00 | (9734 files, 0% size)
2026-05-31 08:56:08+00:00 | (9774 files, 0% size)
2026-05-31 08:56:18+00:00 | (9814 files, 0% size)
2026-05-31 08:56:28+00:00 | (9854 files, 0% size)
2026-05-31 08:56:38+00:00 | (9894 files, 0% size)
2026-05-31 08:56:48+00:00 | (9934 files, 0% size)
2026-05-31 08:56:58+00:00 | (9974 files, 0% size)
2026-05-31 08:57:08+00:00 | (10014 files, 0% size)
2026-05-31 08:57:18+00:00 | (10054 files, 0% size)
2026-05-31 08:57:28+00:00 | (10094 files, 0% size)
2026-05-31 08:57:38+00:00 | (10134 files, 0% size)
2026-05-31 08:57:48+00:00 | (10174 files, 0% size)
2026-05-31 08:57:58+00:00 | (10214 files, 0% size)
2026-05-31 08:58:08+00:00 | (10254 files, 0% size)
2026-05-31 08:58:18+00:00 | (10294 files, 0% size)
2026-05-31 08:58:28+00:00 | (10334 files, 0% size)
2026-05-31 08:58:38+00:00 | (10374 files, 0% size)
2026-05-31 08:58:48+00:00 | (10414 files, 0% size)
2026-05-31 08:58:58+00:00 | (10454 files, 0% size)
2026-05-31 08:59:08+00:00 | (10494 files, 0% size)
2026-05-31 08:59:18+00:00 | (10534 files, 0% size)
2026-05-31 08:59:28+00:00 | (10574 files, 0% size)
2026-05-31 08:59:38+00:00 | (10614 files, 0% size)
2026-05-31 08:59:48+00:00 | (10654 files, 0% size)
2026-05-31 08:59:58+00:00 | (10694 files, 0% size)
2026-05-31 09:00:08+00:00 | (10734 files, 0% size)
2026-05-31 09:00:18+00:00 | (10774 files, 0% size)
2026-05-31 09:00:28+00:00 | (10814 files, 0% size)
2026-05-31 09:00:38+00:00 | (10854 files, 0% size)
2026-05-31 09:00:48+00:00 | (10894 files, 0% size)
2026-05-31 09:00:58+00:00 | (10934 files, 0% size)
2026-05-31 09:01:08+00:00 | (10974 files, 0% size)
2026-05-31 09:01:18+00:00 | (11014 files, 0% size)
2026-05-31 09:01:28+00:00 | (11054 files, 0% size)
2026-05-31 09:01:38+00:00 | (11094 files, 0% size)
2026-05-31 09:01:48+00:00 | (11134 files, 0% size)
2026-05-31 09:01:58+00:00 | (11174 files, 0% size)
2026-05-31 09:02:08+00:00 | (11214 files, 0% size)
2026-05-31 09:02:18+00:00 | (11254 files, 0% size)
2026-05-31 09:02:28+00:00 | (11294 files, 0% size)
2026-05-31 09:02:38+00:00 | (11334 files, 0% size)
2026-05-31 09:02:48+00:00 | (11374 files, 0% size)
2026-05-31 09:02:58+00:00 | (11414 files, 0% size)
2026-05-31 09:03:08+00:00 | (11454 files, 0% size)
2026-05-31 09:03:18+00:00 | (11494 files, 0% size)
2026-05-31 09:03:28+00:00 | (11534 files, 0% size)
2026-05-31 09:03:38+00:00 | (11574 files, 0% size)
2026-05-31 09:03:48+00:00 | (11614 files, 0% size)
2026-05-31 09:03:58+00:00 | (11654 files, 0% size)
2026-05-31 09:04:08+00:00 | (11694 files, 0% size)
2026-05-31 09:04:18+00:00 | (11734 files, 0% size)
2026-05-31 09:04:28+00:00 | (11774 files, 0% size)
2026-05-31 09:04:38+00:00 | (11814 files, 0% size)
2026-05-31 09:04:48+00:00 | (11854 files, 0% size)
2026-05-31 09:04:58+00:00 | (11894 files, 0% size)
2026-05-31 09:05:08+00:00 | (11934 files, 0% size)
2026-05-31 09:05:18+00:00 | (11974 files, 0% size)
2026-05-31 09:05:28+00:00 | (12014 files, 0% size)
2026-05-31 09:05:38+00:00 | (12054 files, 0% size)
2026-05-31 09:05:48+00:00 | (12094 files, 0% size)
2026-05-31 09:05:58+00:00 | (12134 files, 0% size)
2026-05-31 09:06:08+00:00 | (12174 files, 0% size)
2026-05-31 09:06:18+00:00 | (12214 files, 0% size)
2026-05-31 09:06:28+00:00 | (12254 files, 0% size)
2026-05-31 09:06:38+00:00 | (12294 files, 0% size)
2026-05-31 09:06:48+00:00 | (12334 files, 0% size)
2026-05-31 09:06:58+00:00 | (12374 files, 0% size)
2026-05-31 09:07:08+00:00 | (12414 files, 0% size)
2026-05-31 09:07:18+00:00 | (12454 files, 0% size)
2026-05-31 09:07:28+00:00 | (12494 files, 0% size)
2026-05-31 09:07:38+00:00 | (12534 files, 0% size)
2026-05-31 09:07:48+00:00 | (12574 files, 0% size)
2026-05-31 09:07:58+00:00 | (12610 files, 0% size)
2026-05-31 09:08:08+00:00 | (12650 files, 0% size)
2026-05-31 09:08:18+00:00 | (12690 files, 0% size)
2026-05-31 09:08:28+00:00 | (12730 files, 0% size)
2026-05-31 09:08:38+00:00 | (12770 files, 0% size)
2026-05-31 09:08:48+00:00 | (12810 files, 0% size)
2026-05-31 09:08:58+00:00 | (12850 files, 0% size)
2026-05-31 09:09:08+00:00 | (12890 files, 0% size)
2026-05-31 09:09:18+00:00 | (12930 files, 0% size)
2026-05-31 09:09:28+00:00 | (12972 files, 0% size)
2026-05-31 09:09:38+00:00 | (13012 files, 0% size)
2026-05-31 09:09:48+00:00 | (13054 files, 0% size)
2026-05-31 09:09:58+00:00 | (13094 files, 0% size)
2026-05-31 09:10:08+00:00 | (13134 files, 0% size)
2026-05-31 09:10:18+00:00 | (13174 files, 0% size)
2026-05-31 09:10:28+00:00 | (13214 files, 0% size)
2026-05-31 09:10:38+00:00 | (13254 files, 0% size)
2026-05-31 09:10:48+00:00 | (13294 files, 0% size)
2026-05-31 09:10:58+00:00 | (13334 files, 0% size)
2026-05-31 09:11:08+00:00 | (13374 files, 0% size)
2026-05-31 09:11:18+00:00 | (13414 files, 0% size)
2026-05-31 09:11:28+00:00 | (13454 files, 0% size)
2026-05-31 09:11:38+00:00 | (13494 files, 0% size)
2026-05-31 09:11:48+00:00 | (13534 files, 0% size)
2026-05-31 09:11:58+00:00 | (13574 files, 0% size)
2026-05-31 09:12:08+00:00 | (13614 files, 0% size)
2026-05-31 09:12:18+00:00 | (13654 files, 0% size)
2026-05-31 09:12:28+00:00 | (13694 files, 0% size)
2026-05-31 09:12:38+00:00 | (13734 files, 0% size)
2026-05-31 09:12:48+00:00 | (13774 files, 0% size)
2026-05-31 09:12:58+00:00 | (13814 files, 0% size)
2026-05-31 09:13:08+00:00 | (13854 files, 0% size)
2026-05-31 09:13:18+00:00 | (13894 files, 0% size)
2026-05-31 09:13:28+00:00 | (13934 files, 0% size)
2026-05-31 09:13:38+00:00 | (13974 files, 0% size)
2026-05-31 09:13:48+00:00 | (14014 files, 0% size)
2026-05-31 09:13:58+00:00 | (14054 files, 0% size)
2026-05-31 09:14:08+00:00 | (14094 files, 0% size)
2026-05-31 09:14:18+00:00 | (14134 files, 0% size)
2026-05-31 09:14:28+00:00 | (14174 files, 0% size)
2026-05-31 09:14:38+00:00 | (14214 files, 0% size)
2026-05-31 09:14:48+00:00 | (14254 files, 0% size)
2026-05-31 09:14:58+00:00 | (14294 files, 0% size)
2026-05-31 09:15:08+00:00 | (14334 files, 0% size)
2026-05-31 09:15:18+00:00 | (14374 files, 0% size)
2026-05-31 09:15:28+00:00 | (14414 files, 0% size)
2026-05-31 09:15:38+00:00 | (14454 files, 0% size)
2026-05-31 09:15:48+00:00 | (14494 files, 0% size)
2026-05-31 09:15:58+00:00 | (14534 files, 0% size)
2026-05-31 09:16:08+00:00 | (14574 files, 0% size)
2026-05-31 09:16:18+00:00 | (14614 files, 0% size)
2026-05-31 09:16:28+00:00 | (14654 files, 0% size)
2026-05-31 09:16:38+00:00 | (14694 files, 0% size)
2026-05-31 09:16:48+00:00 | (14734 files, 0% size)
2026-05-31 09:16:58+00:00 | (14774 files, 0% size)
2026-05-31 09:17:08+00:00 | (14814 files, 0% size)
2026-05-31 09:17:18+00:00 | (14854 files, 0% size)
2026-05-31 09:17:28+00:00 | (14894 files, 0% size)
2026-05-31 09:17:38+00:00 | (14934 files, 0% size)
2026-05-31 09:17:48+00:00 | (14974 files, 0% size)
2026-05-31 09:17:58+00:00 | (15014 files, 0% size)
2026-05-31 09:18:08+00:00 | (15054 files, 0% size)
2026-05-31 09:18:18+00:00 | (15094 files, 0% size)
2026-05-31 09:18:28+00:00 | (15134 files, 0% size)
2026-05-31 09:18:38+00:00 | (15174 files, 0% size)
2026-05-31 09:18:48+00:00 | (15214 files, 0% size)
2026-05-31 09:18:58+00:00 | (15254 files, 0% size)
2026-05-31 09:19:08+00:00 | (15294 files, 0% size)
2026-05-31 09:19:18+00:00 | (15334 files, 0% size)
2026-05-31 09:19:28+00:00 | (15374 files, 0% size)
2026-05-31 09:19:38+00:00 | (15414 files, 0% size)
2026-05-31 09:19:48+00:00 | (15454 files, 0% size)
2026-05-31 09:19:58+00:00 | (15494 files, 0% size)
2026-05-31 09:20:08+00:00 | (15534 files, 0% size)
2026-05-31 09:20:18+00:00 | (15574 files, 0% size)
2026-05-31 09:20:28+00:00 | (15614 files, 0% size)
2026-05-31 09:20:38+00:00 | (15654 files, 0% size)
2026-05-31 09:20:48+00:00 | (15694 files, 0% size)
2026-05-31 09:20:58+00:00 | (15734 files, 0% size)
2026-05-31 09:21:08+00:00 | (15774 files, 0% size)
2026-05-31 09:21:18+00:00 | (15814 files, 0% size)
2026-05-31 09:21:28+00:00 | (15854 files, 0% size)
2026-05-31 09:21:38+00:00 | (15894 files, 0% size)
2026-05-31 09:21:48+00:00 | (15934 files, 0% size)
2026-05-31 09:21:58+00:00 | (15974 files, 0% size)
2026-05-31 09:22:08+00:00 | (16014 files, 0% size)
2026-05-31 09:22:18+00:00 | (16054 files, 0% size)
2026-05-31 09:22:28+00:00 | (16094 files, 0% size)
2026-05-31 09:22:38+00:00 | (16134 files, 0% size)
2026-05-31 09:22:48+00:00 | (16174 files, 0% size)
2026-05-31 09:22:58+00:00 | (16214 files, 0% size)
2026-05-31 09:23:08+00:00 | (16254 files, 0% size)
2026-05-31 09:23:18+00:00 | (16294 files, 0% size)
2026-05-31 09:23:28+00:00 | (16334 files, 0% size)
2026-05-31 09:23:38+00:00 | (16374 files, 0% size)
2026-05-31 09:23:48+00:00 | (16414 files, 0% size)
2026-05-31 09:23:58+00:00 | (16454 files, 0% size)
2026-05-31 09:24:08+00:00 | (16494 files, 0% size)
2026-05-31 09:24:18+00:00 | (16534 files, 0% size)
2026-05-31 09:24:28+00:00 | (16574 files, 0% size)
2026-05-31 09:24:38+00:00 | (16614 files, 0% size)
2026-05-31 09:24:48+00:00 | (16654 files, 0% size)
2026-05-31 09:24:58+00:00 | (16694 files, 0% size)
2026-05-31 09:25:08+00:00 | (16734 files, 0% size)
2026-05-31 09:25:18+00:00 | (16774 files, 0% size)
2026-05-31 09:25:28+00:00 | (16814 files, 0% size)
2026-05-31 09:25:38+00:00 | (16854 files, 0% size)
2026-05-31 09:25:48+00:00 | (16894 files, 0% size)
2026-05-31 09:25:58+00:00 | (16934 files, 0% size)
2026-05-31 09:26:08+00:00 | (16974 files, 0% size)
2026-05-31 09:26:18+00:00 | (17014 files, 0% size)
2026-05-31 09:26:28+00:00 | (17054 files, 0% size)
2026-05-31 09:26:38+00:00 | (17094 files, 0% size)
2026-05-31 09:26:48+00:00 | (17134 files, 0% size)
2026-05-31 09:26:58+00:00 | (17174 files, 0% size)
2026-05-31 09:27:08+00:00 | (17214 files, 0% size)
2026-05-31 09:27:18+00:00 | (17254 files, 0% size)
2026-05-31 09:27:28+00:00 | (17294 files, 0% size)
2026-05-31 09:27:38+00:00 | (17334 files, 0% size)
2026-05-31 09:27:48+00:00 | (17374 files, 0% size)
2026-05-31 09:27:58+00:00 | (17414 files, 0% size)
2026-05-31 09:28:08+00:00 | (17454 files, 0% size)
2026-05-31 09:28:18+00:00 | (17494 files, 0% size)
2026-05-31 09:28:28+00:00 | (17534 files, 0% size)
2026-05-31 09:28:38+00:00 | (17574 files, 0% size)
2026-05-31 09:28:48+00:00 | (17614 files, 0% size)
2026-05-31 09:28:58+00:00 | (17654 files, 0% size)
2026-05-31 09:29:08+00:00 | (17694 files, 0% size)
2026-05-31 09:29:18+00:00 | (17734 files, 0% size)
2026-05-31 09:29:28+00:00 | (17774 files, 0% size)
2026-05-31 09:29:38+00:00 | (17814 files, 0% size)
2026-05-31 09:29:48+00:00 | (17854 files, 0% size)
2026-05-31 09:29:58+00:00 | (17894 files, 0% size)
2026-05-31 09:30:08+00:00 | (17934 files, 0% size)
2026-05-31 09:30:18+00:00 | (17974 files, 0% size)
2026-05-31 09:30:28+00:00 | (18014 files, 0% size)
2026-05-31 09:30:38+00:00 | (18054 files, 0% size)
2026-05-31 09:30:48+00:00 | (18094 files, 0% size)
2026-05-31 09:30:58+00:00 | (18134 files, 0% size)
2026-05-31 09:31:08+00:00 | (18174 files, 0% size)
2026-05-31 09:31:18+00:00 | (18214 files, 0% size)
2026-05-31 09:31:28+00:00 | (18254 files, 0% size)
2026-05-31 09:31:38+00:00 | (18294 files, 0% size)
2026-05-31 09:31:48+00:00 | (18334 files, 0% size)
2026-05-31 09:31:58+00:00 | (18374 files, 0% size)
2026-05-31 09:32:08+00:00 | (18414 files, 0% size)
2026-05-31 09:32:18+00:00 | (18454 files, 0% size)
2026-05-31 09:32:28+00:00 | (18494 files, 0% size)
2026-05-31 09:32:38+00:00 | (18534 files, 0% size)
2026-05-31 09:32:48+00:00 | (18574 files, 0% size)
2026-05-31 09:32:58+00:00 | (18614 files, 0% size)
2026-05-31 09:33:08+00:00 | (18654 files, 0% size)
2026-05-31 09:33:18+00:00 | (18694 files, 0% size)
2026-05-31 09:33:28+00:00 | (18734 files, 0% size)
2026-05-31 09:33:38+00:00 | (18774 files, 0% size)
2026-05-31 09:33:48+00:00 | (18814 files, 0% size)
2026-05-31 09:33:58+00:00 | (18854 files, 0% size)
2026-05-31 09:34:08+00:00 | (18894 files, 0% size)
2026-05-31 09:34:18+00:00 | (18934 files, 0% size)
2026-05-31 09:34:28+00:00 | (18974 files, 0% size)
2026-05-31 09:34:38+00:00 | (19014 files, 0% size)
2026-05-31 09:34:48+00:00 | (19054 files, 0% size)
2026-05-31 09:34:58+00:00 | (19094 files, 0% size)
2026-05-31 09:35:08+00:00 | (19134 files, 0% size)
2026-05-31 09:35:18+00:00 | (19174 files, 0% size)
2026-05-31 09:35:28+00:00 | (19214 files, 0% size)
2026-05-31 09:35:38+00:00 | (19254 files, 0% size)
2026-05-31 09:35:48+00:00 | (19294 files, 0% size)
2026-05-31 09:35:58+00:00 | (19334 files, 0% size)
2026-05-31 09:36:08+00:00 | (19374 files, 0% size)
2026-05-31 09:36:18+00:00 | (19414 files, 0% size)
2026-05-31 09:36:28+00:00 | (19454 files, 0% size)
2026-05-31 09:36:38+00:00 | (19494 files, 0% size)
2026-05-31 09:36:48+00:00 | (19534 files, 0% size)
2026-05-31 09:36:58+00:00 | (19574 files, 0% size)
2026-05-31 09:37:08+00:00 | (19614 files, 0% size)
2026-05-31 09:37:18+00:00 | (19654 files, 0% size)
2026-05-31 09:37:28+00:00 | (19694 files, 0% size)
2026-05-31 09:37:38+00:00 | (19734 files, 0% size)
2026-05-31 09:37:48+00:00 | (19774 files, 0% size)
2026-05-31 09:37:58+00:00 | (19814 files, 0% size)
2026-05-31 09:38:08+00:00 | (19854 files, 0% size)
2026-05-31 09:38:18+00:00 | (19894 files, 0% size)
2026-05-31 09:38:28+00:00 | (19934 files, 0% size)
2026-05-31 09:38:38+00:00 | (19974 files, 0% size)
2026-05-31 09:38:48+00:00 | (20014 files, 0% size)
2026-05-31 09:38:58+00:00 | (20054 files, 0% size)
2026-05-31 09:39:08+00:00 | (20094 files, 0% size)
2026-05-31 09:39:18+00:00 | (20134 files, 0% size)
2026-05-31 09:39:28+00:00 | (20174 files, 0% size)
2026-05-31 09:39:38+00:00 | (20214 files, 0% size)
2026-05-31 09:39:48+00:00 | (20254 files, 0% size)
2026-05-31 09:39:58+00:00 | (20294 files, 0% size)
2026-05-31 09:40:08+00:00 | (20334 files, 0% size)
2026-05-31 09:40:18+00:00 | (20374 files, 0% size)
2026-05-31 09:40:28+00:00 | (20414 files, 0% size)
2026-05-31 09:40:38+00:00 | (20454 files, 0% size)
2026-05-31 09:40:48+00:00 | (20494 files, 0% size)
2026-05-31 09:40:58+00:00 | (20534 files, 0% size)
2026-05-31 09:41:08+00:00 | (20574 files, 0% size)
2026-05-31 09:41:18+00:00 | (20614 files, 0% size)
2026-05-31 09:41:28+00:00 | (20654 files, 0% size)
2026-05-31 09:41:38+00:00 | (20694 files, 0% size)
2026-05-31 09:41:48+00:00 | (20734 files, 0% size)
2026-05-31 09:41:58+00:00 | (20774 files, 0% size)
2026-05-31 09:42:08+00:00 | (20814 files, 0% size)
2026-05-31 09:42:18+00:00 | (20854 files, 0% size)
2026-05-31 09:42:28+00:00 | (20894 files, 0% size)
2026-05-31 09:42:38+00:00 | (20934 files, 0% size)
2026-05-31 09:42:48+00:00 | (20974 files, 0% size)
2026-05-31 09:42:58+00:00 | (21014 files, 0% size)
2026-05-31 09:43:08+00:00 | (21054 files, 0% size)
2026-05-31 09:43:18+00:00 | (21094 files, 0% size)
2026-05-31 09:43:28+00:00 | (21134 files, 0% size)
2026-05-31 09:43:38+00:00 | (21174 files, 0% size)
2026-05-31 09:43:48+00:00 | (21214 files, 0% size)
2026-05-31 09:43:58+00:00 | (21254 files, 0% size)
2026-05-31 09:44:08+00:00 | (21294 files, 0% size)
2026-05-31 09:44:18+00:00 | (21334 files, 0% size)
2026-05-31 09:44:28+00:00 | (21374 files, 0% size)
2026-05-31 09:44:38+00:00 | (21414 files, 0% size)
2026-05-31 09:44:48+00:00 | (21454 files, 0% size)
2026-05-31 09:44:58+00:00 | (21494 files, 0% size)
2026-05-31 09:45:08+00:00 | (21534 files, 0% size)
2026-05-31 09:45:18+00:00 | (21574 files, 0% size)
2026-05-31 09:45:28+00:00 | (21614 files, 0% size)
2026-05-31 09:45:38+00:00 | (21654 files, 0% size)
2026-05-31 09:45:48+00:00 | (21694 files, 0% size)
2026-05-31 09:45:58+00:00 | (21734 files, 0% size)
2026-05-31 09:46:08+00:00 | (21774 files, 0% size)
2026-05-31 09:46:18+00:00 | (21814 files, 0% size)
2026-05-31 09:46:28+00:00 | (21854 files, 0% size)
2026-05-31 09:46:38+00:00 | (21894 files, 0% size)
2026-05-31 09:46:48+00:00 | (21934 files, 0% size)
2026-05-31 09:46:58+00:00 | (21974 files, 0% size)
2026-05-31 09:47:08+00:00 | (22014 files, 0% size)
2026-05-31 09:47:18+00:00 | (22054 files, 0% size)
2026-05-31 09:47:28+00:00 | (22094 files, 0% size)
2026-05-31 09:47:38+00:00 | (22134 files, 0% size)
2026-05-31 09:47:48+00:00 | (22174 files, 0% size)
2026-05-31 09:47:58+00:00 | (22214 files, 0% size)
2026-05-31 09:48:08+00:00 | (22254 files, 0% size)
2026-05-31 09:48:18+00:00 | (22294 files, 0% size)
2026-05-31 09:48:28+00:00 | (22334 files, 0% size)
2026-05-31 09:48:38+00:00 | (22374 files, 0% size)
2026-05-31 09:48:48+00:00 | (22414 files, 0% size)
2026-05-31 09:48:58+00:00 | (22454 files, 0% size)
2026-05-31 09:49:08+00:00 | (22494 files, 0% size)
2026-05-31 09:49:18+00:00 | (22534 files, 0% size)
2026-05-31 09:49:28+00:00 | (22574 files, 0% size)
2026-05-31 09:49:38+00:00 | (22614 files, 0% size)
2026-05-31 09:49:48+00:00 | (22654 files, 0% size)
2026-05-31 09:49:58+00:00 | (22694 files, 0% size)
2026-05-31 09:50:08+00:00 | (22734 files, 0% size)
2026-05-31 09:50:18+00:00 | (22774 files, 0% size)
2026-05-31 09:50:28+00:00 | (22814 files, 0% size)
2026-05-31 09:50:38+00:00 | (22854 files, 0% size)
2026-05-31 09:50:48+00:00 | (22894 files, 0% size)
2026-05-31 09:50:58+00:00 | (22934 files, 0% size)
2026-05-31 09:51:08+00:00 | (22974 files, 0% size)
2026-05-31 09:51:18+00:00 | (23014 files, 0% size)
2026-05-31 09:51:28+00:00 | (23054 files, 0% size)
2026-05-31 09:51:38+00:00 | (23094 files, 0% size)
2026-05-31 09:51:48+00:00 | (23134 files, 0% size)
2026-05-31 09:51:58+00:00 | (23174 files, 0% size)
2026-05-31 09:52:08+00:00 | (23214 files, 0% size)
2026-05-31 09:52:18+00:00 | (23254 files, 0% size)
2026-05-31 09:52:28+00:00 | (23294 files, 0% size)
2026-05-31 09:52:38+00:00 | (23334 files, 0% size)
2026-05-31 09:52:48+00:00 | (23374 files, 0% size)
2026-05-31 09:52:58+00:00 | (23414 files, 0% size)
2026-05-31 09:53:08+00:00 | (23454 files, 0% size)
2026-05-31 09:53:18+00:00 | (23494 files, 0% size)
2026-05-31 09:53:28+00:00 | (23534 files, 0% size)
2026-05-31 09:53:38+00:00 | (23574 files, 0% size)
2026-05-31 09:53:48+00:00 | (23614 files, 0% size)
2026-05-31 09:53:58+00:00 | (23654 files, 0% size)
2026-05-31 09:54:08+00:00 | (23694 files, 0% size)
2026-05-31 09:54:18+00:00 | (23734 files, 0% size)
2026-05-31 09:54:28+00:00 | (23774 files, 0% size)
2026-05-31 09:54:38+00:00 | (23814 files, 0% size)
2026-05-31 09:54:48+00:00 | (23854 files, 0% size)
2026-05-31 09:54:58+00:00 | (23894 files, 0% size)
2026-05-31 09:55:08+00:00 | (23934 files, 0% size)
2026-05-31 09:55:18+00:00 | (23974 files, 0% size)
2026-05-31 09:55:28+00:00 | (24014 files, 0% size)
2026-05-31 09:55:38+00:00 | (24054 files, 0% size)
2026-05-31 09:55:48+00:00 | (24094 files, 0% size)
2026-05-31 09:55:58+00:00 | (24134 files, 0% size)
2026-05-31 09:56:08+00:00 | (24174 files, 0% size)
2026-05-31 09:56:18+00:00 | (24214 files, 0% size)
2026-05-31 09:56:28+00:00 | (24254 files, 0% size)
2026-05-31 09:56:38+00:00 | (24294 files, 0% size)
2026-05-31 09:56:48+00:00 | (24334 files, 0% size)
2026-05-31 09:56:58+00:00 | (24374 files, 0% size)
2026-05-31 09:57:08+00:00 | (24414 files, 0% size)
2026-05-31 09:57:18+00:00 | (24454 files, 0% size)
2026-05-31 09:57:28+00:00 | (24494 files, 0% size)
2026-05-31 09:57:38+00:00 | (24534 files, 0% size)
2026-05-31 09:57:48+00:00 | (24574 files, 0% size)
2026-05-31 09:57:58+00:00 | (24614 files, 0% size)
2026-05-31 09:58:08+00:00 | (24654 files, 0% size)
2026-05-31 09:58:18+00:00 | (24694 files, 0% size)
2026-05-31 09:58:28+00:00 | (24734 files, 0% size)
2026-05-31 09:58:38+00:00 | (24774 files, 0% size)
2026-05-31 09:58:48+00:00 | (24814 files, 0% size)
2026-05-31 09:58:58+00:00 | (24854 files, 0% size)
2026-05-31 09:59:08+00:00 | (24894 files, 0% size)
2026-05-31 09:59:18+00:00 | (24934 files, 0% size)
2026-05-31 09:59:28+00:00 | (24974 files, 1% size)
2026-05-31 09:59:38+00:00 | (25014 files, 1% size)
2026-05-31 09:59:48+00:00 | (25054 files, 1% size)
2026-05-31 09:59:58+00:00 | (25094 files, 1% size)
2026-05-31 10:00:08+00:00 | (25134 files, 1% size)
2026-05-31 10:00:18+00:00 | (25174 files, 1% size)
2026-05-31 10:00:28+00:00 | (25214 files, 1% size)
2026-05-31 10:00:38+00:00 | (25254 files, 1% size)
2026-05-31 10:00:48+00:00 | (25294 files, 1% size)
2026-05-31 10:00:58+00:00 | (25334 files, 1% size)
2026-05-31 10:01:08+00:00 | (25374 files, 1% size)
2026-05-31 10:01:18+00:00 | (25414 files, 1% size)
2026-05-31 10:01:28+00:00 | (25454 files, 1% size)
2026-05-31 10:01:38+00:00 | (25494 files, 1% size)
2026-05-31 10:01:48+00:00 | (25534 files, 1% size)
2026-05-31 10:01:58+00:00 | (25574 files, 1% size)
2026-05-31 10:02:08+00:00 | (25614 files, 1% size)
2026-05-31 10:02:18+00:00 | (25654 files, 1% size)
2026-05-31 10:02:28+00:00 | (25694 files, 1% size)
2026-05-31 10:02:38+00:00 | (25734 files, 1% size)
2026-05-31 10:02:48+00:00 | (25774 files, 1% size)
2026-05-31 10:02:58+00:00 | (25814 files, 1% size)
2026-05-31 10:03:08+00:00 | (25854 files, 1% size)
2026-05-31 10:03:18+00:00 | (25894 files, 1% size)
2026-05-31 10:03:28+00:00 | (25934 files, 1% size)
2026-05-31 10:03:38+00:00 | (25974 files, 1% size)
2026-05-31 10:03:48+00:00 | (26014 files, 1% size)
2026-05-31 10:03:58+00:00 | (26054 files, 1% size)
2026-05-31 10:04:08+00:00 | (26094 files, 1% size)
2026-05-31 10:04:18+00:00 | (26134 files, 1% size)
2026-05-31 10:04:28+00:00 | (26174 files, 1% size)
2026-05-31 10:04:38+00:00 | (26214 files, 1% size)
2026-05-31 10:04:48+00:00 | (26254 files, 1% size)
2026-05-31 10:04:58+00:00 | (26294 files, 1% size)
2026-05-31 10:05:08+00:00 | (26334 files, 1% size)
2026-05-31 10:05:18+00:00 | (26374 files, 1% size)
2026-05-31 10:05:28+00:00 | (26414 files, 1% size)
2026-05-31 10:05:38+00:00 | (26454 files, 1% size)
2026-05-31 10:05:48+00:00 | (26494 files, 1% size)
2026-05-31 10:05:58+00:00 | (26534 files, 1% size)
2026-05-31 10:06:08+00:00 | (26574 files, 1% size)
2026-05-31 10:06:18+00:00 | (26614 files, 1% size)
2026-05-31 10:06:28+00:00 | (26654 files, 1% size)
2026-05-31 10:06:38+00:00 | (26694 files, 1% size)
2026-05-31 10:06:48+00:00 | (26734 files, 1% size)
2026-05-31 10:06:58+00:00 | (26774 files, 1% size)
2026-05-31 10:07:08+00:00 | (26814 files, 1% size)
2026-05-31 10:07:18+00:00 | (26854 files, 1% size)
2026-05-31 10:07:28+00:00 | (26894 files, 1% size)
2026-05-31 10:07:38+00:00 | (26934 files, 1% size)
2026-05-31 10:07:48+00:00 | (26974 files, 1% size)
2026-05-31 10:07:58+00:00 | (27014 files, 1% size)
2026-05-31 10:08:08+00:00 | (27054 files, 1% size)
2026-05-31 10:08:18+00:00 | (27094 files, 1% size)
2026-05-31 10:08:28+00:00 | (27134 files, 1% size)
2026-05-31 10:08:38+00:00 | (27174 files, 1% size)
2026-05-31 10:08:48+00:00 | (27214 files, 1% size)
2026-05-31 10:08:58+00:00 | (27254 files, 1% size)
2026-05-31 10:09:08+00:00 | (27294 files, 1% size)
2026-05-31 10:09:18+00:00 | (27334 files, 1% size)
2026-05-31 10:09:28+00:00 | (27374 files, 1% size)
2026-05-31 10:09:38+00:00 | (27414 files, 1% size)
2026-05-31 10:09:48+00:00 | (27454 files, 1% size)
2026-05-31 10:09:58+00:00 | (27494 files, 1% size)
2026-05-31 10:10:08+00:00 | (27534 files, 1% size)
2026-05-31 10:10:18+00:00 | (27574 files, 1% size)
2026-05-31 10:10:28+00:00 | (27614 files, 1% size)
2026-05-31 10:10:38+00:00 | (27654 files, 1% size)
2026-05-31 10:10:48+00:00 | (27694 files, 1% size)
2026-05-31 10:10:58+00:00 | (27734 files, 1% size)
2026-05-31 10:11:08+00:00 | (27774 files, 1% size)
2026-05-31 10:11:18+00:00 | (27814 files, 1% size)
2026-05-31 10:11:28+00:00 | (27854 files, 1% size)
2026-05-31 10:11:38+00:00 | (27894 files, 1% size)
2026-05-31 10:11:48+00:00 | (27934 files, 1% size)
2026-05-31 10:11:58+00:00 | (27974 files, 1% size)
2026-05-31 10:12:08+00:00 | (28014 files, 1% size)
2026-05-31 10:12:18+00:00 | (28054 files, 1% size)
2026-05-31 10:12:28+00:00 | (28094 files, 1% size)
2026-05-31 10:12:38+00:00 | (28134 files, 1% size)
2026-05-31 10:12:48+00:00 | (28174 files, 1% size)
2026-05-31 10:12:58+00:00 | (28214 files, 1% size)
2026-05-31 10:13:08+00:00 | (28254 files, 1% size)
2026-05-31 10:13:18+00:00 | (28294 files, 1% size)
2026-05-31 10:13:28+00:00 | (28334 files, 1% size)
2026-05-31 10:13:38+00:00 | (28374 files, 1% size)
2026-05-31 10:13:48+00:00 | (28414 files, 1% size)
2026-05-31 10:13:58+00:00 | (28454 files, 1% size)
2026-05-31 10:14:08+00:00 | (28494 files, 1% size)
2026-05-31 10:14:18+00:00 | (28534 files, 1% size)
2026-05-31 10:14:28+00:00 | (28574 files, 1% size)
2026-05-31 10:14:38+00:00 | (28614 files, 1% size)
2026-05-31 10:14:48+00:00 | (28654 files, 1% size)
2026-05-31 10:14:58+00:00 | (28694 files, 1% size)
2026-05-31 10:15:08+00:00 | (28734 files, 1% size)
2026-05-31 10:15:18+00:00 | (28774 files, 1% size)
2026-05-31 10:15:28+00:00 | (28814 files, 1% size)
2026-05-31 10:15:38+00:00 | (28854 files, 1% size)
2026-05-31 10:15:48+00:00 | (28894 files, 1% size)
2026-05-31 10:15:58+00:00 | (28934 files, 1% size)
2026-05-31 10:16:08+00:00 | (28974 files, 1% size)
2026-05-31 10:16:18+00:00 | (29014 files, 1% size)
2026-05-31 10:16:28+00:00 | (29054 files, 1% size)
2026-05-31 10:16:38+00:00 | (29094 files, 1% size)
2026-05-31 10:16:48+00:00 | (29134 files, 1% size)
2026-05-31 10:16:58+00:00 | (29174 files, 1% size)
2026-05-31 10:17:08+00:00 | (29214 files, 1% size)
2026-05-31 10:17:18+00:00 | (29254 files, 1% size)
2026-05-31 10:17:28+00:00 | (29294 files, 1% size)
2026-05-31 10:17:38+00:00 | (29334 files, 1% size)
2026-05-31 10:17:48+00:00 | (29374 files, 1% size)
2026-05-31 10:17:58+00:00 | (29414 files, 1% size)
2026-05-31 10:18:08+00:00 | (29454 files, 1% size)
2026-05-31 10:18:18+00:00 | (29494 files, 1% size)
2026-05-31 10:18:28+00:00 | (29534 files, 1% size)
2026-05-31 10:18:38+00:00 | (29574 files, 1% size)
2026-05-31 10:18:48+00:00 | (29614 files, 1% size)
2026-05-31 10:18:58+00:00 | (29654 files, 1% size)
2026-05-31 10:19:08+00:00 | (29694 files, 1% size)
2026-05-31 10:19:18+00:00 | (29734 files, 1% size)
2026-05-31 10:19:28+00:00 | (29774 files, 1% size)
2026-05-31 10:19:38+00:00 | (29814 files, 1% size)
2026-05-31 10:19:48+00:00 | (29854 files, 1% size)
2026-05-31 10:19:58+00:00 | (29894 files, 1% size)
2026-05-31 10:20:08+00:00 | (29934 files, 1% size)
2026-05-31 10:20:18+00:00 | (29974 files, 1% size)
2026-05-31 10:20:28+00:00 | (30014 files, 1% size)
2026-05-31 10:20:38+00:00 | (30054 files, 1% size)
2026-05-31 10:20:48+00:00 | (30094 files, 1% size)
2026-05-31 10:20:58+00:00 | (30134 files, 1% size)
2026-05-31 10:21:08+00:00 | (30174 files, 1% size)
2026-05-31 10:21:18+00:00 | (30214 files, 1% size)
2026-05-31 10:21:28+00:00 | (30254 files, 1% size)
2026-05-31 10:21:38+00:00 | (30294 files, 1% size)
2026-05-31 10:21:48+00:00 | (30334 files, 1% size)
2026-05-31 10:21:58+00:00 | (30374 files, 1% size)
2026-05-31 10:22:08+00:00 | (30414 files, 1% size)
2026-05-31 10:22:18+00:00 | (30454 files, 1% size)
2026-05-31 10:22:28+00:00 | (30494 files, 1% size)
2026-05-31 10:22:38+00:00 | (30534 files, 1% size)
2026-05-31 10:22:48+00:00 | (30574 files, 1% size)
2026-05-31 10:22:58+00:00 | (30614 files, 1% size)
2026-05-31 10:23:08+00:00 | (30654 files, 1% size)
2026-05-31 10:23:18+00:00 | (30694 files, 1% size)
2026-05-31 10:23:28+00:00 | (30734 files, 1% size)
2026-05-31 10:23:38+00:00 | (30774 files, 1% size)
2026-05-31 10:23:48+00:00 | (30814 files, 1% size)
2026-05-31 10:23:58+00:00 | (30854 files, 1% size)
2026-05-31 10:24:08+00:00 | (30894 files, 1% size)
2026-05-31 10:24:18+00:00 | (30934 files, 1% size)
2026-05-31 10:24:28+00:00 | (30974 files, 1% size)
2026-05-31 10:24:38+00:00 | (31014 files, 1% size)
2026-05-31 10:24:48+00:00 | (31054 files, 1% size)
2026-05-31 10:24:58+00:00 | (31094 files, 1% size)
2026-05-31 10:25:08+00:00 | (31134 files, 1% size)
2026-05-31 10:25:18+00:00 | (31174 files, 1% size)
2026-05-31 10:25:28+00:00 | (31214 files, 1% size)
2026-05-31 10:25:38+00:00 | (31254 files, 1% size)
2026-05-31 10:25:48+00:00 | (31294 files, 1% size)
2026-05-31 10:25:58+00:00 | (31334 files, 1% size)
2026-05-31 10:26:08+00:00 | (31374 files, 1% size)
2026-05-31 10:26:18+00:00 | (31414 files, 1% size)
2026-05-31 10:26:28+00:00 | (31454 files, 1% size)
2026-05-31 10:26:38+00:00 | (31494 files, 1% size)
2026-05-31 10:26:48+00:00 | (31534 files, 1% size)
2026-05-31 10:26:58+00:00 | (31574 files, 1% size)
2026-05-31 10:27:08+00:00 | (31614 files, 1% size)
2026-05-31 10:27:18+00:00 | (31654 files, 1% size)
2026-05-31 10:27:28+00:00 | (31694 files, 1% size)
2026-05-31 10:27:38+00:00 | (31734 files, 1% size)
2026-05-31 10:27:48+00:00 | (31774 files, 1% size)
2026-05-31 10:27:58+00:00 | (31814 files, 1% size)
2026-05-31 10:28:08+00:00 | (31854 files, 1% size)
2026-05-31 10:28:18+00:00 | (31894 files, 1% size)
2026-05-31 10:28:28+00:00 | (31934 files, 1% size)
2026-05-31 10:28:38+00:00 | (31974 files, 1% size)
2026-05-31 10:28:48+00:00 | (32014 files, 1% size)
2026-05-31 10:28:58+00:00 | (32054 files, 1% size)
2026-05-31 10:29:08+00:00 | (32094 files, 1% size)
2026-05-31 10:29:18+00:00 | (32134 files, 1% size)
2026-05-31 10:29:28+00:00 | (32174 files, 1% size)
2026-05-31 10:29:38+00:00 | (32214 files, 1% size)
2026-05-31 10:29:48+00:00 | (32254 files, 1% size)
2026-05-31 10:29:58+00:00 | (32294 files, 1% size)
2026-05-31 10:30:08+00:00 | (32334 files, 1% size)
2026-05-31 10:30:18+00:00 | (32374 files, 1% size)
2026-05-31 10:30:28+00:00 | (32414 files, 1% size)
2026-05-31 10:30:38+00:00 | (32454 files, 1% size)
2026-05-31 10:30:48+00:00 | (32494 files, 1% size)
2026-05-31 10:30:58+00:00 | (32534 files, 1% size)
2026-05-31 10:31:08+00:00 | (32574 files, 1% size)
2026-05-31 10:31:18+00:00 | (32614 files, 1% size)
2026-05-31 10:31:28+00:00 | (32654 files, 1% size)
2026-05-31 10:31:38+00:00 | (32694 files, 1% size)
2026-05-31 10:31:48+00:00 | (32734 files, 1% size)
2026-05-31 10:31:58+00:00 | (32774 files, 1% size)
2026-05-31 10:32:08+00:00 | (32814 files, 1% size)
2026-05-31 10:32:18+00:00 | (32854 files, 1% size)
2026-05-31 10:32:28+00:00 | (32894 files, 1% size)
2026-05-31 10:32:38+00:00 | (32934 files, 1% size)
2026-05-31 10:32:48+00:00 | (32974 files, 1% size)
2026-05-31 10:32:58+00:00 | (33014 files, 1% size)
2026-05-31 10:33:08+00:00 | (33054 files, 1% size)
2026-05-31 10:33:18+00:00 | (33094 files, 1% size)
2026-05-31 10:33:28+00:00 | (33134 files, 1% size)
2026-05-31 10:33:38+00:00 | (33174 files, 1% size)
2026-05-31 10:33:48+00:00 | (33214 files, 1% size)
2026-05-31 10:33:58+00:00 | (33254 files, 1% size)
2026-05-31 10:34:08+00:00 | (33294 files, 1% size)
2026-05-31 10:34:18+00:00 | (33334 files, 1% size)
2026-05-31 10:34:28+00:00 | (33374 files, 1% size)
2026-05-31 10:34:38+00:00 | (33414 files, 1% size)
2026-05-31 10:34:48+00:00 | (33454 files, 1% size)
2026-05-31 10:34:58+00:00 | (33494 files, 1% size)
2026-05-31 10:35:08+00:00 | (33534 files, 1% size)
2026-05-31 10:35:18+00:00 | (33574 files, 1% size)
2026-05-31 10:35:28+00:00 | (33614 files, 1% size)
2026-05-31 10:35:38+00:00 | (33654 files, 1% size)
2026-05-31 10:35:48+00:00 | (33694 files, 1% size)
2026-05-31 10:35:58+00:00 | (33734 files, 1% size)
2026-05-31 10:36:08+00:00 | (33774 files, 1% size)
2026-05-31 10:36:18+00:00 | (33814 files, 1% size)
2026-05-31 10:36:28+00:00 | (33854 files, 1% size)
2026-05-31 10:36:38+00:00 | (33894 files, 1% size)
2026-05-31 10:36:48+00:00 | (33934 files, 1% size)
2026-05-31 10:36:58+00:00 | (33974 files, 1% size)
2026-05-31 10:37:08+00:00 | (34014 files, 1% size)
2026-05-31 10:37:18+00:00 | (34054 files, 1% size)
2026-05-31 10:37:28+00:00 | (34094 files, 1% size)
2026-05-31 10:37:38+00:00 | (34134 files, 1% size)
2026-05-31 10:37:48+00:00 | (34174 files, 1% size)
2026-05-31 10:37:58+00:00 | (34214 files, 1% size)
2026-05-31 10:38:08+00:00 | (34254 files, 1% size)
2026-05-31 10:38:18+00:00 | (34294 files, 1% size)
2026-05-31 10:38:28+00:00 | (34334 files, 1% size)
2026-05-31 10:38:38+00:00 | (34374 files, 1% size)
2026-05-31 10:38:48+00:00 | (34414 files, 1% size)
2026-05-31 10:38:58+00:00 | (34454 files, 1% size)
2026-05-31 10:39:08+00:00 | (34494 files, 1% size)
2026-05-31 10:39:18+00:00 | (34534 files, 1% size)
2026-05-31 10:39:28+00:00 | (34574 files, 1% size)
2026-05-31 10:39:38+00:00 | (34614 files, 1% size)
2026-05-31 10:39:48+00:00 | (34654 files, 1% size)
2026-05-31 10:39:58+00:00 | (34694 files, 1% size)
2026-05-31 10:40:08+00:00 | (34734 files, 1% size)
2026-05-31 10:40:18+00:00 | (34774 files, 1% size)
2026-05-31 10:40:28+00:00 | (34814 files, 1% size)
2026-05-31 10:40:38+00:00 | (34854 files, 1% size)
2026-05-31 10:40:48+00:00 | (34894 files, 1% size)
2026-05-31 10:40:58+00:00 | (34934 files, 1% size)
2026-05-31 10:41:08+00:00 | (34974 files, 1% size)
2026-05-31 10:41:18+00:00 | (35014 files, 1% size)
2026-05-31 10:41:28+00:00 | (35054 files, 1% size)
2026-05-31 10:41:38+00:00 | (35094 files, 1% size)
2026-05-31 10:41:48+00:00 | (35134 files, 1% size)
2026-05-31 10:41:58+00:00 | (35174 files, 1% size)
2026-05-31 10:42:08+00:00 | (35214 files, 1% size)
2026-05-31 10:42:18+00:00 | (35254 files, 1% size)
2026-05-31 10:42:28+00:00 | (35294 files, 1% size)
2026-05-31 10:42:38+00:00 | (35334 files, 1% size)
2026-05-31 10:42:48+00:00 | (35374 files, 1% size)
2026-05-31 10:42:58+00:00 | (35414 files, 1% size)
2026-05-31 10:43:08+00:00 | (35454 files, 1% size)
2026-05-31 10:43:18+00:00 | (35494 files, 1% size)
2026-05-31 10:43:28+00:00 | (35534 files, 1% size)
2026-05-31 10:43:38+00:00 | (35574 files, 1% size)
2026-05-31 10:43:48+00:00 | (35614 files, 1% size)
2026-05-31 10:43:58+00:00 | (35654 files, 1% size)
2026-05-31 10:44:08+00:00 | (35694 files, 1% size)
2026-05-31 10:44:18+00:00 | (35734 files, 1% size)
2026-05-31 10:44:28+00:00 | (35774 files, 1% size)
2026-05-31 10:44:38+00:00 | (35814 files, 1% size)
2026-05-31 10:44:48+00:00 | (35854 files, 1% size)
2026-05-31 10:44:58+00:00 | (35894 files, 1% size)
2026-05-31 10:45:08+00:00 | (35934 files, 1% size)
2026-05-31 10:45:18+00:00 | (35974 files, 1% size)
2026-05-31 10:45:28+00:00 | (36014 files, 1% size)
2026-05-31 10:45:38+00:00 | (36054 files, 1% size)
2026-05-31 10:45:48+00:00 | (36094 files, 1% size)
2026-05-31 10:45:58+00:00 | (36134 files, 1% size)
2026-05-31 10:46:08+00:00 | (36174 files, 1% size)
2026-05-31 10:46:18+00:00 | (36214 files, 1% size)
2026-05-31 10:46:28+00:00 | (36254 files, 1% size)
2026-05-31 10:46:38+00:00 | (36294 files, 1% size)
2026-05-31 10:46:48+00:00 | (36334 files, 1% size)
2026-05-31 10:46:58+00:00 | (36374 files, 1% size)
2026-05-31 10:47:08+00:00 | (36414 files, 1% size)
2026-05-31 10:47:18+00:00 | (36454 files, 1% size)
2026-05-31 10:47:28+00:00 | (36494 files, 1% size)
2026-05-31 10:47:38+00:00 | (36534 files, 1% size)
2026-05-31 10:47:48+00:00 | (36574 files, 1% size)
2026-05-31 10:47:58+00:00 | (36614 files, 1% size)
2026-05-31 10:48:08+00:00 | (36654 files, 1% size)
2026-05-31 10:48:18+00:00 | (36694 files, 1% size)
2026-05-31 10:48:28+00:00 | (36734 files, 1% size)
2026-05-31 10:48:38+00:00 | (36774 files, 1% size)
2026-05-31 10:48:48+00:00 | (36814 files, 1% size)
2026-05-31 10:48:58+00:00 | (36850 files, 1% size)
2026-05-31 10:49:08+00:00 | (36890 files, 1% size)
2026-05-31 10:49:18+00:00 | (36930 files, 1% size)
2026-05-31 10:49:28+00:00 | (36970 files, 1% size)
2026-05-31 10:49:38+00:00 | (37010 files, 1% size)
2026-05-31 10:49:48+00:00 | (37050 files, 1% size)
2026-05-31 10:49:58+00:00 | (37090 files, 1% size)
2026-05-31 10:50:08+00:00 | (37130 files, 1% size)
2026-05-31 10:50:18+00:00 | (37170 files, 1% size)
2026-05-31 10:50:28+00:00 | (37212 files, 1% size)
2026-05-31 10:50:38+00:00 | (37254 files, 1% size)
2026-05-31 10:50:48+00:00 | (37294 files, 1% size)
2026-05-31 10:50:58+00:00 | (37334 files, 1% size)
2026-05-31 10:51:08+00:00 | (37374 files, 1% size)
2026-05-31 10:51:18+00:00 | (37414 files, 1% size)
2026-05-31 10:51:28+00:00 | (37454 files, 1% size)
2026-05-31 10:51:38+00:00 | (37494 files, 1% size)
2026-05-31 10:51:48+00:00 | (37534 files, 1% size)
2026-05-31 10:51:58+00:00 | (37574 files, 1% size)
2026-05-31 10:52:08+00:00 | (37614 files, 1% size)
2026-05-31 10:52:18+00:00 | (37654 files, 1% size)
2026-05-31 10:52:28+00:00 | (37694 files, 1% size)
2026-05-31 10:52:38+00:00 | (37734 files, 1% size)
2026-05-31 10:52:48+00:00 | (37774 files, 1% size)
2026-05-31 10:52:58+00:00 | (37814 files, 1% size)
2026-05-31 10:53:08+00:00 | (37854 files, 1% size)
2026-05-31 10:53:18+00:00 | (37894 files, 1% size)
2026-05-31 10:53:28+00:00 | (37934 files, 1% size)
2026-05-31 10:53:38+00:00 | (37974 files, 1% size)
2026-05-31 10:53:48+00:00 | (38014 files, 1% size)
2026-05-31 10:53:58+00:00 | (38054 files, 1% size)
2026-05-31 10:54:08+00:00 | (38094 files, 1% size)
2026-05-31 10:54:18+00:00 | (38134 files, 1% size)
2026-05-31 10:54:28+00:00 | (38174 files, 1% size)
2026-05-31 10:54:38+00:00 | (38214 files, 1% size)
2026-05-31 10:54:48+00:00 | (38254 files, 1% size)
2026-05-31 10:54:58+00:00 | (38294 files, 1% size)
2026-05-31 10:55:08+00:00 | (38334 files, 1% size)
2026-05-31 10:55:18+00:00 | (38374 files, 1% size)
2026-05-31 10:55:28+00:00 | (38414 files, 1% size)
2026-05-31 10:55:38+00:00 | (38454 files, 1% size)
2026-05-31 10:55:48+00:00 | (38494 files, 1% size)
2026-05-31 10:55:58+00:00 | (38534 files, 1% size)
2026-05-31 10:56:08+00:00 | (38574 files, 1% size)
2026-05-31 10:56:18+00:00 | (38614 files, 1% size)
2026-05-31 10:56:28+00:00 | (38654 files, 1% size)
2026-05-31 10:56:38+00:00 | (38694 files, 1% size)
2026-05-31 10:56:48+00:00 | (38734 files, 1% size)
2026-05-31 10:56:58+00:00 | (38774 files, 1% size)
2026-05-31 10:57:08+00:00 | (38814 files, 1% size)
2026-05-31 10:57:18+00:00 | (38854 files, 1% size)
2026-05-31 10:57:28+00:00 | (38894 files, 1% size)
2026-05-31 10:57:38+00:00 | (38934 files, 1% size)
2026-05-31 10:57:48+00:00 | (38974 files, 1% size)
2026-05-31 10:57:58+00:00 | (39014 files, 1% size)
2026-05-31 10:58:08+00:00 | (39054 files, 1% size)
2026-05-31 10:58:18+00:00 | (39094 files, 1% size)
2026-05-31 10:58:28+00:00 | (39134 files, 1% size)
2026-05-31 10:58:38+00:00 | (39174 files, 1% size)
2026-05-31 10:58:48+00:00 | (39214 files, 1% size)
2026-05-31 10:58:58+00:00 | (39254 files, 1% size)
2026-05-31 10:59:08+00:00 | (39294 files, 1% size)
2026-05-31 10:59:18+00:00 | (39334 files, 1% size)
2026-05-31 10:59:28+00:00 | (39374 files, 1% size)
2026-05-31 10:59:38+00:00 | (39414 files, 1% size)
2026-05-31 10:59:48+00:00 | (39454 files, 1% size)
2026-05-31 10:59:58+00:00 | (39494 files, 1% size)
2026-05-31 11:00:08+00:00 | (39534 files, 1% size)
2026-05-31 11:00:18+00:00 | (39574 files, 1% size)
2026-05-31 11:00:28+00:00 | (39614 files, 1% size)
2026-05-31 11:00:38+00:00 | (39654 files, 1% size)
2026-05-31 11:00:48+00:00 | (39694 files, 1% size)
2026-05-31 11:00:58+00:00 | (39734 files, 1% size)
2026-05-31 11:01:08+00:00 | (39774 files, 1% size)
2026-05-31 11:01:18+00:00 | (39814 files, 1% size)
2026-05-31 11:01:28+00:00 | (39854 files, 1% size)
2026-05-31 11:01:38+00:00 | (39894 files, 1% size)
2026-05-31 11:01:48+00:00 | (39934 files, 1% size)
2026-05-31 11:01:58+00:00 | (39974 files, 1% size)
2026-05-31 11:02:08+00:00 | (40014 files, 1% size)
2026-05-31 11:02:18+00:00 | (40054 files, 1% size)
2026-05-31 11:02:28+00:00 | (40094 files, 1% size)
2026-05-31 11:02:38+00:00 | (40134 files, 1% size)
2026-05-31 11:02:48+00:00 | (40174 files, 1% size)
2026-05-31 11:02:58+00:00 | (40214 files, 1% size)
2026-05-31 11:03:08+00:00 | (40254 files, 1% size)
2026-05-31 11:03:18+00:00 | (40294 files, 1% size)
2026-05-31 11:03:28+00:00 | (40334 files, 1% size)
2026-05-31 11:03:38+00:00 | (40374 files, 1% size)
2026-05-31 11:03:48+00:00 | (40414 files, 1% size)
2026-05-31 11:03:58+00:00 | (40454 files, 1% size)
2026-05-31 11:04:08+00:00 | (40494 files, 1% size)
2026-05-31 11:04:18+00:00 | (40534 files, 1% size)
2026-05-31 11:04:28+00:00 | (40574 files, 1% size)
2026-05-31 11:04:38+00:00 | (40614 files, 1% size)
2026-05-31 11:04:48+00:00 | (40654 files, 1% size)
2026-05-31 11:04:58+00:00 | (40694 files, 1% size)
2026-05-31 11:05:08+00:00 | (40734 files, 1% size)
2026-05-31 11:05:18+00:00 | (40774 files, 1% size)
2026-05-31 11:05:28+00:00 | (40814 files, 1% size)
2026-05-31 11:05:38+00:00 | (40854 files, 1% size)
2026-05-31 11:05:48+00:00 | (40894 files, 1% size)
2026-05-31 11:05:58+00:00 | (40934 files, 1% size)
2026-05-31 11:06:08+00:00 | (40974 files, 1% size)
2026-05-31 11:06:18+00:00 | (41014 files, 1% size)
2026-05-31 11:06:28+00:00 | (41054 files, 1% size)
2026-05-31 11:06:38+00:00 | (41094 files, 1% size)
2026-05-31 11:06:48+00:00 | (41134 files, 1% size)
2026-05-31 11:06:58+00:00 | (41174 files, 1% size)
2026-05-31 11:07:08+00:00 | (41214 files, 1% size)
2026-05-31 11:07:18+00:00 | (41254 files, 1% size)
2026-05-31 11:07:28+00:00 | (41294 files, 1% size)
2026-05-31 11:07:38+00:00 | (41334 files, 1% size)
2026-05-31 11:07:48+00:00 | (41374 files, 1% size)
2026-05-31 11:07:58+00:00 | (41414 files, 1% size)
2026-05-31 11:08:08+00:00 | (41454 files, 1% size)
2026-05-31 11:08:18+00:00 | (41494 files, 1% size)
2026-05-31 11:08:28+00:00 | (41534 files, 1% size)
2026-05-31 11:08:38+00:00 | (41574 files, 1% size)
2026-05-31 11:08:48+00:00 | (41614 files, 1% size)
2026-05-31 11:08:58+00:00 | (41654 files, 1% size)
2026-05-31 11:09:08+00:00 | (41694 files, 1% size)
2026-05-31 11:09:18+00:00 | (41734 files, 1% size)
2026-05-31 11:09:28+00:00 | (41774 files, 1% size)
2026-05-31 11:09:38+00:00 | (41814 files, 1% size)
2026-05-31 11:09:48+00:00 | (41854 files, 1% size)
2026-05-31 11:09:58+00:00 | (41894 files, 1% size)
2026-05-31 11:10:08+00:00 | (41934 files, 1% size)
2026-05-31 11:10:18+00:00 | (41974 files, 1% size)
2026-05-31 11:10:28+00:00 | (42014 files, 1% size)
2026-05-31 11:10:38+00:00 | (42054 files, 1% size)
2026-05-31 11:10:48+00:00 | (42094 files, 1% size)
2026-05-31 11:10:58+00:00 | (42134 files, 1% size)
2026-05-31 11:11:08+00:00 | (42174 files, 1% size)
2026-05-31 11:11:18+00:00 | (42214 files, 1% size)
2026-05-31 11:11:28+00:00 | (42254 files, 1% size)
2026-05-31 11:11:38+00:00 | (42294 files, 1% size)
2026-05-31 11:11:48+00:00 | (42334 files, 1% size)
2026-05-31 11:11:58+00:00 | (42374 files, 1% size)
2026-05-31 11:12:08+00:00 | (42414 files, 1% size)
2026-05-31 11:12:18+00:00 | (42454 files, 1% size)
2026-05-31 11:12:28+00:00 | (42494 files, 1% size)
2026-05-31 11:12:38+00:00 | (42534 files, 1% size)
2026-05-31 11:12:48+00:00 | (42574 files, 1% size)
2026-05-31 11:12:58+00:00 | (42614 files, 1% size)
2026-05-31 11:13:08+00:00 | (42654 files, 1% size)
2026-05-31 11:13:18+00:00 | (42694 files, 1% size)
2026-05-31 11:13:28+00:00 | (42734 files, 1% size)
2026-05-31 11:13:38+00:00 | (42774 files, 1% size)
2026-05-31 11:13:48+00:00 | (42814 files, 1% size)
2026-05-31 11:13:58+00:00 | (42854 files, 1% size)
2026-05-31 11:14:08+00:00 | (42894 files, 1% size)
2026-05-31 11:14:18+00:00 | (42934 files, 1% size)
2026-05-31 11:14:28+00:00 | (42974 files, 1% size)
2026-05-31 11:14:38+00:00 | (43014 files, 1% size)
2026-05-31 11:14:48+00:00 | (43054 files, 1% size)
2026-05-31 11:14:58+00:00 | (43094 files, 1% size)
2026-05-31 11:15:08+00:00 | (43134 files, 1% size)
2026-05-31 11:15:18+00:00 | (43174 files, 1% size)
2026-05-31 11:15:28+00:00 | (43214 files, 1% size)
2026-05-31 11:15:38+00:00 | (43254 files, 1% size)
2026-05-31 11:15:48+00:00 | (43294 files, 1% size)
2026-05-31 11:15:58+00:00 | (43334 files, 1% size)
2026-05-31 11:16:08+00:00 | (43374 files, 1% size)
2026-05-31 11:16:18+00:00 | (43414 files, 1% size)
2026-05-31 11:16:28+00:00 | (43454 files, 1% size)
2026-05-31 11:16:38+00:00 | (43494 files, 1% size)
2026-05-31 11:16:48+00:00 | (43534 files, 1% size)
2026-05-31 11:16:58+00:00 | (43574 files, 1% size)
2026-05-31 11:17:08+00:00 | (43614 files, 1% size)
2026-05-31 11:17:18+00:00 | (43654 files, 1% size)
2026-05-31 11:17:28+00:00 | (43694 files, 1% size)
2026-05-31 11:17:38+00:00 | (43734 files, 1% size)
2026-05-31 11:17:48+00:00 | (43774 files, 1% size)
2026-05-31 11:17:58+00:00 | (43814 files, 1% size)
2026-05-31 11:18:08+00:00 | (43854 files, 1% size)
2026-05-31 11:18:18+00:00 | (43894 files, 1% size)
2026-05-31 11:18:28+00:00 | (43934 files, 1% size)
2026-05-31 11:18:38+00:00 | (43974 files, 1% size)
2026-05-31 11:18:48+00:00 | (44014 files, 1% size)
2026-05-31 11:18:58+00:00 | (44054 files, 1% size)
2026-05-31 11:19:08+00:00 | (44094 files, 1% size)
2026-05-31 11:19:18+00:00 | (44134 files, 1% size)
2026-05-31 11:19:28+00:00 | (44174 files, 1% size)
2026-05-31 11:19:38+00:00 | (44214 files, 1% size)
2026-05-31 11:19:48+00:00 | (44254 files, 1% size)
2026-05-31 11:19:58+00:00 | (44294 files, 1% size)
2026-05-31 11:20:08+00:00 | (44334 files, 1% size)
2026-05-31 11:20:18+00:00 | (44374 files, 1% size)
2026-05-31 11:20:28+00:00 | (44414 files, 1% size)
2026-05-31 11:20:38+00:00 | (44454 files, 1% size)
2026-05-31 11:20:48+00:00 | (44494 files, 1% size)
2026-05-31 11:20:58+00:00 | (44534 files, 1% size)
2026-05-31 11:21:08+00:00 | (44574 files, 1% size)
2026-05-31 11:21:18+00:00 | (44614 files, 1% size)
2026-05-31 11:21:28+00:00 | (44654 files, 1% size)
2026-05-31 11:21:38+00:00 | (44694 files, 1% size)
2026-05-31 11:21:48+00:00 | (44734 files, 1% size)
2026-05-31 11:21:58+00:00 | (44774 files, 1% size)
2026-05-31 11:22:08+00:00 | (44814 files, 1% size)
2026-05-31 11:22:18+00:00 | (44854 files, 1% size)
2026-05-31 11:22:28+00:00 | (44894 files, 1% size)
2026-05-31 11:22:38+00:00 | (44934 files, 1% size)
2026-05-31 11:22:48+00:00 | (44974 files, 1% size)
2026-05-31 11:22:58+00:00 | (45014 files, 1% size)
2026-05-31 11:23:08+00:00 | (45054 files, 1% size)
2026-05-31 11:23:18+00:00 | (45094 files, 1% size)
2026-05-31 11:23:28+00:00 | (45134 files, 1% size)
2026-05-31 11:23:38+00:00 | (45174 files, 1% size)
2026-05-31 11:23:48+00:00 | (45214 files, 1% size)
2026-05-31 11:23:58+00:00 | (45254 files, 1% size)
2026-05-31 11:24:08+00:00 | (45294 files, 1% size)
2026-05-31 11:24:18+00:00 | (45334 files, 1% size)
2026-05-31 11:24:28+00:00 | (45374 files, 1% size)
2026-05-31 11:24:38+00:00 | (45414 files, 1% size)
2026-05-31 11:24:48+00:00 | (45454 files, 1% size)
2026-05-31 11:24:58+00:00 | (45494 files, 1% size)
2026-05-31 11:25:08+00:00 | (45534 files, 1% size)
2026-05-31 11:25:18+00:00 | (45574 files, 1% size)
2026-05-31 11:25:28+00:00 | (45614 files, 1% size)
2026-05-31 11:25:38+00:00 | (45654 files, 1% size)
2026-05-31 11:25:48+00:00 | (45694 files, 1% size)
2026-05-31 11:25:58+00:00 | (45734 files, 1% size)
2026-05-31 11:26:08+00:00 | (45774 files, 1% size)
2026-05-31 11:26:18+00:00 | (45814 files, 1% size)
2026-05-31 11:26:28+00:00 | (45854 files, 1% size)
2026-05-31 11:26:38+00:00 | (45894 files, 1% size)
2026-05-31 11:26:48+00:00 | (45934 files, 1% size)
2026-05-31 11:26:58+00:00 | (45974 files, 1% size)
2026-05-31 11:27:08+00:00 | (46014 files, 1% size)
2026-05-31 11:27:18+00:00 | (46054 files, 1% size)
2026-05-31 11:27:28+00:00 | (46094 files, 1% size)
2026-05-31 11:27:38+00:00 | (46134 files, 1% size)
2026-05-31 11:27:48+00:00 | (46174 files, 1% size)
2026-05-31 11:27:58+00:00 | (46214 files, 1% size)
2026-05-31 11:28:08+00:00 | (46254 files, 1% size)
2026-05-31 11:28:18+00:00 | (46294 files, 1% size)
2026-05-31 11:28:28+00:00 | (46334 files, 1% size)
2026-05-31 11:28:38+00:00 | (46374 files, 1% size)
2026-05-31 11:28:48+00:00 | (46414 files, 1% size)
2026-05-31 11:28:58+00:00 | (46454 files, 1% size)
2026-05-31 11:29:08+00:00 | (46494 files, 1% size)
2026-05-31 11:29:18+00:00 | (46534 files, 1% size)
2026-05-31 11:29:28+00:00 | (46574 files, 1% size)
2026-05-31 11:29:38+00:00 | (46614 files, 1% size)
2026-05-31 11:29:48+00:00 | (46654 files, 1% size)
2026-05-31 11:29:58+00:00 | (46694 files, 1% size)
2026-05-31 11:30:08+00:00 | (46734 files, 1% size)
2026-05-31 11:30:18+00:00 | (46774 files, 1% size)
2026-05-31 11:30:28+00:00 | (46814 files, 1% size)
2026-05-31 11:30:38+00:00 | (46854 files, 1% size)
2026-05-31 11:30:48+00:00 | (46894 files, 1% size)
2026-05-31 11:30:58+00:00 | (46934 files, 1% size)
2026-05-31 11:31:08+00:00 | (46974 files, 1% size)
2026-05-31 11:31:18+00:00 | (47014 files, 1% size)
2026-05-31 11:31:28+00:00 | (47054 files, 1% size)
2026-05-31 11:31:38+00:00 | (47094 files, 1% size)
2026-05-31 11:31:48+00:00 | (47134 files, 1% size)
2026-05-31 11:31:58+00:00 | (47174 files, 1% size)
2026-05-31 11:32:08+00:00 | (47214 files, 1% size)
2026-05-31 11:32:18+00:00 | (47254 files, 1% size)
2026-05-31 11:32:28+00:00 | (47294 files, 1% size)
2026-05-31 11:32:38+00:00 | (47334 files, 1% size)
2026-05-31 11:32:48+00:00 | (47374 files, 1% size)
2026-05-31 11:32:58+00:00 | (47414 files, 1% size)
2026-05-31 11:33:08+00:00 | (47454 files, 1% size)
2026-05-31 11:33:18+00:00 | (47494 files, 1% size)
2026-05-31 11:33:28+00:00 | (47534 files, 1% size)
2026-05-31 11:33:38+00:00 | (47574 files, 1% size)
2026-05-31 11:33:48+00:00 | (47614 files, 1% size)
2026-05-31 11:33:58+00:00 | (47654 files, 1% size)
2026-05-31 11:34:08+00:00 | (47694 files, 1% size)
2026-05-31 11:34:18+00:00 | (47734 files, 1% size)
2026-05-31 11:34:28+00:00 | (47774 files, 1% size)
2026-05-31 11:34:38+00:00 | (47814 files, 1% size)
2026-05-31 11:34:48+00:00 | (47854 files, 1% size)
2026-05-31 11:34:58+00:00 | (47894 files, 1% size)
2026-05-31 11:35:08+00:00 | (47934 files, 1% size)
2026-05-31 11:35:18+00:00 | (47974 files, 1% size)
2026-05-31 11:35:28+00:00 | (48014 files, 1% size)
2026-05-31 11:35:38+00:00 | (48054 files, 1% size)
2026-05-31 11:35:48+00:00 | (48094 files, 1% size)
2026-05-31 11:35:58+00:00 | (48134 files, 1% size)
2026-05-31 11:36:08+00:00 | (48174 files, 1% size)
2026-05-31 11:36:18+00:00 | (48214 files, 1% size)
2026-05-31 11:36:28+00:00 | (48254 files, 1% size)
2026-05-31 11:36:38+00:00 | (48294 files, 1% size)
2026-05-31 11:36:48+00:00 | (48334 files, 1% size)
2026-05-31 11:36:58+00:00 | (48374 files, 1% size)
2026-05-31 11:37:08+00:00 | (48414 files, 1% size)
2026-05-31 11:37:18+00:00 | (48454 files, 1% size)
2026-05-31 11:37:28+00:00 | (48494 files, 1% size)
2026-05-31 11:37:38+00:00 | (48534 files, 1% size)
2026-05-31 11:37:48+00:00 | (48574 files, 1% size)
2026-05-31 11:37:58+00:00 | (48614 files, 1% size)
2026-05-31 11:38:08+00:00 | (48654 files, 1% size)
2026-05-31 11:38:18+00:00 | (48694 files, 1% size)
2026-05-31 11:38:28+00:00 | (48734 files, 1% size)
2026-05-31 11:38:38+00:00 | (48774 files, 1% size)
2026-05-31 11:38:48+00:00 | (48814 files, 1% size)
2026-05-31 11:38:58+00:00 | (48854 files, 1% size)
2026-05-31 11:39:08+00:00 | (48894 files, 1% size)
2026-05-31 11:39:18+00:00 | (48934 files, 1% size)
2026-05-31 11:39:28+00:00 | (48974 files, 1% size)
2026-05-31 11:39:38+00:00 | (49014 files, 1% size)
2026-05-31 11:39:48+00:00 | (49054 files, 1% size)
2026-05-31 11:39:58+00:00 | (49094 files, 1% size)
2026-05-31 11:40:08+00:00 | (49134 files, 1% size)
2026-05-31 11:40:18+00:00 | (49174 files, 1% size)
2026-05-31 11:40:28+00:00 | (49214 files, 1% size)
2026-05-31 11:40:38+00:00 | (49254 files, 1% size)
2026-05-31 11:40:48+00:00 | (49294 files, 1% size)
2026-05-31 11:40:58+00:00 | (49334 files, 1% size)
2026-05-31 11:41:08+00:00 | (49374 files, 1% size)
2026-05-31 11:41:18+00:00 | (49414 files, 1% size)
2026-05-31 11:41:28+00:00 | (49454 files, 1% size)
2026-05-31 11:41:38+00:00 | (49494 files, 1% size)
2026-05-31 11:41:48+00:00 | (49534 files, 1% size)
2026-05-31 11:41:58+00:00 | (49574 files, 1% size)
2026-05-31 11:42:08+00:00 | (49614 files, 1% size)
2026-05-31 11:42:18+00:00 | (49654 files, 1% size)
2026-05-31 11:42:28+00:00 | (49694 files, 1% size)
2026-05-31 11:42:38+00:00 | (49734 files, 1% size)
2026-05-31 11:42:48+00:00 | (49774 files, 1% size)
2026-05-31 11:42:58+00:00 | (49814 files, 1% size)
2026-05-31 11:43:08+00:00 | (49854 files, 1% size)
2026-05-31 11:43:18+00:00 | (49894 files, 1% size)
2026-05-31 11:43:28+00:00 | (49934 files, 2% size)
2026-05-31 11:43:38+00:00 | (49974 files, 2% size)
2026-05-31 11:43:48+00:00 | (50014 files, 2% size)
2026-05-31 11:43:58+00:00 | (50054 files, 2% size)
2026-05-31 11:44:08+00:00 | (50094 files, 2% size)
2026-05-31 11:44:18+00:00 | (50134 files, 2% size)
2026-05-31 11:44:28+00:00 | (50174 files, 2% size)
2026-05-31 11:44:38+00:00 | (50214 files, 2% size)
2026-05-31 11:44:48+00:00 | (50254 files, 2% size)
2026-05-31 11:44:58+00:00 | (50294 files, 2% size)
2026-05-31 11:45:08+00:00 | (50334 files, 2% size)
2026-05-31 11:45:18+00:00 | (50374 files, 2% size)
2026-05-31 11:45:28+00:00 | (50414 files, 2% size)
2026-05-31 11:45:38+00:00 | (50454 files, 2% size)
2026-05-31 11:45:48+00:00 | (50494 files, 2% size)
2026-05-31 11:45:58+00:00 | (50534 files, 2% size)
2026-05-31 11:46:08+00:00 | (50574 files, 2% size)
2026-05-31 11:46:18+00:00 | (50614 files, 2% size)
2026-05-31 11:46:28+00:00 | (50654 files, 2% size)
2026-05-31 11:46:38+00:00 | (50694 files, 2% size)
2026-05-31 11:46:48+00:00 | (50734 files, 2% size)
2026-05-31 11:46:58+00:00 | (50774 files, 2% size)
2026-05-31 11:47:08+00:00 | (50814 files, 2% size)
2026-05-31 11:47:18+00:00 | (50854 files, 2% size)
2026-05-31 11:47:28+00:00 | (50894 files, 2% size)
2026-05-31 11:47:38+00:00 | (50934 files, 2% size)
2026-05-31 11:47:48+00:00 | (50974 files, 2% size)
2026-05-31 11:47:58+00:00 | (51014 files, 2% size)
2026-05-31 11:48:08+00:00 | (51054 files, 2% size)
2026-05-31 11:48:18+00:00 | (51094 files, 2% size)
2026-05-31 11:48:28+00:00 | (51134 files, 2% size)
2026-05-31 11:48:38+00:00 | (51174 files, 2% size)
2026-05-31 11:48:48+00:00 | (51214 files, 2% size)
2026-05-31 11:48:58+00:00 | (51254 files, 2% size)
2026-05-31 11:49:08+00:00 | (51294 files, 2% size)
2026-05-31 11:49:18+00:00 | (51334 files, 2% size)
2026-05-31 11:49:28+00:00 | (51374 files, 2% size)
2026-05-31 11:49:38+00:00 | (51414 files, 2% size)
2026-05-31 11:49:48+00:00 | (51454 files, 2% size)
2026-05-31 11:49:58+00:00 | (51494 files, 2% size)
2026-05-31 11:50:08+00:00 | (51534 files, 2% size)
2026-05-31 11:50:18+00:00 | (51574 files, 2% size)
2026-05-31 11:50:28+00:00 | (51614 files, 2% size)
2026-05-31 11:50:38+00:00 | (51654 files, 2% size)
2026-05-31 11:50:48+00:00 | (51694 files, 2% size)
2026-05-31 11:50:58+00:00 | (51734 files, 2% size)
2026-05-31 11:51:08+00:00 | (51774 files, 2% size)
2026-05-31 11:51:18+00:00 | (51814 files, 2% size)
2026-05-31 11:51:28+00:00 | (51854 files, 2% size)
2026-05-31 11:51:38+00:00 | (51894 files, 2% size)
2026-05-31 11:51:48+00:00 | (51934 files, 2% size)
2026-05-31 11:51:58+00:00 | (51974 files, 2% size)
2026-05-31 11:52:08+00:00 | (52014 files, 2% size)
2026-05-31 11:52:18+00:00 | (52054 files, 2% size)
2026-05-31 11:52:28+00:00 | (52094 files, 2% size)
2026-05-31 11:52:38+00:00 | (52134 files, 2% size)
2026-05-31 11:52:48+00:00 | (52174 files, 2% size)
2026-05-31 11:52:58+00:00 | (52214 files, 2% size)
2026-05-31 11:53:08+00:00 | (52254 files, 2% size)
2026-05-31 11:53:18+00:00 | (52294 files, 2% size)
2026-05-31 11:53:28+00:00 | (52334 files, 2% size)
2026-05-31 11:53:38+00:00 | (52374 files, 2% size)
2026-05-31 11:53:48+00:00 | (52414 files, 2% size)
2026-05-31 11:53:58+00:00 | (52454 files, 2% size)
2026-05-31 11:54:08+00:00 | (52494 files, 2% size)
2026-05-31 11:54:18+00:00 | (52534 files, 2% size)
2026-05-31 11:54:28+00:00 | (52574 files, 2% size)
2026-05-31 11:54:38+00:00 | (52614 files, 2% size)
2026-05-31 11:54:48+00:00 | (52654 files, 2% size)
2026-05-31 11:54:58+00:00 | (52694 files, 2% size)
2026-05-31 11:55:08+00:00 | (52734 files, 2% size)
2026-05-31 11:55:18+00:00 | (52774 files, 2% size)
2026-05-31 11:55:28+00:00 | (52814 files, 2% size)
2026-05-31 11:55:38+00:00 | (52854 files, 2% size)
2026-05-31 11:55:48+00:00 | (52894 files, 2% size)
2026-05-31 11:55:58+00:00 | (52934 files, 2% size)
2026-05-31 11:56:08+00:00 | (52974 files, 2% size)
2026-05-31 11:56:18+00:00 | (53014 files, 2% size)
2026-05-31 11:56:28+00:00 | (53054 files, 2% size)
2026-05-31 11:56:38+00:00 | (53094 files, 2% size)
2026-05-31 11:56:48+00:00 | (53134 files, 2% size)
2026-05-31 11:56:58+00:00 | (53174 files, 2% size)
2026-05-31 11:57:08+00:00 | (53214 files, 2% size)
2026-05-31 11:57:18+00:00 | (53254 files, 2% size)
2026-05-31 11:57:28+00:00 | (53294 files, 2% size)
2026-05-31 11:57:38+00:00 | (53334 files, 2% size)
2026-05-31 11:57:48+00:00 | (53374 files, 2% size)
2026-05-31 11:57:58+00:00 | (53414 files, 2% size)
2026-05-31 11:58:08+00:00 | (53454 files, 2% size)
2026-05-31 11:58:18+00:00 | (53494 files, 2% size)
2026-05-31 11:58:28+00:00 | (53534 files, 2% size)
2026-05-31 11:58:38+00:00 | (53574 files, 2% size)
2026-05-31 11:58:48+00:00 | (53614 files, 2% size)
2026-05-31 11:58:58+00:00 | (53654 files, 2% size)
2026-05-31 11:59:08+00:00 | (53694 files, 2% size)
2026-05-31 11:59:18+00:00 | (53734 files, 2% size)
2026-05-31 11:59:28+00:00 | (53774 files, 2% size)
2026-05-31 11:59:38+00:00 | (53814 files, 2% size)
2026-05-31 11:59:48+00:00 | (53854 files, 2% size)
2026-05-31 11:59:58+00:00 | (53894 files, 2% size)
2026-05-31 12:00:08+00:00 | (53934 files, 2% size)
2026-05-31 12:00:18+00:00 | (53974 files, 2% size)
2026-05-31 12:00:28+00:00 | (54014 files, 2% size)
2026-05-31 12:00:38+00:00 | (54054 files, 2% size)
2026-05-31 12:00:48+00:00 | (54094 files, 2% size)
2026-05-31 12:00:58+00:00 | (54134 files, 2% size)
2026-05-31 12:01:08+00:00 | (54174 files, 2% size)
2026-05-31 12:01:18+00:00 | (54214 files, 2% size)
2026-05-31 12:01:28+00:00 | (54254 files, 2% size)
2026-05-31 12:01:38+00:00 | (54294 files, 2% size)
2026-05-31 12:01:48+00:00 | (54334 files, 2% size)
2026-05-31 12:01:58+00:00 | (54374 files, 2% size)
2026-05-31 12:02:08+00:00 | (54414 files, 2% size)
2026-05-31 12:02:18+00:00 | (54454 files, 2% size)
2026-05-31 12:02:28+00:00 | (54494 files, 2% size)
2026-05-31 12:02:38+00:00 | (54534 files, 2% size)
2026-05-31 12:02:48+00:00 | (54574 files, 2% size)
2026-05-31 12:02:58+00:00 | (54614 files, 2% size)
2026-05-31 12:03:08+00:00 | (54654 files, 2% size)
2026-05-31 12:03:18+00:00 | (54694 files, 2% size)
2026-05-31 12:03:28+00:00 | (54734 files, 2% size)
2026-05-31 12:03:38+00:00 | (54774 files, 2% size)
2026-05-31 12:03:48+00:00 | (54814 files, 2% size)
2026-05-31 12:03:58+00:00 | (54854 files, 2% size)
2026-05-31 12:04:08+00:00 | (54894 files, 2% size)
2026-05-31 12:04:18+00:00 | (54934 files, 2% size)
2026-05-31 12:04:28+00:00 | (54974 files, 2% size)
2026-05-31 12:04:38+00:00 | (55014 files, 2% size)
2026-05-31 12:04:48+00:00 | (55054 files, 2% size)
2026-05-31 12:04:58+00:00 | (55094 files, 2% size)
2026-05-31 12:05:08+00:00 | (55134 files, 2% size)
2026-05-31 12:05:18+00:00 | (55174 files, 2% size)
2026-05-31 12:05:28+00:00 | (55214 files, 2% size)
2026-05-31 12:05:38+00:00 | (55254 files, 2% size)
2026-05-31 12:05:48+00:00 | (55294 files, 2% size)
2026-05-31 12:05:58+00:00 | (55334 files, 2% size)
2026-05-31 12:06:08+00:00 | (55374 files, 2% size)
2026-05-31 12:06:18+00:00 | (55414 files, 2% size)
2026-05-31 12:06:28+00:00 | (55454 files, 2% size)
2026-05-31 12:06:38+00:00 | (55494 files, 2% size)
2026-05-31 12:06:48+00:00 | (55534 files, 2% size)
2026-05-31 12:06:58+00:00 | (55574 files, 2% size)
2026-05-31 12:07:08+00:00 | (55614 files, 2% size)
2026-05-31 12:07:18+00:00 | (55654 files, 2% size)
2026-05-31 12:07:28+00:00 | (55694 files, 2% size)
2026-05-31 12:07:38+00:00 | (55734 files, 2% size)
2026-05-31 12:07:48+00:00 | (55774 files, 2% size)
2026-05-31 12:07:58+00:00 | (55814 files, 2% size)
2026-05-31 12:08:08+00:00 | (55854 files, 2% size)
2026-05-31 12:08:18+00:00 | (55894 files, 2% size)
2026-05-31 12:08:28+00:00 | (55934 files, 2% size)
2026-05-31 12:08:38+00:00 | (55974 files, 2% size)
2026-05-31 12:08:48+00:00 | (56014 files, 2% size)
2026-05-31 12:08:58+00:00 | (56054 files, 2% size)
2026-05-31 12:09:08+00:00 | (56094 files, 2% size)
2026-05-31 12:09:18+00:00 | (56134 files, 2% size)
2026-05-31 12:09:28+00:00 | (56174 files, 2% size)
2026-05-31 12:09:38+00:00 | (56214 files, 2% size)
2026-05-31 12:09:48+00:00 | (56254 files, 2% size)
2026-05-31 12:09:58+00:00 | (56294 files, 2% size)
2026-05-31 12:10:08+00:00 | (56334 files, 2% size)
2026-05-31 12:10:18+00:00 | (56374 files, 2% size)
2026-05-31 12:10:28+00:00 | (56414 files, 2% size)
2026-05-31 12:10:38+00:00 | (56454 files, 2% size)
2026-05-31 12:10:48+00:00 | (56494 files, 2% size)
2026-05-31 12:10:58+00:00 | (56534 files, 2% size)
2026-05-31 12:11:08+00:00 | (56574 files, 2% size)
2026-05-31 12:11:18+00:00 | (56614 files, 2% size)
2026-05-31 12:11:28+00:00 | (56654 files, 2% size)
2026-05-31 12:11:38+00:00 | (56694 files, 2% size)
2026-05-31 12:11:48+00:00 | (56734 files, 2% size)
2026-05-31 12:11:58+00:00 | (56774 files, 2% size)
2026-05-31 12:12:08+00:00 | (56814 files, 2% size)
2026-05-31 12:12:18+00:00 | (56854 files, 2% size)
2026-05-31 12:12:28+00:00 | (56894 files, 2% size)
2026-05-31 12:12:38+00:00 | (56934 files, 2% size)
2026-05-31 12:12:48+00:00 | (56974 files, 2% size)
2026-05-31 12:12:58+00:00 | (57014 files, 2% size)
2026-05-31 12:13:08+00:00 | (57054 files, 2% size)
2026-05-31 12:13:18+00:00 | (57094 files, 2% size)
2026-05-31 12:13:28+00:00 | (57134 files, 2% size)
2026-05-31 12:13:38+00:00 | (57174 files, 2% size)
2026-05-31 12:13:48+00:00 | (57214 files, 2% size)
2026-05-31 12:13:58+00:00 | (57254 files, 2% size)
2026-05-31 12:14:08+00:00 | (57294 files, 2% size)
2026-05-31 12:14:18+00:00 | (57334 files, 2% size)
2026-05-31 12:14:28+00:00 | (57374 files, 2% size)
2026-05-31 12:14:38+00:00 | (57414 files, 2% size)
2026-05-31 12:14:48+00:00 | (57454 files, 2% size)
2026-05-31 12:14:58+00:00 | (57494 files, 2% size)
2026-05-31 12:15:08+00:00 | (57534 files, 2% size)
2026-05-31 12:15:18+00:00 | (57574 files, 2% size)
2026-05-31 12:15:28+00:00 | (57614 files, 2% size)
2026-05-31 12:15:38+00:00 | (57654 files, 2% size)
2026-05-31 12:15:48+00:00 | (57694 files, 2% size)
2026-05-31 12:15:58+00:00 | (57734 files, 2% size)
2026-05-31 12:16:08+00:00 | (57774 files, 2% size)
2026-05-31 12:16:18+00:00 | (57814 files, 2% size)
2026-05-31 12:16:28+00:00 | (57854 files, 2% size)
2026-05-31 12:16:38+00:00 | (57894 files, 2% size)
2026-05-31 12:16:48+00:00 | (57934 files, 2% size)
2026-05-31 12:16:58+00:00 | (57974 files, 2% size)
2026-05-31 12:17:08+00:00 | (58014 files, 2% size)
2026-05-31 12:17:18+00:00 | (58054 files, 2% size)
2026-05-31 12:17:28+00:00 | (58094 files, 2% size)
2026-05-31 12:17:38+00:00 | (58134 files, 2% size)
2026-05-31 12:17:48+00:00 | (58174 files, 2% size)
2026-05-31 12:17:58+00:00 | (58214 files, 2% size)
2026-05-31 12:18:08+00:00 | (58254 files, 2% size)
2026-05-31 12:18:18+00:00 | (58294 files, 2% size)
2026-05-31 12:18:28+00:00 | (58334 files, 2% size)
2026-05-31 12:18:38+00:00 | (58374 files, 2% size)
2026-05-31 12:18:48+00:00 | (58414 files, 2% size)
2026-05-31 12:18:58+00:00 | (58454 files, 2% size)
2026-05-31 12:19:08+00:00 | (58494 files, 2% size)
2026-05-31 12:19:18+00:00 | (58534 files, 2% size)
2026-05-31 12:19:28+00:00 | (58574 files, 2% size)
2026-05-31 12:19:38+00:00 | (58614 files, 2% size)
2026-05-31 12:19:48+00:00 | (58654 files, 2% size)
2026-05-31 12:19:58+00:00 | (58694 files, 2% size)
2026-05-31 12:20:08+00:00 | (58734 files, 2% size)
2026-05-31 12:20:18+00:00 | (58774 files, 2% size)
2026-05-31 12:20:28+00:00 | (58814 files, 2% size)
2026-05-31 12:20:38+00:00 | (58854 files, 2% size)
2026-05-31 12:20:48+00:00 | (58894 files, 2% size)
2026-05-31 12:20:58+00:00 | (58934 files, 2% size)
2026-05-31 12:21:08+00:00 | (58974 files, 2% size)
2026-05-31 12:21:18+00:00 | (59014 files, 2% size)
2026-05-31 12:21:28+00:00 | (59054 files, 2% size)
2026-05-31 12:21:38+00:00 | (59094 files, 2% size)
2026-05-31 12:21:48+00:00 | (59134 files, 2% size)
2026-05-31 12:21:58+00:00 | (59174 files, 2% size)
2026-05-31 12:22:08+00:00 | (59214 files, 2% size)
2026-05-31 12:22:18+00:00 | (59254 files, 2% size)
2026-05-31 12:22:28+00:00 | (59294 files, 2% size)
2026-05-31 12:22:38+00:00 | (59334 files, 2% size)
2026-05-31 12:22:48+00:00 | (59374 files, 2% size)
2026-05-31 12:22:58+00:00 | (59414 files, 2% size)
2026-05-31 12:23:08+00:00 | (59454 files, 2% size)
2026-05-31 12:23:18+00:00 | (59494 files, 2% size)
2026-05-31 12:23:28+00:00 | (59534 files, 2% size)
2026-05-31 12:23:38+00:00 | (59574 files, 2% size)
2026-05-31 12:23:48+00:00 | (59614 files, 2% size)
2026-05-31 12:23:58+00:00 | (59654 files, 2% size)
2026-05-31 12:24:08+00:00 | (59694 files, 2% size)
2026-05-31 12:24:18+00:00 | (59734 files, 2% size)
2026-05-31 12:24:28+00:00 | (59774 files, 2% size)
2026-05-31 12:24:38+00:00 | (59814 files, 2% size)
2026-05-31 12:24:48+00:00 | (59854 files, 2% size)
2026-05-31 12:24:58+00:00 | (59894 files, 2% size)
2026-05-31 12:25:08+00:00 | (59934 files, 2% size)
2026-05-31 12:25:18+00:00 | (59974 files, 2% size)
2026-05-31 12:25:28+00:00 | (60014 files, 2% size)
2026-05-31 12:25:38+00:00 | (60054 files, 2% size)
2026-05-31 12:25:48+00:00 | (60094 files, 2% size)
2026-05-31 12:25:58+00:00 | (60134 files, 2% size)
2026-05-31 12:26:08+00:00 | (60174 files, 2% size)
2026-05-31 12:26:18+00:00 | (60214 files, 2% size)
2026-05-31 12:26:28+00:00 | (60254 files, 2% size)
2026-05-31 12:26:38+00:00 | (60294 files, 2% size)
2026-05-31 12:26:48+00:00 | (60334 files, 2% size)
2026-05-31 12:26:58+00:00 | (60374 files, 2% size)
2026-05-31 12:27:08+00:00 | (60414 files, 2% size)
2026-05-31 12:27:18+00:00 | (60454 files, 2% size)
2026-05-31 12:27:28+00:00 | (60494 files, 2% size)
2026-05-31 12:27:38+00:00 | (60534 files, 2% size)
2026-05-31 12:27:48+00:00 | (60574 files, 2% size)
2026-05-31 12:27:58+00:00 | (60614 files, 2% size)
2026-05-31 12:28:08+00:00 | (60654 files, 2% size)
2026-05-31 12:28:18+00:00 | (60694 files, 2% size)
2026-05-31 12:28:28+00:00 | (60734 files, 2% size)
2026-05-31 12:28:38+00:00 | (60774 files, 2% size)
2026-05-31 12:28:48+00:00 | (60814 files, 2% size)
2026-05-31 12:28:58+00:00 | (60854 files, 2% size)
2026-05-31 12:29:08+00:00 | (60894 files, 2% size)
2026-05-31 12:29:18+00:00 | (60934 files, 2% size)
2026-05-31 12:29:28+00:00 | (60974 files, 2% size)
2026-05-31 12:29:38+00:00 | (61014 files, 2% size)
2026-05-31 12:29:48+00:00 | (61054 files, 2% size)
2026-05-31 12:29:58+00:00 | (61094 files, 2% size)
2026-05-31 12:30:08+00:00 | (61134 files, 2% size)
2026-05-31 12:30:18+00:00 | (61174 files, 2% size)
2026-05-31 12:30:28+00:00 | (61214 files, 2% size)
2026-05-31 12:30:38+00:00 | (61254 files, 2% size)
2026-05-31 12:30:48+00:00 | (61294 files, 2% size)
2026-05-31 12:30:58+00:00 | (61334 files, 2% size)
2026-05-31 12:31:08+00:00 | (61374 files, 2% size)
2026-05-31 12:31:18+00:00 | (61410 files, 2% size)
2026-05-31 12:31:28+00:00 | (61450 files, 2% size)
2026-05-31 12:31:38+00:00 | (61490 files, 2% size)
2026-05-31 12:31:48+00:00 | (61530 files, 2% size)
2026-05-31 12:31:58+00:00 | (61570 files, 2% size)
2026-05-31 12:32:08+00:00 | (61610 files, 2% size)
2026-05-31 12:32:18+00:00 | (61650 files, 2% size)
2026-05-31 12:32:28+00:00 | (61690 files, 2% size)
2026-05-31 12:32:38+00:00 | (61730 files, 2% size)
2026-05-31 12:32:48+00:00 | (61770 files, 2% size)
2026-05-31 12:32:58+00:00 | (61810 files, 2% size)
2026-05-31 12:33:08+00:00 | (61852 files, 2% size)
2026-05-31 12:33:18+00:00 | (61894 files, 2% size)
2026-05-31 12:33:28+00:00 | (61934 files, 2% size)
2026-05-31 12:33:38+00:00 | (61974 files, 2% size)
2026-05-31 12:33:48+00:00 | (62014 files, 2% size)
2026-05-31 12:33:58+00:00 | (62054 files, 2% size)
2026-05-31 12:34:08+00:00 | (62094 files, 2% size)
2026-05-31 12:34:18+00:00 | (62134 files, 2% size)
2026-05-31 12:34:28+00:00 | (62174 files, 2% size)
2026-05-31 12:34:38+00:00 | (62214 files, 2% size)
2026-05-31 12:34:48+00:00 | (62254 files, 2% size)
2026-05-31 12:34:58+00:00 | (62294 files, 2% size)
2026-05-31 12:35:08+00:00 | (62334 files, 2% size)
2026-05-31 12:35:18+00:00 | (62374 files, 2% size)
2026-05-31 12:35:28+00:00 | (62414 files, 2% size)
2026-05-31 12:35:38+00:00 | (62454 files, 2% size)
2026-05-31 12:35:48+00:00 | (62494 files, 2% size)
2026-05-31 12:35:58+00:00 | (62534 files, 2% size)
2026-05-31 12:36:08+00:00 | (62574 files, 2% size)
2026-05-31 12:36:18+00:00 | (62614 files, 2% size)
2026-05-31 12:36:28+00:00 | (62654 files, 2% size)
2026-05-31 12:36:38+00:00 | (62694 files, 2% size)
2026-05-31 12:36:48+00:00 | (62734 files, 2% size)
2026-05-31 12:36:58+00:00 | (62774 files, 2% size)
2026-05-31 12:37:08+00:00 | (62814 files, 2% size)
2026-05-31 12:37:18+00:00 | (62854 files, 2% size)
2026-05-31 12:37:28+00:00 | (62894 files, 2% size)
2026-05-31 12:37:38+00:00 | (62934 files, 2% size)
2026-05-31 12:37:48+00:00 | (62974 files, 2% size)
2026-05-31 12:37:58+00:00 | (63014 files, 2% size)
2026-05-31 12:38:08+00:00 | (63054 files, 2% size)
2026-05-31 12:38:18+00:00 | (63094 files, 2% size)
2026-05-31 12:38:28+00:00 | (63134 files, 2% size)
2026-05-31 12:38:38+00:00 | (63174 files, 2% size)
2026-05-31 12:38:48+00:00 | (63214 files, 2% size)
2026-05-31 12:38:58+00:00 | (63254 files, 2% size)
2026-05-31 12:39:08+00:00 | (63294 files, 2% size)
2026-05-31 12:39:18+00:00 | (63334 files, 2% size)
2026-05-31 12:39:28+00:00 | (63374 files, 2% size)
2026-05-31 12:39:38+00:00 | (63414 files, 2% size)
2026-05-31 12:39:48+00:00 | (63454 files, 2% size)
2026-05-31 12:39:58+00:00 | (63494 files, 2% size)
2026-05-31 12:40:08+00:00 | (63534 files, 2% size)
2026-05-31 12:40:18+00:00 | (63574 files, 2% size)
2026-05-31 12:40:28+00:00 | (63614 files, 2% size)
2026-05-31 12:40:38+00:00 | (63654 files, 2% size)
2026-05-31 12:40:48+00:00 | (63694 files, 2% size)
2026-05-31 12:40:58+00:00 | (63734 files, 2% size)
2026-05-31 12:41:08+00:00 | (63774 files, 2% size)
2026-05-31 12:41:18+00:00 | (63814 files, 2% size)
2026-05-31 12:41:28+00:00 | (63854 files, 2% size)
2026-05-31 12:41:38+00:00 | (63894 files, 2% size)
2026-05-31 12:41:48+00:00 | (63934 files, 2% size)
2026-05-31 12:41:58+00:00 | (63974 files, 2% size)
2026-05-31 12:42:08+00:00 | (64014 files, 2% size)
2026-05-31 12:42:18+00:00 | (64054 files, 2% size)
2026-05-31 12:42:28+00:00 | (64094 files, 2% size)
2026-05-31 12:42:38+00:00 | (64134 files, 2% size)
2026-05-31 12:42:48+00:00 | (64174 files, 2% size)
2026-05-31 12:42:58+00:00 | (64214 files, 2% size)
2026-05-31 12:43:08+00:00 | (64254 files, 2% size)
2026-05-31 12:43:18+00:00 | (64294 files, 2% size)
2026-05-31 12:43:28+00:00 | (64334 files, 2% size)
2026-05-31 12:43:38+00:00 | (64374 files, 2% size)
2026-05-31 12:43:48+00:00 | (64414 files, 2% size)
2026-05-31 12:43:58+00:00 | (64454 files, 2% size)
2026-05-31 12:44:08+00:00 | (64494 files, 2% size)
2026-05-31 12:44:18+00:00 | (64534 files, 2% size)
2026-05-31 12:44:28+00:00 | (64574 files, 2% size)
2026-05-31 12:44:38+00:00 | (64614 files, 2% size)
2026-05-31 12:44:48+00:00 | (64654 files, 2% size)
2026-05-31 12:44:58+00:00 | (64694 files, 2% size)
2026-05-31 12:45:08+00:00 | (64734 files, 2% size)
2026-05-31 12:45:18+00:00 | (64774 files, 2% size)
2026-05-31 12:45:28+00:00 | (64814 files, 2% size)
2026-05-31 12:45:38+00:00 | (64854 files, 2% size)
2026-05-31 12:45:48+00:00 | (64894 files, 2% size)
2026-05-31 12:45:58+00:00 | (64934 files, 2% size)
2026-05-31 12:46:08+00:00 | (64974 files, 2% size)
2026-05-31 12:46:18+00:00 | (65014 files, 2% size)
2026-05-31 12:46:28+00:00 | (65054 files, 2% size)
2026-05-31 12:46:38+00:00 | (65094 files, 2% size)
2026-05-31 12:46:48+00:00 | (65134 files, 2% size)
2026-05-31 12:46:58+00:00 | (65174 files, 2% size)
2026-05-31 12:47:08+00:00 | (65214 files, 2% size)
2026-05-31 12:47:18+00:00 | (65254 files, 2% size)
2026-05-31 12:47:28+00:00 | (65294 files, 2% size)
2026-05-31 12:47:38+00:00 | (65334 files, 2% size)
2026-05-31 12:47:48+00:00 | (65374 files, 2% size)
2026-05-31 12:47:58+00:00 | (65414 files, 2% size)
2026-05-31 12:48:08+00:00 | (65454 files, 2% size)
2026-05-31 12:48:18+00:00 | (65494 files, 2% size)
2026-05-31 12:48:28+00:00 | (65534 files, 2% size)
2026-05-31 12:48:38+00:00 | (65574 files, 2% size)
2026-05-31 12:48:48+00:00 | (65614 files, 2% size)
2026-05-31 12:48:58+00:00 | (65654 files, 2% size)
2026-05-31 12:49:08+00:00 | (65694 files, 2% size)
2026-05-31 12:49:18+00:00 | (65734 files, 2% size)
2026-05-31 12:49:28+00:00 | (65774 files, 2% size)
2026-05-31 12:49:38+00:00 | (65814 files, 2% size)
2026-05-31 12:49:48+00:00 | (65854 files, 2% size)
2026-05-31 12:49:58+00:00 | (65894 files, 2% size)
2026-05-31 12:50:08+00:00 | (65934 files, 2% size)
2026-05-31 12:50:18+00:00 | (65974 files, 2% size)
2026-05-31 12:50:28+00:00 | (66014 files, 2% size)
2026-05-31 12:50:38+00:00 | (66054 files, 2% size)
2026-05-31 12:50:48+00:00 | (66094 files, 2% size)
2026-05-31 12:50:58+00:00 | (66134 files, 2% size)
2026-05-31 12:51:08+00:00 | (66174 files, 2% size)
2026-05-31 12:51:18+00:00 | (66214 files, 2% size)
2026-05-31 12:51:28+00:00 | (66254 files, 2% size)
2026-05-31 12:51:38+00:00 | (66294 files, 2% size)
2026-05-31 12:51:48+00:00 | (66334 files, 2% size)
2026-05-31 12:51:58+00:00 | (66374 files, 2% size)
2026-05-31 12:52:08+00:00 | (66414 files, 2% size)
2026-05-31 12:52:18+00:00 | (66454 files, 2% size)
2026-05-31 12:52:28+00:00 | (66494 files, 2% size)
2026-05-31 12:52:38+00:00 | (66534 files, 2% size)
2026-05-31 12:52:48+00:00 | (66574 files, 2% size)
2026-05-31 12:52:58+00:00 | (66614 files, 2% size)
2026-05-31 12:53:08+00:00 | (66654 files, 2% size)
2026-05-31 12:53:18+00:00 | (66694 files, 2% size)
2026-05-31 12:53:28+00:00 | (66734 files, 2% size)
2026-05-31 12:53:38+00:00 | (66774 files, 2% size)
2026-05-31 12:53:48+00:00 | (66814 files, 2% size)
2026-05-31 12:53:58+00:00 | (66854 files, 2% size)
2026-05-31 12:54:08+00:00 | (66894 files, 2% size)
2026-05-31 12:54:18+00:00 | (66934 files, 2% size)
2026-05-31 12:54:28+00:00 | (66974 files, 2% size)
2026-05-31 12:54:38+00:00 | (67014 files, 2% size)
2026-05-31 12:54:48+00:00 | (67054 files, 2% size)
2026-05-31 12:54:58+00:00 | (67094 files, 2% size)
2026-05-31 12:55:08+00:00 | (67134 files, 2% size)
2026-05-31 12:55:18+00:00 | (67174 files, 2% size)
2026-05-31 12:55:28+00:00 | (67214 files, 2% size)
2026-05-31 12:55:38+00:00 | (67254 files, 2% size)
2026-05-31 12:55:48+00:00 | (67294 files, 2% size)
2026-05-31 12:55:58+00:00 | (67334 files, 2% size)
2026-05-31 12:56:08+00:00 | (67374 files, 2% size)
2026-05-31 12:56:18+00:00 | (67414 files, 2% size)
2026-05-31 12:56:28+00:00 | (67454 files, 2% size)
2026-05-31 12:56:38+00:00 | (67494 files, 2% size)
2026-05-31 12:56:48+00:00 | (67534 files, 2% size)
2026-05-31 12:56:58+00:00 | (67574 files, 2% size)
2026-05-31 12:57:08+00:00 | (67614 files, 2% size)
2026-05-31 12:57:18+00:00 | (67654 files, 2% size)
2026-05-31 12:57:28+00:00 | (67694 files, 2% size)
2026-05-31 12:57:38+00:00 | (67734 files, 2% size)
2026-05-31 12:57:48+00:00 | (67774 files, 2% size)
2026-05-31 12:57:58+00:00 | (67814 files, 2% size)
2026-05-31 12:58:08+00:00 | (67854 files, 2% size)
2026-05-31 12:58:18+00:00 | (67894 files, 2% size)
2026-05-31 12:58:28+00:00 | (67934 files, 2% size)
2026-05-31 12:58:38+00:00 | (67974 files, 2% size)
2026-05-31 12:58:48+00:00 | (68014 files, 2% size)
2026-05-31 12:58:58+00:00 | (68054 files, 2% size)
2026-05-31 12:59:08+00:00 | (68094 files, 2% size)
2026-05-31 12:59:18+00:00 | (68134 files, 2% size)
2026-05-31 12:59:28+00:00 | (68174 files, 2% size)
2026-05-31 12:59:38+00:00 | (68214 files, 2% size)
2026-05-31 12:59:48+00:00 | (68254 files, 2% size)
2026-05-31 12:59:58+00:00 | (68294 files, 2% size)
2026-05-31 13:00:08+00:00 | (68334 files, 2% size)
2026-05-31 13:00:18+00:00 | (68374 files, 2% size)
2026-05-31 13:00:28+00:00 | (68414 files, 2% size)
2026-05-31 13:00:38+00:00 | (68454 files, 2% size)
2026-05-31 13:00:48+00:00 | (68494 files, 2% size)
2026-05-31 13:00:58+00:00 | (68534 files, 2% size)
2026-05-31 13:01:08+00:00 | (68574 files, 2% size)
2026-05-31 13:01:18+00:00 | (68614 files, 2% size)
2026-05-31 13:01:28+00:00 | (68654 files, 2% size)
2026-05-31 13:01:38+00:00 | (68694 files, 2% size)
2026-05-31 13:01:48+00:00 | (68734 files, 2% size)
2026-05-31 13:01:58+00:00 | (68774 files, 2% size)
2026-05-31 13:02:08+00:00 | (68814 files, 2% size)
2026-05-31 13:02:18+00:00 | (68854 files, 2% size)
2026-05-31 13:02:28+00:00 | (68894 files, 2% size)
2026-05-31 13:02:38+00:00 | (68934 files, 2% size)
2026-05-31 13:02:48+00:00 | (68974 files, 2% size)
2026-05-31 13:02:58+00:00 | (69014 files, 2% size)
2026-05-31 13:03:08+00:00 | (69054 files, 2% size)
2026-05-31 13:03:18+00:00 | (69094 files, 2% size)
2026-05-31 13:03:28+00:00 | (69134 files, 2% size)
2026-05-31 13:03:38+00:00 | (69174 files, 2% size)
2026-05-31 13:03:48+00:00 | (69214 files, 2% size)
2026-05-31 13:03:58+00:00 | (69254 files, 2% size)
2026-05-31 13:04:08+00:00 | (69294 files, 2% size)
2026-05-31 13:04:18+00:00 | (69334 files, 2% size)
2026-05-31 13:04:28+00:00 | (69374 files, 2% size)
2026-05-31 13:04:38+00:00 | (69414 files, 2% size)
2026-05-31 13:04:48+00:00 | (69454 files, 2% size)
2026-05-31 13:04:58+00:00 | (69494 files, 2% size)
2026-05-31 13:05:08+00:00 | (69534 files, 2% size)
2026-05-31 13:05:18+00:00 | (69574 files, 2% size)
2026-05-31 13:05:28+00:00 | (69614 files, 2% size)
2026-05-31 13:05:38+00:00 | (69654 files, 2% size)
2026-05-31 13:05:48+00:00 | (69694 files, 2% size)
2026-05-31 13:05:58+00:00 | (69734 files, 2% size)
2026-05-31 13:06:08+00:00 | (69774 files, 2% size)
2026-05-31 13:06:18+00:00 | (69814 files, 2% size)
2026-05-31 13:06:28+00:00 | (69854 files, 2% size)
2026-05-31 13:06:38+00:00 | (69894 files, 2% size)
2026-05-31 13:06:48+00:00 | (69934 files, 2% size)
2026-05-31 13:06:58+00:00 | (69974 files, 2% size)
2026-05-31 13:07:08+00:00 | (70014 files, 2% size)
2026-05-31 13:07:18+00:00 | (70054 files, 2% size)
2026-05-31 13:07:28+00:00 | (70094 files, 2% size)
2026-05-31 13:07:38+00:00 | (70134 files, 2% size)
2026-05-31 13:07:48+00:00 | (70174 files, 2% size)
2026-05-31 13:07:58+00:00 | (70214 files, 2% size)
2026-05-31 13:08:08+00:00 | (70254 files, 2% size)
2026-05-31 13:08:18+00:00 | (70294 files, 2% size)
2026-05-31 13:08:28+00:00 | (70334 files, 2% size)
2026-05-31 13:08:38+00:00 | (70374 files, 2% size)
2026-05-31 13:08:48+00:00 | (70414 files, 2% size)
2026-05-31 13:08:58+00:00 | (70454 files, 2% size)
2026-05-31 13:09:08+00:00 | (70494 files, 2% size)
2026-05-31 13:09:18+00:00 | (70534 files, 2% size)
2026-05-31 13:09:28+00:00 | (70574 files, 2% size)
2026-05-31 13:09:38+00:00 | (70614 files, 2% size)
2026-05-31 13:09:48+00:00 | (70654 files, 2% size)
2026-05-31 13:09:58+00:00 | (70694 files, 2% size)
2026-05-31 13:10:08+00:00 | (70734 files, 2% size)
2026-05-31 13:10:18+00:00 | (70774 files, 2% size)
2026-05-31 13:10:28+00:00 | (70814 files, 2% size)
2026-05-31 13:10:38+00:00 | (70854 files, 2% size)
2026-05-31 13:10:48+00:00 | (70894 files, 2% size)
2026-05-31 13:10:58+00:00 | (70934 files, 2% size)
2026-05-31 13:11:08+00:00 | (70974 files, 2% size)
2026-05-31 13:11:18+00:00 | (71014 files, 2% size)
2026-05-31 13:11:28+00:00 | (71054 files, 2% size)
2026-05-31 13:11:38+00:00 | (71094 files, 2% size)
2026-05-31 13:11:48+00:00 | (71134 files, 2% size)
2026-05-31 13:11:58+00:00 | (71174 files, 2% size)
2026-05-31 13:12:08+00:00 | (71214 files, 2% size)
2026-05-31 13:12:18+00:00 | (71254 files, 2% size)
2026-05-31 13:12:28+00:00 | (71294 files, 2% size)
2026-05-31 13:12:38+00:00 | (71334 files, 2% size)
2026-05-31 13:12:48+00:00 | (71374 files, 2% size)
2026-05-31 13:12:58+00:00 | (71414 files, 2% size)
2026-05-31 13:13:08+00:00 | (71454 files, 2% size)
2026-05-31 13:13:18+00:00 | (71494 files, 2% size)
2026-05-31 13:13:28+00:00 | (71534 files, 2% size)
2026-05-31 13:13:38+00:00 | (71574 files, 2% size)
2026-05-31 13:13:48+00:00 | (71614 files, 2% size)
2026-05-31 13:13:58+00:00 | (71654 files, 2% size)
2026-05-31 13:14:08+00:00 | (71694 files, 2% size)
2026-05-31 13:14:18+00:00 | (71734 files, 2% size)
2026-05-31 13:14:28+00:00 | (71774 files, 2% size)
2026-05-31 13:14:38+00:00 | (71814 files, 2% size)
2026-05-31 13:14:48+00:00 | (71854 files, 2% size)
2026-05-31 13:14:58+00:00 | (71894 files, 2% size)
2026-05-31 13:15:08+00:00 | (71934 files, 2% size)
2026-05-31 13:15:18+00:00 | (71974 files, 2% size)
2026-05-31 13:15:28+00:00 | (72014 files, 2% size)
2026-05-31 13:15:38+00:00 | (72054 files, 2% size)
2026-05-31 13:15:48+00:00 | (72094 files, 2% size)
2026-05-31 13:15:58+00:00 | (72134 files, 2% size)
2026-05-31 13:16:08+00:00 | (72174 files, 2% size)
2026-05-31 13:16:18+00:00 | (72214 files, 2% size)
2026-05-31 13:16:28+00:00 | (72254 files, 2% size)
2026-05-31 13:16:38+00:00 | (72294 files, 2% size)
2026-05-31 13:16:48+00:00 | (72334 files, 2% size)
2026-05-31 13:16:58+00:00 | (72374 files, 2% size)
2026-05-31 13:17:08+00:00 | (72414 files, 2% size)
2026-05-31 13:17:18+00:00 | (72454 files, 2% size)
2026-05-31 13:17:28+00:00 | (72494 files, 2% size)
2026-05-31 13:17:38+00:00 | (72534 files, 2% size)
2026-05-31 13:17:48+00:00 | (72574 files, 2% size)
2026-05-31 13:17:58+00:00 | (72614 files, 2% size)
2026-05-31 13:18:08+00:00 | (72654 files, 2% size)
2026-05-31 13:18:18+00:00 | (72694 files, 2% size)
2026-05-31 13:18:28+00:00 | (72734 files, 2% size)
2026-05-31 13:18:38+00:00 | (72774 files, 2% size)
2026-05-31 13:18:48+00:00 | (72814 files, 2% size)
2026-05-31 13:18:58+00:00 | (72854 files, 2% size)
2026-05-31 13:19:08+00:00 | (72894 files, 2% size)
2026-05-31 13:19:18+00:00 | (72934 files, 2% size)
2026-05-31 13:19:28+00:00 | (72974 files, 2% size)
2026-05-31 13:19:38+00:00 | (73014 files, 2% size)
2026-05-31 13:19:48+00:00 | (73054 files, 2% size)
2026-05-31 13:19:58+00:00 | (73094 files, 2% size)
2026-05-31 13:20:08+00:00 | (73134 files, 2% size)
2026-05-31 13:20:18+00:00 | (73174 files, 2% size)
2026-05-31 13:20:28+00:00 | (73214 files, 2% size)
2026-05-31 13:20:38+00:00 | (73254 files, 2% size)
2026-05-31 13:20:48+00:00 | (73294 files, 2% size)
2026-05-31 13:20:58+00:00 | (73334 files, 2% size)
2026-05-31 13:21:08+00:00 | (73374 files, 2% size)
2026-05-31 13:21:18+00:00 | (73414 files, 2% size)
2026-05-31 13:21:28+00:00 | (73454 files, 2% size)
2026-05-31 13:21:38+00:00 | (73494 files, 2% size)
2026-05-31 13:21:48+00:00 | (73534 files, 2% size)
2026-05-31 13:21:58+00:00 | (73574 files, 2% size)
2026-05-31 13:22:08+00:00 | (73614 files, 2% size)
2026-05-31 13:22:18+00:00 | (73654 files, 2% size)
2026-05-31 13:22:28+00:00 | (73694 files, 2% size)
2026-05-31 13:22:38+00:00 | (73734 files, 2% size)
2026-05-31 13:22:48+00:00 | (73774 files, 2% size)
2026-05-31 13:22:58+00:00 | (73814 files, 2% size)
2026-05-31 13:23:08+00:00 | (73854 files, 2% size)
2026-05-31 13:23:18+00:00 | (73894 files, 2% size)
2026-05-31 13:23:28+00:00 | (73934 files, 2% size)
2026-05-31 13:23:38+00:00 | (73974 files, 2% size)
2026-05-31 13:23:48+00:00 | (74014 files, 2% size)
2026-05-31 13:23:58+00:00 | (74054 files, 2% size)
2026-05-31 13:24:08+00:00 | (74094 files, 2% size)
2026-05-31 13:24:18+00:00 | (74134 files, 2% size)
2026-05-31 13:24:28+00:00 | (74174 files, 2% size)
2026-05-31 13:24:38+00:00 | (74214 files, 2% size)
2026-05-31 13:24:48+00:00 | (74254 files, 2% size)
2026-05-31 13:24:58+00:00 | (74294 files, 2% size)
2026-05-31 13:25:08+00:00 | (74334 files, 2% size)
2026-05-31 13:25:18+00:00 | (74374 files, 2% size)
2026-05-31 13:25:28+00:00 | (74414 files, 2% size)
2026-05-31 13:25:38+00:00 | (74454 files, 2% size)
2026-05-31 13:25:48+00:00 | (74494 files, 2% size)
2026-05-31 13:25:58+00:00 | (74534 files, 2% size)
2026-05-31 13:26:08+00:00 | (74574 files, 2% size)
2026-05-31 13:26:18+00:00 | (74614 files, 2% size)
2026-05-31 13:26:28+00:00 | (74654 files, 2% size)
2026-05-31 13:26:38+00:00 | (74694 files, 2% size)
2026-05-31 13:26:48+00:00 | (74734 files, 2% size)
2026-05-31 13:26:58+00:00 | (74774 files, 2% size)
2026-05-31 13:27:08+00:00 | (74814 files, 2% size)
2026-05-31 13:27:18+00:00 | (74854 files, 2% size)
2026-05-31 13:27:28+00:00 | (74894 files, 3% size)
2026-05-31 13:27:38+00:00 | (74934 files, 3% size)
2026-05-31 13:27:48+00:00 | (74974 files, 3% size)
2026-05-31 13:27:58+00:00 | (75014 files, 3% size)
2026-05-31 13:28:08+00:00 | (75054 files, 3% size)
2026-05-31 13:28:18+00:00 | (75094 files, 3% size)
2026-05-31 13:28:28+00:00 | (75134 files, 3% size)
2026-05-31 13:28:38+00:00 | (75174 files, 3% size)
2026-05-31 13:28:48+00:00 | (75214 files, 3% size)
2026-05-31 13:28:58+00:00 | (75254 files, 3% size)
2026-05-31 13:29:08+00:00 | (75294 files, 3% size)
2026-05-31 13:29:18+00:00 | (75334 files, 3% size)
2026-05-31 13:29:28+00:00 | (75374 files, 3% size)
2026-05-31 13:29:38+00:00 | (75414 files, 3% size)
2026-05-31 13:29:48+00:00 | (75454 files, 3% size)
2026-05-31 13:29:58+00:00 | (75494 files, 3% size)
2026-05-31 13:30:08+00:00 | (75534 files, 3% size)
2026-05-31 13:30:18+00:00 | (75574 files, 3% size)
2026-05-31 13:30:28+00:00 | (75614 files, 3% size)
2026-05-31 13:30:38+00:00 | (75654 files, 3% size)
2026-05-31 13:30:48+00:00 | (75694 files, 3% size)
2026-05-31 13:30:58+00:00 | (75734 files, 3% size)
2026-05-31 13:31:08+00:00 | (75774 files, 3% size)
2026-05-31 13:31:18+00:00 | (75814 files, 3% size)
2026-05-31 13:31:28+00:00 | (75854 files, 3% size)
2026-05-31 13:31:38+00:00 | (75894 files, 3% size)
2026-05-31 13:31:48+00:00 | (75934 files, 3% size)
2026-05-31 13:31:58+00:00 | (75974 files, 3% size)
2026-05-31 13:32:08+00:00 | (76014 files, 3% size)
2026-05-31 13:32:18+00:00 | (76054 files, 3% size)
2026-05-31 13:32:28+00:00 | (76094 files, 3% size)
2026-05-31 13:32:38+00:00 | (76134 files, 3% size)
2026-05-31 13:32:48+00:00 | (76174 files, 3% size)
2026-05-31 13:32:58+00:00 | (76214 files, 3% size)
2026-05-31 13:33:08+00:00 | (76254 files, 3% size)
2026-05-31 13:33:18+00:00 | (76294 files, 3% size)
2026-05-31 13:33:28+00:00 | (76334 files, 3% size)
2026-05-31 13:33:38+00:00 | (76374 files, 3% size)
2026-05-31 13:33:48+00:00 | (76414 files, 3% size)
2026-05-31 13:33:58+00:00 | (76454 files, 3% size)
2026-05-31 13:34:08+00:00 | (76494 files, 3% size)
2026-05-31 13:34:18+00:00 | (76534 files, 3% size)
2026-05-31 13:34:28+00:00 | (76574 files, 3% size)
2026-05-31 13:34:38+00:00 | (76614 files, 3% size)
2026-05-31 13:34:48+00:00 | (76654 files, 3% size)
2026-05-31 13:34:58+00:00 | (76694 files, 3% size)
2026-05-31 13:35:08+00:00 | (76734 files, 3% size)
2026-05-31 13:35:18+00:00 | (76774 files, 3% size)
2026-05-31 13:35:28+00:00 | (76814 files, 3% size)
2026-05-31 13:35:38+00:00 | (76854 files, 3% size)
2026-05-31 13:35:48+00:00 | (76894 files, 3% size)
2026-05-31 13:35:58+00:00 | (76934 files, 3% size)
2026-05-31 13:36:08+00:00 | (76974 files, 3% size)
2026-05-31 13:36:18+00:00 | (77014 files, 3% size)
2026-05-31 13:36:28+00:00 | (77054 files, 3% size)
2026-05-31 13:36:38+00:00 | (77094 files, 3% size)
2026-05-31 13:36:48+00:00 | (77134 files, 3% size)
2026-05-31 13:36:58+00:00 | (77174 files, 3% size)
2026-05-31 13:37:08+00:00 | (77214 files, 3% size)
2026-05-31 13:37:18+00:00 | (77254 files, 3% size)
2026-05-31 13:37:28+00:00 | (77294 files, 3% size)
2026-05-31 13:37:38+00:00 | (77334 files, 3% size)
2026-05-31 13:37:48+00:00 | (77374 files, 3% size)
2026-05-31 13:37:58+00:00 | (77414 files, 3% size)
2026-05-31 13:38:08+00:00 | (77454 files, 3% size)
2026-05-31 13:38:18+00:00 | (77494 files, 3% size)
2026-05-31 13:38:28+00:00 | (77534 files, 3% size)
2026-05-31 13:38:38+00:00 | (77574 files, 3% size)
2026-05-31 13:38:48+00:00 | (77614 files, 3% size)
2026-05-31 13:38:58+00:00 | (77654 files, 3% size)
2026-05-31 13:39:08+00:00 | (77694 files, 3% size)
2026-05-31 13:39:18+00:00 | (77734 files, 3% size)
2026-05-31 13:39:28+00:00 | (77774 files, 3% size)
2026-05-31 13:39:38+00:00 | (77814 files, 3% size)
2026-05-31 13:39:48+00:00 | (77854 files, 3% size)
2026-05-31 13:39:58+00:00 | (77894 files, 3% size)
2026-05-31 13:40:08+00:00 | (77934 files, 3% size)
2026-05-31 13:40:18+00:00 | (77974 files, 3% size)
2026-05-31 13:40:28+00:00 | (78014 files, 3% size)
2026-05-31 13:40:38+00:00 | (78054 files, 3% size)
2026-05-31 13:40:48+00:00 | (78094 files, 3% size)
2026-05-31 13:40:58+00:00 | (78134 files, 3% size)
2026-05-31 13:41:08+00:00 | (78174 files, 3% size)
2026-05-31 13:41:18+00:00 | (78214 files, 3% size)
2026-05-31 13:41:28+00:00 | (78254 files, 3% size)
2026-05-31 13:41:38+00:00 | (78294 files, 3% size)
2026-05-31 13:41:48+00:00 | (78334 files, 3% size)
2026-05-31 13:41:58+00:00 | (78374 files, 3% size)
2026-05-31 13:42:08+00:00 | (78414 files, 3% size)
2026-05-31 13:42:18+00:00 | (78454 files, 3% size)
2026-05-31 13:42:28+00:00 | (78494 files, 3% size)
2026-05-31 13:42:38+00:00 | (78534 files, 3% size)
2026-05-31 13:42:48+00:00 | (78574 files, 3% size)
2026-05-31 13:42:58+00:00 | (78614 files, 3% size)
2026-05-31 13:43:08+00:00 | (78654 files, 3% size)
2026-05-31 13:43:18+00:00 | (78694 files, 3% size)
2026-05-31 13:43:28+00:00 | (78734 files, 3% size)
2026-05-31 13:43:38+00:00 | (78774 files, 3% size)
2026-05-31 13:43:48+00:00 | (78814 files, 3% size)
2026-05-31 13:43:58+00:00 | (78854 files, 3% size)
2026-05-31 13:44:08+00:00 | (78894 files, 3% size)
2026-05-31 13:44:18+00:00 | (78934 files, 3% size)
2026-05-31 13:44:28+00:00 | (78974 files, 3% size)
2026-05-31 13:44:38+00:00 | (79014 files, 3% size)
2026-05-31 13:44:48+00:00 | (79054 files, 3% size)
2026-05-31 13:44:58+00:00 | (79094 files, 3% size)
2026-05-31 13:45:08+00:00 | (79134 files, 3% size)
2026-05-31 13:45:18+00:00 | (79174 files, 3% size)
2026-05-31 13:45:28+00:00 | (79214 files, 3% size)
2026-05-31 13:45:38+00:00 | (79254 files, 3% size)
2026-05-31 13:45:48+00:00 | (79294 files, 3% size)
2026-05-31 13:45:58+00:00 | (79334 files, 3% size)
2026-05-31 13:46:08+00:00 | (79374 files, 3% size)
2026-05-31 13:46:18+00:00 | (79414 files, 3% size)
2026-05-31 13:46:28+00:00 | (79454 files, 3% size)
2026-05-31 13:46:38+00:00 | (79494 files, 3% size)
2026-05-31 13:46:48+00:00 | (79534 files, 3% size)
2026-05-31 13:46:58+00:00 | (79574 files, 3% size)
2026-05-31 13:47:08+00:00 | (79614 files, 3% size)
2026-05-31 13:47:18+00:00 | (79654 files, 3% size)
2026-05-31 13:47:28+00:00 | (79694 files, 3% size)
2026-05-31 13:47:38+00:00 | (79734 files, 3% size)
2026-05-31 13:47:48+00:00 | (79774 files, 3% size)
2026-05-31 13:47:58+00:00 | (79814 files, 3% size)
2026-05-31 13:48:08+00:00 | (79854 files, 3% size)
2026-05-31 13:48:18+00:00 | (79894 files, 3% size)
2026-05-31 13:48:28+00:00 | (79934 files, 3% size)
2026-05-31 13:48:38+00:00 | (79974 files, 3% size)
2026-05-31 13:48:48+00:00 | (80014 files, 3% size)
2026-05-31 13:48:58+00:00 | (80054 files, 3% size)
2026-05-31 13:49:08+00:00 | (80094 files, 3% size)
2026-05-31 13:49:18+00:00 | (80134 files, 3% size)
2026-05-31 13:49:28+00:00 | (80174 files, 3% size)
2026-05-31 13:49:38+00:00 | (80214 files, 3% size)
2026-05-31 13:49:48+00:00 | (80254 files, 3% size)
2026-05-31 13:49:58+00:00 | (80294 files, 3% size)
2026-05-31 13:50:08+00:00 | (80334 files, 3% size)
2026-05-31 13:50:18+00:00 | (80374 files, 3% size)
2026-05-31 13:50:28+00:00 | (80414 files, 3% size)
2026-05-31 13:50:38+00:00 | (80454 files, 3% size)
2026-05-31 13:50:48+00:00 | (80494 files, 3% size)
2026-05-31 13:50:58+00:00 | (80534 files, 3% size)
2026-05-31 13:51:08+00:00 | (80574 files, 3% size)
2026-05-31 13:51:18+00:00 | (80614 files, 3% size)
2026-05-31 13:51:28+00:00 | (80654 files, 3% size)
2026-05-31 13:51:38+00:00 | (80694 files, 3% size)
2026-05-31 13:51:48+00:00 | (80734 files, 3% size)
2026-05-31 13:51:58+00:00 | (80774 files, 3% size)
2026-05-31 13:52:08+00:00 | (80814 files, 3% size)
2026-05-31 13:52:18+00:00 | (80854 files, 3% size)
2026-05-31 13:52:28+00:00 | (80894 files, 3% size)
2026-05-31 13:52:38+00:00 | (80934 files, 3% size)
2026-05-31 13:52:48+00:00 | (80974 files, 3% size)
2026-05-31 13:52:58+00:00 | (81014 files, 3% size)
2026-05-31 13:53:08+00:00 | (81054 files, 3% size)
2026-05-31 13:53:18+00:00 | (81094 files, 3% size)
2026-05-31 13:53:28+00:00 | (81134 files, 3% size)
2026-05-31 13:53:38+00:00 | (81174 files, 3% size)
2026-05-31 13:53:48+00:00 | (81214 files, 3% size)
2026-05-31 13:53:58+00:00 | (81254 files, 3% size)
2026-05-31 13:54:08+00:00 | (81294 files, 3% size)
2026-05-31 13:54:18+00:00 | (81334 files, 3% size)
2026-05-31 13:54:28+00:00 | (81374 files, 3% size)
2026-05-31 13:54:38+00:00 | (81414 files, 3% size)
2026-05-31 13:54:48+00:00 | (81454 files, 3% size)
2026-05-31 13:54:58+00:00 | (81494 files, 3% size)
2026-05-31 13:55:08+00:00 | (81534 files, 3% size)
2026-05-31 13:55:18+00:00 | (81574 files, 3% size)
2026-05-31 13:55:28+00:00 | (81614 files, 3% size)
2026-05-31 13:55:38+00:00 | (81654 files, 3% size)
2026-05-31 13:55:48+00:00 | (81694 files, 3% size)
2026-05-31 13:55:58+00:00 | (81734 files, 3% size)
2026-05-31 13:56:08+00:00 | (81774 files, 3% size)
2026-05-31 13:56:18+00:00 | (81814 files, 3% size)
2026-05-31 13:56:28+00:00 | (81854 files, 3% size)
2026-05-31 13:56:38+00:00 | (81894 files, 3% size)
2026-05-31 13:56:48+00:00 | (81934 files, 3% size)
2026-05-31 13:56:58+00:00 | (81974 files, 3% size)
2026-05-31 13:57:08+00:00 | (82014 files, 3% size)
2026-05-31 13:57:18+00:00 | (82054 files, 3% size)
2026-05-31 13:57:28+00:00 | (82094 files, 3% size)
2026-05-31 13:57:38+00:00 | (82134 files, 3% size)
2026-05-31 13:57:48+00:00 | (82174 files, 3% size)
2026-05-31 13:57:58+00:00 | (82214 files, 3% size)
2026-05-31 13:58:08+00:00 | (82254 files, 3% size)
2026-05-31 13:58:18+00:00 | (82294 files, 3% size)
2026-05-31 13:58:28+00:00 | (82334 files, 3% size)
2026-05-31 13:58:38+00:00 | (82374 files, 3% size)
2026-05-31 13:58:48+00:00 | (82414 files, 3% size)
2026-05-31 13:58:58+00:00 | (82454 files, 3% size)
2026-05-31 13:59:08+00:00 | (82494 files, 3% size)
2026-05-31 13:59:18+00:00 | (82534 files, 3% size)
2026-05-31 13:59:28+00:00 | (82574 files, 3% size)
2026-05-31 13:59:38+00:00 | (82614 files, 3% size)
2026-05-31 13:59:48+00:00 | (82654 files, 3% size)
2026-05-31 13:59:58+00:00 | (82694 files, 3% size)
2026-05-31 14:00:08+00:00 | (82734 files, 3% size)
2026-05-31 14:00:18+00:00 | (82774 files, 3% size)
2026-05-31 14:00:28+00:00 | (82814 files, 3% size)
2026-05-31 14:00:38+00:00 | (82854 files, 3% size)
2026-05-31 14:00:48+00:00 | (82894 files, 3% size)
2026-05-31 14:00:58+00:00 | (82934 files, 3% size)
2026-05-31 14:01:08+00:00 | (82974 files, 3% size)
2026-05-31 14:01:18+00:00 | (83014 files, 3% size)
2026-05-31 14:01:28+00:00 | (83054 files, 3% size)
2026-05-31 14:01:38+00:00 | (83094 files, 3% size)
2026-05-31 14:01:48+00:00 | (83134 files, 3% size)
2026-05-31 14:01:58+00:00 | (83174 files, 3% size)
2026-05-31 14:02:08+00:00 | (83214 files, 3% size)
2026-05-31 14:02:18+00:00 | (83254 files, 3% size)
2026-05-31 14:02:28+00:00 | (83294 files, 3% size)
2026-05-31 14:02:38+00:00 | (83334 files, 3% size)
2026-05-31 14:02:48+00:00 | (83374 files, 3% size)
2026-05-31 14:02:58+00:00 | (83414 files, 3% size)
2026-05-31 14:03:08+00:00 | (83454 files, 3% size)
2026-05-31 14:03:18+00:00 | (83494 files, 3% size)
2026-05-31 14:03:28+00:00 | (83534 files, 3% size)
2026-05-31 14:03:38+00:00 | (83574 files, 3% size)
2026-05-31 14:03:48+00:00 | (83614 files, 3% size)
2026-05-31 14:03:58+00:00 | (83654 files, 3% size)
2026-05-31 14:04:08+00:00 | (83694 files, 3% size)
2026-05-31 14:04:18+00:00 | (83734 files, 3% size)
2026-05-31 14:04:28+00:00 | (83774 files, 3% size)
2026-05-31 14:04:38+00:00 | (83814 files, 3% size)
2026-05-31 14:04:48+00:00 | (83854 files, 3% size)
2026-05-31 14:04:58+00:00 | (83894 files, 3% size)
2026-05-31 14:05:08+00:00 | (83934 files, 3% size)
2026-05-31 14:05:18+00:00 | (83974 files, 3% size)
2026-05-31 14:05:28+00:00 | (84014 files, 3% size)
2026-05-31 14:05:38+00:00 | (84054 files, 3% size)
2026-05-31 14:05:48+00:00 | (84094 files, 3% size)
2026-05-31 14:05:58+00:00 | (84134 files, 3% size)
2026-05-31 14:06:08+00:00 | (84174 files, 3% size)
2026-05-31 14:06:18+00:00 | (84214 files, 3% size)
2026-05-31 14:06:28+00:00 | (84254 files, 3% size)
2026-05-31 14:06:38+00:00 | (84294 files, 3% size)
2026-05-31 14:06:48+00:00 | (84334 files, 3% size)
2026-05-31 14:06:58+00:00 | (84370 files, 3% size)
2026-05-31 14:07:08+00:00 | (84410 files, 3% size)
2026-05-31 14:07:18+00:00 | (84450 files, 3% size)
2026-05-31 14:07:28+00:00 | (84490 files, 3% size)
2026-05-31 14:07:38+00:00 | (84530 files, 3% size)
2026-05-31 14:07:48+00:00 | (84570 files, 3% size)
2026-05-31 14:07:58+00:00 | (84610 files, 3% size)
2026-05-31 14:08:08+00:00 | (84650 files, 3% size)
2026-05-31 14:08:18+00:00 | (84690 files, 3% size)
2026-05-31 14:08:28+00:00 | (84730 files, 3% size)
2026-05-31 14:08:38+00:00 | (84770 files, 3% size)
2026-05-31 14:08:48+00:00 | (84814 files, 3% size)
2026-05-31 14:08:58+00:00 | (84854 files, 3% size)
2026-05-31 14:09:08+00:00 | (84894 files, 3% size)
2026-05-31 14:09:18+00:00 | (84934 files, 3% size)
2026-05-31 14:09:28+00:00 | (84974 files, 3% size)
2026-05-31 14:09:38+00:00 | (85014 files, 3% size)
2026-05-31 14:09:48+00:00 | (85054 files, 3% size)
2026-05-31 14:09:58+00:00 | (85094 files, 3% size)
2026-05-31 14:10:08+00:00 | (85134 files, 3% size)
2026-05-31 14:10:18+00:00 | (85174 files, 3% size)
2026-05-31 14:10:28+00:00 | (85214 files, 3% size)
2026-05-31 14:10:38+00:00 | (85254 files, 3% size)
2026-05-31 14:10:48+00:00 | (85294 files, 3% size)
2026-05-31 14:10:58+00:00 | (85334 files, 3% size)
2026-05-31 14:11:08+00:00 | (85374 files, 3% size)
2026-05-31 14:11:18+00:00 | (85414 files, 3% size)
2026-05-31 14:11:28+00:00 | (85454 files, 3% size)
2026-05-31 14:11:38+00:00 | (85494 files, 3% size)
2026-05-31 14:11:48+00:00 | (85534 files, 3% size)
2026-05-31 14:11:58+00:00 | (85574 files, 3% size)
2026-05-31 14:12:08+00:00 | (85614 files, 3% size)
2026-05-31 14:12:18+00:00 | (85654 files, 3% size)
2026-05-31 14:12:28+00:00 | (85694 files, 3% size)
2026-05-31 14:12:38+00:00 | (85734 files, 3% size)
2026-05-31 14:12:48+00:00 | (85774 files, 3% size)
2026-05-31 14:12:58+00:00 | (85814 files, 3% size)
2026-05-31 14:13:08+00:00 | (85854 files, 3% size)
2026-05-31 14:13:18+00:00 | (85894 files, 3% size)
2026-05-31 14:13:28+00:00 | (85934 files, 3% size)
2026-05-31 14:13:38+00:00 | (85974 files, 3% size)
2026-05-31 14:13:48+00:00 | (86014 files, 3% size)
2026-05-31 14:13:58+00:00 | (86054 files, 3% size)
2026-05-31 14:14:08+00:00 | (86094 files, 3% size)
2026-05-31 14:14:18+00:00 | (86134 files, 3% size)
2026-05-31 14:14:28+00:00 | (86174 files, 3% size)
2026-05-31 14:14:38+00:00 | (86214 files, 3% size)
2026-05-31 14:14:48+00:00 | (86254 files, 3% size)
2026-05-31 14:14:58+00:00 | (86294 files, 3% size)
2026-05-31 14:15:08+00:00 | (86334 files, 3% size)
2026-05-31 14:15:18+00:00 | (86374 files, 3% size)
2026-05-31 14:15:28+00:00 | (86414 files, 3% size)
2026-05-31 14:15:38+00:00 | (86454 files, 3% size)
2026-05-31 14:15:48+00:00 | (86494 files, 3% size)
2026-05-31 14:15:58+00:00 | (86534 files, 3% size)
2026-05-31 14:16:08+00:00 | (86574 files, 3% size)
2026-05-31 14:16:18+00:00 | (86614 files, 3% size)
2026-05-31 14:16:28+00:00 | (86654 files, 3% size)
2026-05-31 14:16:38+00:00 | (86694 files, 3% size)
2026-05-31 14:16:48+00:00 | (86734 files, 3% size)
2026-05-31 14:16:58+00:00 | (86774 files, 3% size)
2026-05-31 14:17:08+00:00 | (86814 files, 3% size)
2026-05-31 14:17:18+00:00 | (86854 files, 3% size)
2026-05-31 14:17:28+00:00 | (86894 files, 3% size)
2026-05-31 14:17:38+00:00 | (86934 files, 3% size)
2026-05-31 14:17:48+00:00 | (86974 files, 3% size)
2026-05-31 14:17:58+00:00 | (87014 files, 3% size)
2026-05-31 14:18:08+00:00 | (87054 files, 3% size)
2026-05-31 14:18:18+00:00 | (87094 files, 3% size)
2026-05-31 14:18:28+00:00 | (87134 files, 3% size)
2026-05-31 14:18:38+00:00 | (87174 files, 3% size)
2026-05-31 14:18:48+00:00 | (87214 files, 3% size)
2026-05-31 14:18:58+00:00 | (87254 files, 3% size)
2026-05-31 14:19:08+00:00 | (87294 files, 3% size)
2026-05-31 14:19:18+00:00 | (87334 files, 3% size)
2026-05-31 14:19:28+00:00 | (87374 files, 3% size)
2026-05-31 14:19:38+00:00 | (87414 files, 3% size)
2026-05-31 14:19:48+00:00 | (87454 files, 3% size)
2026-05-31 14:19:58+00:00 | (87494 files, 3% size)
2026-05-31 14:20:08+00:00 | (87534 files, 3% size)
2026-05-31 14:20:18+00:00 | (87574 files, 3% size)
2026-05-31 14:20:28+00:00 | (87614 files, 3% size)
2026-05-31 14:20:38+00:00 | (87654 files, 3% size)
2026-05-31 14:20:48+00:00 | (87694 files, 3% size)
2026-05-31 14:20:58+00:00 | (87734 files, 3% size)
2026-05-31 14:21:08+00:00 | (87774 files, 3% size)
2026-05-31 14:21:18+00:00 | (87814 files, 3% size)
2026-05-31 14:21:28+00:00 | (87854 files, 3% size)
2026-05-31 14:21:38+00:00 | (87894 files, 3% size)
2026-05-31 14:21:48+00:00 | (87934 files, 3% size)
2026-05-31 14:21:58+00:00 | (87974 files, 3% size)
2026-05-31 14:22:08+00:00 | (88014 files, 3% size)
2026-05-31 14:22:18+00:00 | (88054 files, 3% size)
2026-05-31 14:22:28+00:00 | (88094 files, 3% size)
2026-05-31 14:22:38+00:00 | (88134 files, 3% size)
2026-05-31 14:22:48+00:00 | (88174 files, 3% size)
2026-05-31 14:22:58+00:00 | (88214 files, 3% size)
2026-05-31 14:23:08+00:00 | (88254 files, 3% size)
2026-05-31 14:23:18+00:00 | (88294 files, 3% size)
2026-05-31 14:23:28+00:00 | (88334 files, 3% size)
2026-05-31 14:23:38+00:00 | (88374 files, 3% size)
2026-05-31 14:23:48+00:00 | (88414 files, 3% size)
2026-05-31 14:23:58+00:00 | (88454 files, 3% size)
2026-05-31 14:24:08+00:00 | (88494 files, 3% size)
2026-05-31 14:24:18+00:00 | (88534 files, 3% size)
2026-05-31 14:24:28+00:00 | (88574 files, 3% size)
2026-05-31 14:24:38+00:00 | (88614 files, 3% size)
2026-05-31 14:24:48+00:00 | (88654 files, 3% size)
2026-05-31 14:24:58+00:00 | (88694 files, 3% size)
2026-05-31 14:25:08+00:00 | (88734 files, 3% size)
2026-05-31 14:25:18+00:00 | (88774 files, 3% size)
2026-05-31 14:25:28+00:00 | (88814 files, 3% size)
2026-05-31 14:25:38+00:00 | (88854 files, 3% size)
2026-05-31 14:25:48+00:00 | (88894 files, 3% size)
2026-05-31 14:25:58+00:00 | (88934 files, 3% size)
2026-05-31 14:26:08+00:00 | (88974 files, 3% size)
2026-05-31 14:26:18+00:00 | (89014 files, 3% size)
2026-05-31 14:26:28+00:00 | (89054 files, 3% size)
2026-05-31 14:26:38+00:00 | (89094 files, 3% size)
2026-05-31 14:26:48+00:00 | (89134 files, 3% size)
2026-05-31 14:26:58+00:00 | (89174 files, 3% size)
2026-05-31 14:27:08+00:00 | (89214 files, 3% size)
2026-05-31 14:27:18+00:00 | (89254 files, 3% size)
2026-05-31 14:27:28+00:00 | (89294 files, 3% size)
2026-05-31 14:27:38+00:00 | (89334 files, 3% size)
2026-05-31 14:27:48+00:00 | (89374 files, 3% size)
2026-05-31 14:27:58+00:00 | (89414 files, 3% size)
2026-05-31 14:28:08+00:00 | (89454 files, 3% size)
2026-05-31 14:28:18+00:00 | (89494 files, 3% size)
2026-05-31 14:28:28+00:00 | (89534 files, 3% size)
2026-05-31 14:28:38+00:00 | (89574 files, 3% size)
2026-05-31 14:28:48+00:00 | (89614 files, 3% size)
2026-05-31 14:28:58+00:00 | (89654 files, 3% size)
2026-05-31 14:29:08+00:00 | (89694 files, 3% size)
2026-05-31 14:29:18+00:00 | (89734 files, 3% size)
2026-05-31 14:29:28+00:00 | (89774 files, 3% size)
2026-05-31 14:29:38+00:00 | (89814 files, 3% size)
2026-05-31 14:29:48+00:00 | (89854 files, 3% size)
2026-05-31 14:29:58+00:00 | (89894 files, 3% size)
2026-05-31 14:30:08+00:00 | (89934 files, 3% size)
2026-05-31 14:30:18+00:00 | (89974 files, 3% size)
2026-05-31 14:30:28+00:00 | (90014 files, 3% size)
2026-05-31 14:30:38+00:00 | (90054 files, 3% size)
2026-05-31 14:30:48+00:00 | (90094 files, 3% size)
2026-05-31 14:30:58+00:00 | (90134 files, 3% size)
2026-05-31 14:31:08+00:00 | (90174 files, 3% size)
2026-05-31 14:31:18+00:00 | (90214 files, 3% size)
2026-05-31 14:31:28+00:00 | (90254 files, 3% size)
2026-05-31 14:31:38+00:00 | (90294 files, 3% size)
2026-05-31 14:31:48+00:00 | (90334 files, 3% size)
2026-05-31 14:31:58+00:00 | (90374 files, 3% size)
2026-05-31 14:32:08+00:00 | (90414 files, 3% size)
2026-05-31 14:32:18+00:00 | (90454 files, 3% size)
2026-05-31 14:32:28+00:00 | (90494 files, 3% size)
2026-05-31 14:32:38+00:00 | (90534 files, 3% size)
2026-05-31 14:32:48+00:00 | (90574 files, 3% size)
2026-05-31 14:32:58+00:00 | (90614 files, 3% size)
2026-05-31 14:33:08+00:00 | (90654 files, 3% size)
2026-05-31 14:33:18+00:00 | (90694 files, 3% size)
2026-05-31 14:33:28+00:00 | (90734 files, 3% size)
2026-05-31 14:33:38+00:00 | (90774 files, 3% size)
2026-05-31 14:33:48+00:00 | (90814 files, 3% size)
2026-05-31 14:33:58+00:00 | (90854 files, 3% size)
2026-05-31 14:34:08+00:00 | (90894 files, 3% size)
2026-05-31 14:34:18+00:00 | (90934 files, 3% size)
2026-05-31 14:34:28+00:00 | (90974 files, 3% size)
2026-05-31 14:34:38+00:00 | (91014 files, 3% size)
2026-05-31 14:34:48+00:00 | (91054 files, 3% size)
2026-05-31 14:34:58+00:00 | (91094 files, 3% size)
2026-05-31 14:35:08+00:00 | (91134 files, 3% size)
2026-05-31 14:35:18+00:00 | (91174 files, 3% size)
2026-05-31 14:35:28+00:00 | (91214 files, 3% size)
2026-05-31 14:35:38+00:00 | (91254 files, 3% size)
2026-05-31 14:35:48+00:00 | (91294 files, 3% size)
2026-05-31 14:35:58+00:00 | (91334 files, 3% size)
2026-05-31 14:36:08+00:00 | (91374 files, 3% size)
2026-05-31 14:36:18+00:00 | (91414 files, 3% size)
2026-05-31 14:36:28+00:00 | (91454 files, 3% size)
2026-05-31 14:36:38+00:00 | (91494 files, 3% size)
2026-05-31 14:36:48+00:00 | (91534 files, 3% size)
2026-05-31 14:36:58+00:00 | (91574 files, 3% size)
2026-05-31 14:37:08+00:00 | (91614 files, 3% size)
2026-05-31 14:37:18+00:00 | (91654 files, 3% size)
2026-05-31 14:37:28+00:00 | (91694 files, 3% size)
2026-05-31 14:37:38+00:00 | (91734 files, 3% size)
2026-05-31 14:37:48+00:00 | (91774 files, 3% size)
2026-05-31 14:37:58+00:00 | (91814 files, 3% size)
2026-05-31 14:38:08+00:00 | (91854 files, 3% size)
2026-05-31 14:38:18+00:00 | (91894 files, 3% size)
2026-05-31 14:38:28+00:00 | (91934 files, 3% size)
2026-05-31 14:38:38+00:00 | (91974 files, 3% size)
2026-05-31 14:38:48+00:00 | (92014 files, 3% size)
2026-05-31 14:38:58+00:00 | (92054 files, 3% size)
2026-05-31 14:39:08+00:00 | (92094 files, 3% size)
2026-05-31 14:39:18+00:00 | (92134 files, 3% size)
2026-05-31 14:39:28+00:00 | (92174 files, 3% size)
2026-05-31 14:39:38+00:00 | (92214 files, 3% size)
2026-05-31 14:39:48+00:00 | (92254 files, 3% size)
2026-05-31 14:39:58+00:00 | (92294 files, 3% size)
2026-05-31 14:40:08+00:00 | (92334 files, 3% size)
2026-05-31 14:40:18+00:00 | (92374 files, 3% size)
2026-05-31 14:40:28+00:00 | (92414 files, 3% size)
2026-05-31 14:40:38+00:00 | (92454 files, 3% size)
2026-05-31 14:40:48+00:00 | (92494 files, 3% size)
2026-05-31 14:40:58+00:00 | (92534 files, 3% size)
2026-05-31 14:41:08+00:00 | (92574 files, 3% size)
2026-05-31 14:41:18+00:00 | (92614 files, 3% size)
2026-05-31 14:41:28+00:00 | (92654 files, 3% size)
2026-05-31 14:41:38+00:00 | (92694 files, 3% size)
2026-05-31 14:41:48+00:00 | (92734 files, 3% size)
2026-05-31 14:41:58+00:00 | (92774 files, 3% size)
2026-05-31 14:42:08+00:00 | (92814 files, 3% size)
2026-05-31 14:42:18+00:00 | (92854 files, 3% size)
2026-05-31 14:42:28+00:00 | (92894 files, 3% size)
2026-05-31 14:42:38+00:00 | (92934 files, 3% size)
2026-05-31 14:42:48+00:00 | (92974 files, 3% size)
2026-05-31 14:42:58+00:00 | (93014 files, 3% size)
2026-05-31 14:43:08+00:00 | (93054 files, 3% size)
2026-05-31 14:43:18+00:00 | (93094 files, 3% size)
2026-05-31 14:43:28+00:00 | (93134 files, 3% size)
2026-05-31 14:43:38+00:00 | (93174 files, 3% size)
2026-05-31 14:43:48+00:00 | (93214 files, 3% size)
2026-05-31 14:43:58+00:00 | (93254 files, 3% size)
2026-05-31 14:44:08+00:00 | (93294 files, 3% size)
2026-05-31 14:44:18+00:00 | (93334 files, 3% size)
2026-05-31 14:44:28+00:00 | (93374 files, 3% size)
2026-05-31 14:44:38+00:00 | (93414 files, 3% size)
2026-05-31 14:44:48+00:00 | (93454 files, 3% size)
2026-05-31 14:44:58+00:00 | (93494 files, 3% size)
2026-05-31 14:45:08+00:00 | (93534 files, 3% size)
2026-05-31 14:45:18+00:00 | (93574 files, 3% size)
2026-05-31 14:45:28+00:00 | (93614 files, 3% size)
2026-05-31 14:45:38+00:00 | (93654 files, 3% size)
2026-05-31 14:45:48+00:00 | (93694 files, 3% size)
2026-05-31 14:45:58+00:00 | (93734 files, 3% size)
2026-05-31 14:46:08+00:00 | (93774 files, 3% size)
2026-05-31 14:46:18+00:00 | (93814 files, 3% size)
2026-05-31 14:46:28+00:00 | (93854 files, 3% size)
2026-05-31 14:46:38+00:00 | (93894 files, 3% size)
2026-05-31 14:46:48+00:00 | (93934 files, 3% size)
2026-05-31 14:46:58+00:00 | (93974 files, 3% size)
2026-05-31 14:47:08+00:00 | (94014 files, 3% size)
2026-05-31 14:47:18+00:00 | (94054 files, 3% size)
2026-05-31 14:47:28+00:00 | (94094 files, 3% size)
2026-05-31 14:47:38+00:00 | (94134 files, 3% size)
2026-05-31 14:47:48+00:00 | (94174 files, 3% size)
2026-05-31 14:47:58+00:00 | (94214 files, 3% size)
2026-05-31 14:48:08+00:00 | (94254 files, 3% size)
2026-05-31 14:48:18+00:00 | (94294 files, 3% size)
2026-05-31 14:48:28+00:00 | (94334 files, 3% size)
2026-05-31 14:48:38+00:00 | (94374 files, 3% size)
2026-05-31 14:48:48+00:00 | (94414 files, 3% size)
2026-05-31 14:48:58+00:00 | (94454 files, 3% size)
2026-05-31 14:49:08+00:00 | (94494 files, 3% size)
2026-05-31 14:49:18+00:00 | (94534 files, 3% size)
2026-05-31 14:49:28+00:00 | (94574 files, 3% size)
2026-05-31 14:49:38+00:00 | (94614 files, 3% size)
2026-05-31 14:49:48+00:00 | (94654 files, 3% size)
2026-05-31 14:49:58+00:00 | (94694 files, 3% size)
2026-05-31 14:50:08+00:00 | (94734 files, 3% size)
2026-05-31 14:50:18+00:00 | (94774 files, 3% size)
2026-05-31 14:50:28+00:00 | (94814 files, 3% size)
2026-05-31 14:50:38+00:00 | (94854 files, 3% size)
2026-05-31 14:50:48+00:00 | (94894 files, 3% size)
2026-05-31 14:50:58+00:00 | (94934 files, 3% size)
2026-05-31 14:51:08+00:00 | (94974 files, 3% size)
2026-05-31 14:51:18+00:00 | (95014 files, 3% size)
2026-05-31 14:51:28+00:00 | (95054 files, 3% size)
2026-05-31 14:51:38+00:00 | (95094 files, 3% size)
2026-05-31 14:51:48+00:00 | (95134 files, 3% size)
2026-05-31 14:51:58+00:00 | (95174 files, 3% size)
2026-05-31 14:52:08+00:00 | (95214 files, 3% size)
2026-05-31 14:52:18+00:00 | (95254 files, 3% size)
2026-05-31 14:52:28+00:00 | (95294 files, 3% size)
2026-05-31 14:52:38+00:00 | (95334 files, 3% size)
2026-05-31 14:52:48+00:00 | (95374 files, 3% size)
2026-05-31 14:52:58+00:00 | (95414 files, 3% size)
2026-05-31 14:53:08+00:00 | (95454 files, 3% size)
2026-05-31 14:53:18+00:00 | (95494 files, 3% size)
2026-05-31 14:53:28+00:00 | (95534 files, 3% size)
2026-05-31 14:53:38+00:00 | (95574 files, 3% size)
2026-05-31 14:53:48+00:00 | (95614 files, 3% size)
2026-05-31 14:53:58+00:00 | (95654 files, 3% size)
2026-05-31 14:54:08+00:00 | (95694 files, 3% size)
2026-05-31 14:54:18+00:00 | (95734 files, 3% size)
2026-05-31 14:54:28+00:00 | (95774 files, 3% size)
2026-05-31 14:54:38+00:00 | (95814 files, 3% size)
2026-05-31 14:54:48+00:00 | (95854 files, 3% size)
2026-05-31 14:54:58+00:00 | (95894 files, 3% size)
2026-05-31 14:55:08+00:00 | (95934 files, 3% size)
2026-05-31 14:55:18+00:00 | (95974 files, 3% size)
2026-05-31 14:55:28+00:00 | (96014 files, 3% size)
2026-05-31 14:55:38+00:00 | (96054 files, 3% size)
2026-05-31 14:55:48+00:00 | (96094 files, 3% size)
2026-05-31 14:55:58+00:00 | (96134 files, 3% size)
2026-05-31 14:56:08+00:00 | (96174 files, 3% size)
2026-05-31 14:56:18+00:00 | (96214 files, 3% size)
2026-05-31 14:56:28+00:00 | (96254 files, 3% size)
2026-05-31 14:56:38+00:00 | (96294 files, 3% size)
2026-05-31 14:56:48+00:00 | (96334 files, 3% size)
2026-05-31 14:56:58+00:00 | (96374 files, 3% size)
2026-05-31 14:57:08+00:00 | (96414 files, 3% size)
2026-05-31 14:57:18+00:00 | (96454 files, 3% size)
2026-05-31 14:57:28+00:00 | (96494 files, 3% size)
2026-05-31 14:57:38+00:00 | (96534 files, 3% size)
2026-05-31 14:57:48+00:00 | (96574 files, 3% size)
2026-05-31 14:57:58+00:00 | (96614 files, 3% size)
2026-05-31 14:58:08+00:00 | (96654 files, 3% size)
2026-05-31 14:58:18+00:00 | (96694 files, 3% size)
2026-05-31 14:58:28+00:00 | (96734 files, 3% size)
2026-05-31 14:58:38+00:00 | (96774 files, 3% size)
2026-05-31 14:58:48+00:00 | (96814 files, 3% size)
2026-05-31 14:58:58+00:00 | (96854 files, 3% size)
2026-05-31 14:59:08+00:00 | (96894 files, 3% size)
2026-05-31 14:59:18+00:00 | (96934 files, 3% size)
2026-05-31 14:59:28+00:00 | (96974 files, 3% size)
2026-05-31 14:59:38+00:00 | (97014 files, 3% size)
2026-05-31 14:59:48+00:00 | (97054 files, 3% size)
2026-05-31 14:59:58+00:00 | (97094 files, 3% size)
2026-05-31 15:00:08+00:00 | (97134 files, 3% size)
2026-05-31 15:00:18+00:00 | (97174 files, 3% size)
2026-05-31 15:00:28+00:00 | (97214 files, 3% size)
2026-05-31 15:00:38+00:00 | (97254 files, 3% size)
2026-05-31 15:00:48+00:00 | (97294 files, 3% size)
2026-05-31 15:00:58+00:00 | (97334 files, 3% size)
2026-05-31 15:01:08+00:00 | (97374 files, 3% size)
2026-05-31 15:01:18+00:00 | (97414 files, 3% size)
2026-05-31 15:01:28+00:00 | (97454 files, 3% size)
2026-05-31 15:01:38+00:00 | (97494 files, 3% size)
2026-05-31 15:01:48+00:00 | (97534 files, 3% size)
2026-05-31 15:01:58+00:00 | (97574 files, 3% size)
2026-05-31 15:02:08+00:00 | (97614 files, 3% size)
2026-05-31 15:02:18+00:00 | (97654 files, 3% size)
2026-05-31 15:02:28+00:00 | (97694 files, 3% size)
2026-05-31 15:02:38+00:00 | (97734 files, 3% size)
2026-05-31 15:02:48+00:00 | (97774 files, 3% size)
2026-05-31 15:02:58+00:00 | (97814 files, 3% size)
2026-05-31 15:03:08+00:00 | (97854 files, 3% size)
2026-05-31 15:03:18+00:00 | (97894 files, 3% size)
2026-05-31 15:03:28+00:00 | (97934 files, 3% size)
2026-05-31 15:03:38+00:00 | (97974 files, 3% size)
2026-05-31 15:03:48+00:00 | (98014 files, 3% size)
2026-05-31 15:03:58+00:00 | (98054 files, 3% size)
2026-05-31 15:04:08+00:00 | (98094 files, 3% size)
2026-05-31 15:04:18+00:00 | (98134 files, 3% size)
2026-05-31 15:04:28+00:00 | (98174 files, 3% size)
2026-05-31 15:04:38+00:00 | (98214 files, 3% size)
2026-05-31 15:04:48+00:00 | (98254 files, 3% size)
2026-05-31 15:04:58+00:00 | (98294 files, 3% size)
2026-05-31 15:05:08+00:00 | (98334 files, 3% size)
2026-05-31 15:05:18+00:00 | (98374 files, 3% size)
2026-05-31 15:05:28+00:00 | (98414 files, 3% size)
2026-05-31 15:05:38+00:00 | (98454 files, 3% size)
2026-05-31 15:05:48+00:00 | (98494 files, 3% size)
2026-05-31 15:05:58+00:00 | (98534 files, 3% size)
2026-05-31 15:06:08+00:00 | (98574 files, 3% size)
2026-05-31 15:06:18+00:00 | (98614 files, 3% size)
2026-05-31 15:06:28+00:00 | (98654 files, 3% size)
2026-05-31 15:06:38+00:00 | (98694 files, 3% size)
2026-05-31 15:06:48+00:00 | (98734 files, 3% size)
2026-05-31 15:06:58+00:00 | (98774 files, 3% size)
2026-05-31 15:07:08+00:00 | (98814 files, 3% size)
2026-05-31 15:07:18+00:00 | (98854 files, 3% size)
2026-05-31 15:07:28+00:00 | (98894 files, 3% size)
2026-05-31 15:07:38+00:00 | (98934 files, 3% size)
2026-05-31 15:07:48+00:00 | (98974 files, 3% size)
2026-05-31 15:07:58+00:00 | (99014 files, 3% size)
2026-05-31 15:08:08+00:00 | (99054 files, 3% size)
2026-05-31 15:08:18+00:00 | (99094 files, 3% size)
2026-05-31 15:08:28+00:00 | (99134 files, 3% size)
2026-05-31 15:08:38+00:00 | (99174 files, 3% size)
2026-05-31 15:08:48+00:00 | (99214 files, 3% size)
2026-05-31 15:08:58+00:00 | (99254 files, 3% size)
2026-05-31 15:09:08+00:00 | (99294 files, 3% size)
2026-05-31 15:09:18+00:00 | (99334 files, 3% size)
2026-05-31 15:09:28+00:00 | (99374 files, 3% size)
2026-05-31 15:09:38+00:00 | (99414 files, 3% size)
2026-05-31 15:09:48+00:00 | (99454 files, 3% size)
2026-05-31 15:09:58+00:00 | (99494 files, 3% size)
2026-05-31 15:10:08+00:00 | (99534 files, 3% size)
2026-05-31 15:10:18+00:00 | (99574 files, 3% size)
2026-05-31 15:10:28+00:00 | (99614 files, 3% size)
2026-05-31 15:10:38+00:00 | (99654 files, 3% size)
2026-05-31 15:10:48+00:00 | (99694 files, 3% size)
2026-05-31 15:10:58+00:00 | (99734 files, 3% size)
2026-05-31 15:11:08+00:00 | (99774 files, 3% size)
2026-05-31 15:11:18+00:00 | (99814 files, 3% size)
2026-05-31 15:11:28+00:00 | (99854 files, 4% size)
2026-05-31 15:11:38+00:00 | (99894 files, 4% size)
2026-05-31 15:11:48+00:00 | (99934 files, 4% size)
2026-05-31 15:11:58+00:00 | (99974 files, 4% size)
2026-05-31 15:12:08+00:00 | (100014 files, 4% size)
2026-05-31 15:12:18+00:00 | (100054 files, 4% size)
2026-05-31 15:12:28+00:00 | (100094 files, 4% size)
2026-05-31 15:12:38+00:00 | (100134 files, 4% size)
2026-05-31 15:12:48+00:00 | (100174 files, 4% size)
2026-05-31 15:12:58+00:00 | (100214 files, 4% size)
2026-05-31 15:13:08+00:00 | (100254 files, 4% size)
2026-05-31 15:13:18+00:00 | (100294 files, 4% size)
2026-05-31 15:13:28+00:00 | (100334 files, 4% size)
2026-05-31 15:13:38+00:00 | (100374 files, 4% size)
2026-05-31 15:13:48+00:00 | (100414 files, 4% size)
2026-05-31 15:13:58+00:00 | (100454 files, 4% size)
2026-05-31 15:14:08+00:00 | (100494 files, 4% size)
2026-05-31 15:14:18+00:00 | (100534 files, 4% size)
2026-05-31 15:14:28+00:00 | (100574 files, 4% size)
2026-05-31 15:14:38+00:00 | (100614 files, 4% size)
2026-05-31 15:14:48+00:00 | (100654 files, 4% size)
2026-05-31 15:14:58+00:00 | (100694 files, 4% size)
2026-05-31 15:15:08+00:00 | (100734 files, 4% size)
2026-05-31 15:15:18+00:00 | (100774 files, 4% size)
2026-05-31 15:15:28+00:00 | (100814 files, 4% size)
2026-05-31 15:15:38+00:00 | (100854 files, 4% size)
2026-05-31 15:15:48+00:00 | (100894 files, 4% size)
2026-05-31 15:15:58+00:00 | (100934 files, 4% size)
2026-05-31 15:16:08+00:00 | (100974 files, 4% size)
2026-05-31 15:16:18+00:00 | (101014 files, 4% size)
2026-05-31 15:16:28+00:00 | (101054 files, 4% size)
2026-05-31 15:16:38+00:00 | (101094 files, 4% size)
2026-05-31 15:16:48+00:00 | (101134 files, 4% size)
2026-05-31 15:16:58+00:00 | (101174 files, 4% size)
2026-05-31 15:17:08+00:00 | (101214 files, 4% size)
2026-05-31 15:17:18+00:00 | (101254 files, 4% size)
2026-05-31 15:17:28+00:00 | (101294 files, 4% size)
2026-05-31 15:17:38+00:00 | (101334 files, 4% size)
2026-05-31 15:17:48+00:00 | (101374 files, 4% size)
2026-05-31 15:17:58+00:00 | (101414 files, 4% size)
2026-05-31 15:18:08+00:00 | (101454 files, 4% size)
2026-05-31 15:18:18+00:00 | (101494 files, 4% size)
2026-05-31 15:18:28+00:00 | (101534 files, 4% size)
2026-05-31 15:18:38+00:00 | (101574 files, 4% size)
2026-05-31 15:18:48+00:00 | (101614 files, 4% size)
2026-05-31 15:18:58+00:00 | (101654 files, 4% size)
2026-05-31 15:19:08+00:00 | (101694 files, 4% size)
2026-05-31 15:19:18+00:00 | (101734 files, 4% size)
2026-05-31 15:19:28+00:00 | (101774 files, 4% size)
2026-05-31 15:19:38+00:00 | (101814 files, 4% size)
2026-05-31 15:19:48+00:00 | (101854 files, 4% size)
2026-05-31 15:19:58+00:00 | (101894 files, 4% size)
2026-05-31 15:20:08+00:00 | (101934 files, 4% size)
2026-05-31 15:20:18+00:00 | (101974 files, 4% size)
2026-05-31 15:20:28+00:00 | (102014 files, 4% size)
2026-05-31 15:20:38+00:00 | (102054 files, 4% size)
2026-05-31 15:20:48+00:00 | (102094 files, 4% size)
2026-05-31 15:20:58+00:00 | (102134 files, 4% size)
2026-05-31 15:21:08+00:00 | (102174 files, 4% size)
2026-05-31 15:21:18+00:00 | (102214 files, 4% size)
2026-05-31 15:21:28+00:00 | (102254 files, 4% size)
2026-05-31 15:21:38+00:00 | (102294 files, 4% size)
2026-05-31 15:21:48+00:00 | (102334 files, 4% size)
2026-05-31 15:21:58+00:00 | (102374 files, 4% size)
2026-05-31 15:22:08+00:00 | (102414 files, 4% size)
2026-05-31 15:22:18+00:00 | (102454 files, 4% size)
2026-05-31 15:22:28+00:00 | (102494 files, 4% size)
2026-05-31 15:22:38+00:00 | (102534 files, 4% size)
2026-05-31 15:22:48+00:00 | (102574 files, 4% size)
2026-05-31 15:22:58+00:00 | (102614 files, 4% size)
2026-05-31 15:23:08+00:00 | (102654 files, 4% size)
2026-05-31 15:23:18+00:00 | (102694 files, 4% size)
2026-05-31 15:23:28+00:00 | (102734 files, 4% size)
2026-05-31 15:23:38+00:00 | (102774 files, 4% size)
2026-05-31 15:23:48+00:00 | (102814 files, 4% size)
2026-05-31 15:23:58+00:00 | (102854 files, 4% size)
2026-05-31 15:24:08+00:00 | (102894 files, 4% size)
2026-05-31 15:24:18+00:00 | (102934 files, 4% size)
2026-05-31 15:24:28+00:00 | (102974 files, 4% size)
2026-05-31 15:24:38+00:00 | (103014 files, 4% size)
2026-05-31 15:24:48+00:00 | (103054 files, 4% size)
2026-05-31 15:24:58+00:00 | (103094 files, 4% size)
2026-05-31 15:25:08+00:00 | (103134 files, 4% size)
2026-05-31 15:25:18+00:00 | (103174 files, 4% size)
2026-05-31 15:25:28+00:00 | (103214 files, 4% size)
2026-05-31 15:25:38+00:00 | (103254 files, 4% size)
2026-05-31 15:25:48+00:00 | (103294 files, 4% size)
2026-05-31 15:25:58+00:00 | (103334 files, 4% size)
2026-05-31 15:26:08+00:00 | (103374 files, 4% size)
2026-05-31 15:26:18+00:00 | (103414 files, 4% size)
2026-05-31 15:26:28+00:00 | (103454 files, 4% size)
2026-05-31 15:26:38+00:00 | (103494 files, 4% size)
2026-05-31 15:26:48+00:00 | (103534 files, 4% size)
2026-05-31 15:26:58+00:00 | (103574 files, 4% size)
2026-05-31 15:27:08+00:00 | (103614 files, 4% size)
2026-05-31 15:27:18+00:00 | (103654 files, 4% size)
2026-05-31 15:27:28+00:00 | (103694 files, 4% size)
2026-05-31 15:27:38+00:00 | (103734 files, 4% size)
2026-05-31 15:27:48+00:00 | (103774 files, 4% size)
2026-05-31 15:27:58+00:00 | (103814 files, 4% size)
2026-05-31 15:28:08+00:00 | (103854 files, 4% size)
2026-05-31 15:28:18+00:00 | (103894 files, 4% size)
2026-05-31 15:28:28+00:00 | (103934 files, 4% size)
2026-05-31 15:28:38+00:00 | (103974 files, 4% size)
2026-05-31 15:28:48+00:00 | (104014 files, 4% size)
2026-05-31 15:28:58+00:00 | (104054 files, 4% size)
2026-05-31 15:29:08+00:00 | (104094 files, 4% size)
2026-05-31 15:29:18+00:00 | (104134 files, 4% size)
2026-05-31 15:29:28+00:00 | (104174 files, 4% size)
2026-05-31 15:29:38+00:00 | (104214 files, 4% size)
2026-05-31 15:29:48+00:00 | (104254 files, 4% size)
2026-05-31 15:29:58+00:00 | (104294 files, 4% size)
2026-05-31 15:30:08+00:00 | (104334 files, 4% size)
2026-05-31 15:30:18+00:00 | (104374 files, 4% size)
2026-05-31 15:30:28+00:00 | (104414 files, 4% size)
2026-05-31 15:30:38+00:00 | (104454 files, 4% size)
2026-05-31 15:30:48+00:00 | (104494 files, 4% size)
2026-05-31 15:30:58+00:00 | (104534 files, 4% size)
2026-05-31 15:31:08+00:00 | (104574 files, 4% size)
2026-05-31 15:31:18+00:00 | (104614 files, 4% size)
2026-05-31 15:31:28+00:00 | (104654 files, 4% size)
2026-05-31 15:31:38+00:00 | (104694 files, 4% size)
2026-05-31 15:31:48+00:00 | (104734 files, 4% size)
2026-05-31 15:31:58+00:00 | (104774 files, 4% size)
2026-05-31 15:32:08+00:00 | (104814 files, 4% size)
2026-05-31 15:32:18+00:00 | (104854 files, 4% size)
2026-05-31 15:32:28+00:00 | (104894 files, 4% size)
2026-05-31 15:32:38+00:00 | (104934 files, 4% size)
2026-05-31 15:32:48+00:00 | (104974 files, 4% size)
2026-05-31 15:32:58+00:00 | (105014 files, 4% size)
2026-05-31 15:33:08+00:00 | (105054 files, 4% size)
2026-05-31 15:33:18+00:00 | (105094 files, 4% size)
2026-05-31 15:33:28+00:00 | (105134 files, 4% size)
2026-05-31 15:33:38+00:00 | (105174 files, 4% size)
2026-05-31 15:33:48+00:00 | (105214 files, 4% size)
2026-05-31 15:33:58+00:00 | (105254 files, 4% size)
2026-05-31 15:34:08+00:00 | (105294 files, 4% size)
2026-05-31 15:34:18+00:00 | (105334 files, 4% size)
2026-05-31 15:34:28+00:00 | (105374 files, 4% size)
2026-05-31 15:34:38+00:00 | (105414 files, 4% size)
2026-05-31 15:34:48+00:00 | (105454 files, 4% size)
2026-05-31 15:34:58+00:00 | (105494 files, 4% size)
2026-05-31 15:35:08+00:00 | (105534 files, 4% size)
2026-05-31 15:35:18+00:00 | (105574 files, 4% size)
2026-05-31 15:35:28+00:00 | (105614 files, 4% size)
2026-05-31 15:35:38+00:00 | (105654 files, 4% size)
2026-05-31 15:35:48+00:00 | (105694 files, 4% size)
2026-05-31 15:35:58+00:00 | (105734 files, 4% size)
2026-05-31 15:36:08+00:00 | (105774 files, 4% size)
2026-05-31 15:36:18+00:00 | (105814 files, 4% size)
2026-05-31 15:36:28+00:00 | (105854 files, 4% size)
2026-05-31 15:36:38+00:00 | (105894 files, 4% size)
2026-05-31 15:36:48+00:00 | (105934 files, 4% size)
2026-05-31 15:36:58+00:00 | (105974 files, 4% size)
2026-05-31 15:37:08+00:00 | (106014 files, 4% size)
2026-05-31 15:37:18+00:00 | (106054 files, 4% size)
2026-05-31 15:37:28+00:00 | (106094 files, 4% size)
2026-05-31 15:37:38+00:00 | (106134 files, 4% size)
2026-05-31 15:37:48+00:00 | (106174 files, 4% size)
2026-05-31 15:37:58+00:00 | (106214 files, 4% size)
2026-05-31 15:38:08+00:00 | (106254 files, 4% size)
2026-05-31 15:38:18+00:00 | (106294 files, 4% size)
2026-05-31 15:38:28+00:00 | (106334 files, 4% size)
2026-05-31 15:38:38+00:00 | (106374 files, 4% size)
2026-05-31 15:38:48+00:00 | (106414 files, 4% size)
2026-05-31 15:38:58+00:00 | (106454 files, 4% size)
2026-05-31 15:39:08+00:00 | (106494 files, 4% size)
2026-05-31 15:39:18+00:00 | (106534 files, 4% size)
2026-05-31 15:39:28+00:00 | (106574 files, 4% size)
2026-05-31 15:39:38+00:00 | (106614 files, 4% size)
2026-05-31 15:39:48+00:00 | (106654 files, 4% size)
2026-05-31 15:39:58+00:00 | (106694 files, 4% size)
2026-05-31 15:40:08+00:00 | (106734 files, 4% size)
2026-05-31 15:40:18+00:00 | (106774 files, 4% size)
2026-05-31 15:40:28+00:00 | (106814 files, 4% size)
2026-05-31 15:40:38+00:00 | (106854 files, 4% size)
2026-05-31 15:40:48+00:00 | (106894 files, 4% size)
2026-05-31 15:40:58+00:00 | (106934 files, 4% size)
2026-05-31 15:41:08+00:00 | (106974 files, 4% size)
2026-05-31 15:41:18+00:00 | (107014 files, 4% size)
2026-05-31 15:41:28+00:00 | (107054 files, 4% size)
2026-05-31 15:41:38+00:00 | (107094 files, 4% size)
2026-05-31 15:41:48+00:00 | (107134 files, 4% size)
2026-05-31 15:41:58+00:00 | (107174 files, 4% size)
2026-05-31 15:42:08+00:00 | (107214 files, 4% size)
2026-05-31 15:42:18+00:00 | (107254 files, 4% size)
2026-05-31 15:42:28+00:00 | (107294 files, 4% size)
2026-05-31 15:42:38+00:00 | (107334 files, 4% size)
2026-05-31 15:42:48+00:00 | (107374 files, 4% size)
2026-05-31 15:42:58+00:00 | (107414 files, 4% size)
2026-05-31 15:43:08+00:00 | (107454 files, 4% size)
2026-05-31 15:43:18+00:00 | (107494 files, 4% size)
2026-05-31 15:43:28+00:00 | (107534 files, 4% size)
2026-05-31 15:43:38+00:00 | (107574 files, 4% size)
2026-05-31 15:43:48+00:00 | (107614 files, 4% size)
2026-05-31 15:43:58+00:00 | (107654 files, 4% size)
2026-05-31 15:44:08+00:00 | (107694 files, 4% size)
2026-05-31 15:44:18+00:00 | (107730 files, 4% size)
2026-05-31 15:44:28+00:00 | (107770 files, 4% size)
2026-05-31 15:44:38+00:00 | (107810 files, 4% size)
2026-05-31 15:44:48+00:00 | (107850 files, 4% size)
2026-05-31 15:44:58+00:00 | (107890 files, 4% size)
2026-05-31 15:45:08+00:00 | (107930 files, 4% size)
2026-05-31 15:45:18+00:00 | (107970 files, 4% size)
2026-05-31 15:45:28+00:00 | (108010 files, 4% size)
2026-05-31 15:45:38+00:00 | (108050 files, 4% size)
2026-05-31 15:45:48+00:00 | (108090 files, 4% size)
2026-05-31 15:45:58+00:00 | (108130 files, 4% size)
2026-05-31 15:46:08+00:00 | (108170 files, 4% size)
2026-05-31 15:46:18+00:00 | (108212 files, 4% size)
2026-05-31 15:46:28+00:00 | (108254 files, 4% size)
2026-05-31 15:46:38+00:00 | (108294 files, 4% size)
2026-05-31 15:46:48+00:00 | (108334 files, 4% size)
2026-05-31 15:46:58+00:00 | (108374 files, 4% size)
2026-05-31 15:47:08+00:00 | (108414 files, 4% size)
2026-05-31 15:47:18+00:00 | (108454 files, 4% size)
2026-05-31 15:47:28+00:00 | (108494 files, 4% size)
2026-05-31 15:47:38+00:00 | (108534 files, 4% size)
2026-05-31 15:47:48+00:00 | (108574 files, 4% size)
2026-05-31 15:47:58+00:00 | (108614 files, 4% size)
2026-05-31 15:48:08+00:00 | (108654 files, 4% size)
2026-05-31 15:48:18+00:00 | (108694 files, 4% size)
2026-05-31 15:48:28+00:00 | (108734 files, 4% size)
2026-05-31 15:48:38+00:00 | (108774 files, 4% size)
2026-05-31 15:48:48+00:00 | (108814 files, 4% size)
2026-05-31 15:48:58+00:00 | (108854 files, 4% size)
2026-05-31 15:49:08+00:00 | (108894 files, 4% size)
2026-05-31 15:49:18+00:00 | (108934 files, 4% size)
2026-05-31 15:49:28+00:00 | (108974 files, 4% size)
2026-05-31 15:49:38+00:00 | (109014 files, 4% size)
2026-05-31 15:49:48+00:00 | (109054 files, 4% size)
2026-05-31 15:49:58+00:00 | (109094 files, 4% size)
2026-05-31 15:50:08+00:00 | (109134 files, 4% size)
2026-05-31 15:50:18+00:00 | (109174 files, 4% size)
2026-05-31 15:50:28+00:00 | (109214 files, 4% size)
2026-05-31 15:50:38+00:00 | (109254 files, 4% size)
2026-05-31 15:50:48+00:00 | (109294 files, 4% size)
2026-05-31 15:50:58+00:00 | (109334 files, 4% size)
2026-05-31 15:51:08+00:00 | (109374 files, 4% size)
2026-05-31 15:51:18+00:00 | (109414 files, 4% size)
2026-05-31 15:51:28+00:00 | (109454 files, 4% size)
2026-05-31 15:51:38+00:00 | (109494 files, 4% size)
2026-05-31 15:51:48+00:00 | (109534 files, 4% size)
2026-05-31 15:51:58+00:00 | (109574 files, 4% size)
2026-05-31 15:52:08+00:00 | (109614 files, 4% size)
2026-05-31 15:52:18+00:00 | (109654 files, 4% size)
2026-05-31 15:52:28+00:00 | (109694 files, 4% size)
2026-05-31 15:52:38+00:00 | (109734 files, 4% size)
2026-05-31 15:52:48+00:00 | (109774 files, 4% size)
2026-05-31 15:52:58+00:00 | (109814 files, 4% size)
2026-05-31 15:53:08+00:00 | (109854 files, 4% size)
2026-05-31 15:53:18+00:00 | (109894 files, 4% size)
2026-05-31 15:53:28+00:00 | (109934 files, 4% size)
2026-05-31 15:53:38+00:00 | (109974 files, 4% size)
2026-05-31 15:53:48+00:00 | (110014 files, 4% size)
2026-05-31 15:53:58+00:00 | (110054 files, 4% size)
2026-05-31 15:54:08+00:00 | (110094 files, 4% size)
2026-05-31 15:54:18+00:00 | (110134 files, 4% size)
2026-05-31 15:54:28+00:00 | (110174 files, 4% size)
2026-05-31 15:54:38+00:00 | (110214 files, 4% size)
2026-05-31 15:54:48+00:00 | (110254 files, 4% size)
2026-05-31 15:54:58+00:00 | (110294 files, 4% size)
2026-05-31 15:55:08+00:00 | (110334 files, 4% size)
2026-05-31 15:55:18+00:00 | (110374 files, 4% size)
2026-05-31 15:55:28+00:00 | (110414 files, 4% size)
2026-05-31 15:55:38+00:00 | (110454 files, 4% size)
2026-05-31 15:55:48+00:00 | (110494 files, 4% size)
2026-05-31 15:55:58+00:00 | (110534 files, 4% size)
2026-05-31 15:56:08+00:00 | (110574 files, 4% size)
2026-05-31 15:56:18+00:00 | (110614 files, 4% size)
2026-05-31 15:56:28+00:00 | (110654 files, 4% size)
2026-05-31 15:56:38+00:00 | (110694 files, 4% size)
2026-05-31 15:56:48+00:00 | (110734 files, 4% size)
2026-05-31 15:56:58+00:00 | (110774 files, 4% size)
2026-05-31 15:57:08+00:00 | (110814 files, 4% size)
2026-05-31 15:57:18+00:00 | (110854 files, 4% size)
2026-05-31 15:57:28+00:00 | (110894 files, 4% size)
2026-05-31 15:57:38+00:00 | (110934 files, 4% size)
2026-05-31 15:57:48+00:00 | (110974 files, 4% size)
2026-05-31 15:57:58+00:00 | (111014 files, 4% size)
2026-05-31 15:58:08+00:00 | (111054 files, 4% size)
2026-05-31 15:58:18+00:00 | (111094 files, 4% size)
2026-05-31 15:58:28+00:00 | (111134 files, 4% size)
2026-05-31 15:58:38+00:00 | (111174 files, 4% size)
2026-05-31 15:58:48+00:00 | (111214 files, 4% size)
2026-05-31 15:58:58+00:00 | (111254 files, 4% size)
2026-05-31 15:59:08+00:00 | (111294 files, 4% size)
2026-05-31 15:59:18+00:00 | (111334 files, 4% size)
2026-05-31 15:59:28+00:00 | (111374 files, 4% size)
2026-05-31 15:59:38+00:00 | (111414 files, 4% size)
2026-05-31 15:59:48+00:00 | (111454 files, 4% size)
2026-05-31 15:59:58+00:00 | (111494 files, 4% size)
2026-05-31 16:00:08+00:00 | (111534 files, 4% size)
2026-05-31 16:00:18+00:00 | (111574 files, 4% size)
2026-05-31 16:00:28+00:00 | (111614 files, 4% size)
2026-05-31 16:00:38+00:00 | (111654 files, 4% size)
2026-05-31 16:00:48+00:00 | (111694 files, 4% size)
2026-05-31 16:00:58+00:00 | (111734 files, 4% size)
2026-05-31 16:01:08+00:00 | (111774 files, 4% size)
2026-05-31 16:01:18+00:00 | (111814 files, 4% size)
2026-05-31 16:01:28+00:00 | (111854 files, 4% size)
2026-05-31 16:01:38+00:00 | (111894 files, 4% size)
2026-05-31 16:01:48+00:00 | (111934 files, 4% size)
2026-05-31 16:01:58+00:00 | (111974 files, 4% size)
2026-05-31 16:02:08+00:00 | (112014 files, 4% size)
2026-05-31 16:02:18+00:00 | (112054 files, 4% size)
2026-05-31 16:02:28+00:00 | (112094 files, 4% size)
2026-05-31 16:02:38+00:00 | (112134 files, 4% size)
2026-05-31 16:02:48+00:00 | (112174 files, 4% size)
2026-05-31 16:02:58+00:00 | (112214 files, 4% size)
2026-05-31 16:03:08+00:00 | (112254 files, 4% size)
2026-05-31 16:03:18+00:00 | (112294 files, 4% size)
2026-05-31 16:03:28+00:00 | (112334 files, 4% size)
2026-05-31 16:03:38+00:00 | (112374 files, 4% size)
2026-05-31 16:03:48+00:00 | (112414 files, 4% size)
2026-05-31 16:03:58+00:00 | (112454 files, 4% size)
2026-05-31 16:04:08+00:00 | (112494 files, 4% size)
2026-05-31 16:04:18+00:00 | (112534 files, 4% size)
2026-05-31 16:04:28+00:00 | (112574 files, 4% size)
2026-05-31 16:04:38+00:00 | (112614 files, 4% size)
2026-05-31 16:04:48+00:00 | (112654 files, 4% size)
2026-05-31 16:04:58+00:00 | (112694 files, 4% size)
2026-05-31 16:05:08+00:00 | (112734 files, 4% size)
2026-05-31 16:05:18+00:00 | (112774 files, 4% size)
2026-05-31 16:05:28+00:00 | (112814 files, 4% size)
2026-05-31 16:05:38+00:00 | (112854 files, 4% size)
2026-05-31 16:05:48+00:00 | (112894 files, 4% size)
2026-05-31 16:05:58+00:00 | (112934 files, 4% size)
2026-05-31 16:06:08+00:00 | (112974 files, 4% size)
2026-05-31 16:06:18+00:00 | (113014 files, 4% size)
2026-05-31 16:06:28+00:00 | (113054 files, 4% size)
2026-05-31 16:06:38+00:00 | (113094 files, 4% size)
2026-05-31 16:06:48+00:00 | (113134 files, 4% size)
2026-05-31 16:06:58+00:00 | (113174 files, 4% size)
2026-05-31 16:07:08+00:00 | (113214 files, 4% size)
2026-05-31 16:07:18+00:00 | (113254 files, 4% size)
2026-05-31 16:07:28+00:00 | (113294 files, 4% size)
2026-05-31 16:07:38+00:00 | (113334 files, 4% size)
2026-05-31 16:07:48+00:00 | (113374 files, 4% size)
2026-05-31 16:07:58+00:00 | (113414 files, 4% size)
2026-05-31 16:08:08+00:00 | (113454 files, 4% size)
2026-05-31 16:08:18+00:00 | (113494 files, 4% size)
2026-05-31 16:08:28+00:00 | (113534 files, 4% size)
2026-05-31 16:08:38+00:00 | (113574 files, 4% size)
2026-05-31 16:08:48+00:00 | (113614 files, 4% size)
2026-05-31 16:08:58+00:00 | (113654 files, 4% size)
2026-05-31 16:09:08+00:00 | (113694 files, 4% size)
2026-05-31 16:09:18+00:00 | (113734 files, 4% size)
2026-05-31 16:09:28+00:00 | (113774 files, 4% size)
2026-05-31 16:09:38+00:00 | (113814 files, 4% size)
2026-05-31 16:09:48+00:00 | (113854 files, 4% size)
2026-05-31 16:09:58+00:00 | (113894 files, 4% size)
2026-05-31 16:10:08+00:00 | (113934 files, 4% size)
2026-05-31 16:10:18+00:00 | (113974 files, 4% size)
2026-05-31 16:10:28+00:00 | (114014 files, 4% size)
2026-05-31 16:10:38+00:00 | (114054 files, 4% size)
2026-05-31 16:10:48+00:00 | (114094 files, 4% size)
2026-05-31 16:10:58+00:00 | (114134 files, 4% size)
2026-05-31 16:11:08+00:00 | (114174 files, 4% size)
2026-05-31 16:11:18+00:00 | (114214 files, 4% size)
2026-05-31 16:11:28+00:00 | (114254 files, 4% size)
2026-05-31 16:11:38+00:00 | (114294 files, 4% size)
2026-05-31 16:11:48+00:00 | (114334 files, 4% size)
2026-05-31 16:11:58+00:00 | (114374 files, 4% size)
2026-05-31 16:12:08+00:00 | (114414 files, 4% size)
2026-05-31 16:12:18+00:00 | (114454 files, 4% size)
2026-05-31 16:12:28+00:00 | (114494 files, 4% size)
2026-05-31 16:12:38+00:00 | (114534 files, 4% size)
2026-05-31 16:12:48+00:00 | (114574 files, 4% size)
2026-05-31 16:12:58+00:00 | (114614 files, 4% size)
2026-05-31 16:13:08+00:00 | (114654 files, 4% size)
2026-05-31 16:13:18+00:00 | (114694 files, 4% size)
2026-05-31 16:13:28+00:00 | (114734 files, 4% size)
2026-05-31 16:13:38+00:00 | (114774 files, 4% size)
2026-05-31 16:13:48+00:00 | (114814 files, 4% size)
2026-05-31 16:13:58+00:00 | (114854 files, 4% size)
2026-05-31 16:14:08+00:00 | (114894 files, 4% size)
2026-05-31 16:14:18+00:00 | (114934 files, 4% size)
2026-05-31 16:14:28+00:00 | (114974 files, 4% size)
2026-05-31 16:14:38+00:00 | (115014 files, 4% size)
2026-05-31 16:14:48+00:00 | (115054 files, 4% size)
2026-05-31 16:14:58+00:00 | (115094 files, 4% size)
2026-05-31 16:15:08+00:00 | (115134 files, 4% size)
2026-05-31 16:15:18+00:00 | (115174 files, 4% size)
2026-05-31 16:15:28+00:00 | (115214 files, 4% size)
2026-05-31 16:15:38+00:00 | (115254 files, 4% size)
2026-05-31 16:15:48+00:00 | (115294 files, 4% size)
2026-05-31 16:15:58+00:00 | (115334 files, 4% size)
2026-05-31 16:16:08+00:00 | (115374 files, 4% size)
2026-05-31 16:16:18+00:00 | (115414 files, 4% size)
2026-05-31 16:16:28+00:00 | (115454 files, 4% size)
2026-05-31 16:16:38+00:00 | (115494 files, 4% size)
2026-05-31 16:16:48+00:00 | (115534 files, 4% size)
2026-05-31 16:16:58+00:00 | (115574 files, 4% size)
2026-05-31 16:17:08+00:00 | (115614 files, 4% size)
2026-05-31 16:17:18+00:00 | (115654 files, 4% size)
2026-05-31 16:17:28+00:00 | (115694 files, 4% size)
2026-05-31 16:17:38+00:00 | (115734 files, 4% size)
2026-05-31 16:17:48+00:00 | (115774 files, 4% size)
2026-05-31 16:17:58+00:00 | (115814 files, 4% size)
2026-05-31 16:18:08+00:00 | (115854 files, 4% size)
2026-05-31 16:18:18+00:00 | (115894 files, 4% size)
2026-05-31 16:18:28+00:00 | (115934 files, 4% size)
2026-05-31 16:18:38+00:00 | (115974 files, 4% size)
2026-05-31 16:18:48+00:00 | (116014 files, 4% size)
2026-05-31 16:18:58+00:00 | (116054 files, 4% size)
2026-05-31 16:19:08+00:00 | (116094 files, 4% size)
2026-05-31 16:19:18+00:00 | (116134 files, 4% size)
2026-05-31 16:19:28+00:00 | (116174 files, 4% size)
2026-05-31 16:19:38+00:00 | (116214 files, 4% size)
2026-05-31 16:19:48+00:00 | (116254 files, 4% size)
2026-05-31 16:19:58+00:00 | (116294 files, 4% size)
2026-05-31 16:20:08+00:00 | (116334 files, 4% size)
2026-05-31 16:20:18+00:00 | (116374 files, 4% size)
2026-05-31 16:20:28+00:00 | (116414 files, 4% size)
2026-05-31 16:20:38+00:00 | (116454 files, 4% size)
2026-05-31 16:20:48+00:00 | (116494 files, 4% size)
2026-05-31 16:20:58+00:00 | (116534 files, 4% size)
2026-05-31 16:21:08+00:00 | (116574 files, 4% size)
2026-05-31 16:21:18+00:00 | (116614 files, 4% size)
2026-05-31 16:21:28+00:00 | (116654 files, 4% size)
2026-05-31 16:21:38+00:00 | (116694 files, 4% size)
2026-05-31 16:21:48+00:00 | (116734 files, 4% size)
2026-05-31 16:21:58+00:00 | (116774 files, 4% size)
2026-05-31 16:22:08+00:00 | (116814 files, 4% size)
2026-05-31 16:22:18+00:00 | (116854 files, 4% size)
2026-05-31 16:22:28+00:00 | (116894 files, 4% size)
2026-05-31 16:22:38+00:00 | (116934 files, 4% size)
2026-05-31 16:22:48+00:00 | (116974 files, 4% size)
2026-05-31 16:22:58+00:00 | (117014 files, 4% size)
2026-05-31 16:23:08+00:00 | (117054 files, 4% size)
2026-05-31 16:23:18+00:00 | (117094 files, 4% size)
2026-05-31 16:23:28+00:00 | (117134 files, 4% size)
2026-05-31 16:23:38+00:00 | (117173 files, 4% size)
2026-05-31 16:23:48+00:00 | (117214 files, 4% size)
2026-05-31 16:23:58+00:00 | (117254 files, 4% size)
2026-05-31 16:24:08+00:00 | (117294 files, 4% size)
2026-05-31 16:24:18+00:00 | (117334 files, 4% size)
2026-05-31 16:24:28+00:00 | (117374 files, 4% size)
2026-05-31 16:24:38+00:00 | (117414 files, 4% size)
2026-05-31 16:24:48+00:00 | (117454 files, 4% size)
2026-05-31 16:24:58+00:00 | (117494 files, 4% size)
2026-05-31 16:25:08+00:00 | (117534 files, 4% size)
2026-05-31 16:25:18+00:00 | (117574 files, 4% size)
2026-05-31 16:25:28+00:00 | (117614 files, 4% size)
2026-05-31 16:25:38+00:00 | (117654 files, 4% size)
2026-05-31 16:25:48+00:00 | (117694 files, 4% size)
2026-05-31 16:25:58+00:00 | (117734 files, 4% size)
2026-05-31 16:26:08+00:00 | (117774 files, 4% size)
2026-05-31 16:26:18+00:00 | (117814 files, 4% size)
2026-05-31 16:26:28+00:00 | (117854 files, 4% size)
2026-05-31 16:26:38+00:00 | (117894 files, 4% size)
2026-05-31 16:26:48+00:00 | (117934 files, 4% size)
2026-05-31 16:26:58+00:00 | (117974 files, 4% size)
2026-05-31 16:27:08+00:00 | (118014 files, 4% size)
2026-05-31 16:27:18+00:00 | (118054 files, 4% size)
2026-05-31 16:27:28+00:00 | (118094 files, 4% size)
2026-05-31 16:27:38+00:00 | (118134 files, 4% size)
2026-05-31 16:27:48+00:00 | (118174 files, 4% size)
2026-05-31 16:27:58+00:00 | (118214 files, 4% size)
2026-05-31 16:28:08+00:00 | (118254 files, 4% size)
2026-05-31 16:28:18+00:00 | (118294 files, 4% size)
2026-05-31 16:28:28+00:00 | (118334 files, 4% size)
2026-05-31 16:28:38+00:00 | (118374 files, 4% size)
2026-05-31 16:28:48+00:00 | (118414 files, 4% size)
2026-05-31 16:28:58+00:00 | (118454 files, 4% size)
2026-05-31 16:29:08+00:00 | (118494 files, 4% size)
2026-05-31 16:29:18+00:00 | (118534 files, 4% size)
2026-05-31 16:29:28+00:00 | (118574 files, 4% size)
2026-05-31 16:29:38+00:00 | (118614 files, 4% size)
2026-05-31 16:29:48+00:00 | (118654 files, 4% size)
2026-05-31 16:29:58+00:00 | (118694 files, 4% size)
2026-05-31 16:30:08+00:00 | (118734 files, 4% size)
2026-05-31 16:30:18+00:00 | (118774 files, 4% size)
2026-05-31 16:30:28+00:00 | (118814 files, 4% size)
2026-05-31 16:30:38+00:00 | (118854 files, 4% size)
2026-05-31 16:30:48+00:00 | (118894 files, 4% size)
2026-05-31 16:30:58+00:00 | (118934 files, 4% size)
2026-05-31 16:31:08+00:00 | (118974 files, 4% size)
2026-05-31 16:31:18+00:00 | (119014 files, 4% size)
2026-05-31 16:31:28+00:00 | (119054 files, 4% size)
2026-05-31 16:31:38+00:00 | (119094 files, 4% size)
2026-05-31 16:31:48+00:00 | (119134 files, 4% size)
2026-05-31 16:31:58+00:00 | (119174 files, 4% size)
2026-05-31 16:32:08+00:00 | (119214 files, 4% size)
2026-05-31 16:32:18+00:00 | (119254 files, 4% size)
2026-05-31 16:32:28+00:00 | (119294 files, 4% size)
2026-05-31 16:32:38+00:00 | (119334 files, 4% size)
2026-05-31 16:32:48+00:00 | (119374 files, 4% size)
2026-05-31 16:32:58+00:00 | (119414 files, 4% size)
2026-05-31 16:33:08+00:00 | (119454 files, 4% size)
2026-05-31 16:33:18+00:00 | (119494 files, 4% size)
2026-05-31 16:33:28+00:00 | (119534 files, 4% size)
2026-05-31 16:33:38+00:00 | (119574 files, 4% size)
2026-05-31 16:33:48+00:00 | (119614 files, 4% size)
2026-05-31 16:33:58+00:00 | (119654 files, 4% size)
2026-05-31 16:34:08+00:00 | (119694 files, 4% size)
2026-05-31 16:34:18+00:00 | (119734 files, 4% size)
2026-05-31 16:34:28+00:00 | (119774 files, 4% size)
2026-05-31 16:34:38+00:00 | (119814 files, 4% size)
2026-05-31 16:34:48+00:00 | (119854 files, 4% size)
2026-05-31 16:34:58+00:00 | (119894 files, 4% size)
2026-05-31 16:35:08+00:00 | (119934 files, 4% size)
2026-05-31 16:35:18+00:00 | (119974 files, 4% size)
2026-05-31 16:35:28+00:00 | (120014 files, 4% size)
2026-05-31 16:35:38+00:00 | (120054 files, 4% size)
2026-05-31 16:35:48+00:00 | (120094 files, 4% size)
2026-05-31 16:35:58+00:00 | (120134 files, 4% size)
2026-05-31 16:36:08+00:00 | (120174 files, 4% size)
2026-05-31 16:36:18+00:00 | (120214 files, 4% size)
2026-05-31 16:36:28+00:00 | (120254 files, 4% size)
2026-05-31 16:36:38+00:00 | (120294 files, 4% size)
2026-05-31 16:36:48+00:00 | (120334 files, 4% size)
2026-05-31 16:36:58+00:00 | (120374 files, 4% size)
2026-05-31 16:37:08+00:00 | (120414 files, 4% size)
2026-05-31 16:37:18+00:00 | (120454 files, 4% size)
2026-05-31 16:37:28+00:00 | (120494 files, 4% size)
2026-05-31 16:37:38+00:00 | (120534 files, 4% size)
2026-05-31 16:37:48+00:00 | (120574 files, 4% size)
2026-05-31 16:37:58+00:00 | (120614 files, 4% size)
2026-05-31 16:38:08+00:00 | (120654 files, 4% size)
2026-05-31 16:38:18+00:00 | (120694 files, 4% size)
2026-05-31 16:38:28+00:00 | (120734 files, 4% size)
2026-05-31 16:38:38+00:00 | (120774 files, 4% size)
2026-05-31 16:38:48+00:00 | (120814 files, 4% size)
2026-05-31 16:38:58+00:00 | (120854 files, 4% size)
2026-05-31 16:39:08+00:00 | (120894 files, 4% size)
2026-05-31 16:39:18+00:00 | (120934 files, 4% size)
2026-05-31 16:39:28+00:00 | (120974 files, 4% size)
2026-05-31 16:39:38+00:00 | (121014 files, 4% size)
2026-05-31 16:39:48+00:00 | (121054 files, 4% size)
2026-05-31 16:39:58+00:00 | (121094 files, 4% size)
2026-05-31 16:40:08+00:00 | (121134 files, 4% size)
2026-05-31 16:40:18+00:00 | (121174 files, 4% size)
2026-05-31 16:40:28+00:00 | (121214 files, 4% size)
2026-05-31 16:40:38+00:00 | (121254 files, 4% size)
2026-05-31 16:40:48+00:00 | (121294 files, 4% size)
2026-05-31 16:40:58+00:00 | (121334 files, 4% size)
2026-05-31 16:41:08+00:00 | (121374 files, 4% size)
2026-05-31 16:41:18+00:00 | (121414 files, 4% size)
2026-05-31 16:41:28+00:00 | (121454 files, 4% size)
2026-05-31 16:41:38+00:00 | (121494 files, 4% size)
2026-05-31 16:41:48+00:00 | (121534 files, 4% size)
2026-05-31 16:41:58+00:00 | (121574 files, 4% size)
2026-05-31 16:42:08+00:00 | (121614 files, 4% size)
2026-05-31 16:42:18+00:00 | (121654 files, 4% size)
2026-05-31 16:42:28+00:00 | (121694 files, 4% size)
2026-05-31 16:42:38+00:00 | (121734 files, 4% size)
2026-05-31 16:42:48+00:00 | (121774 files, 4% size)
2026-05-31 16:42:58+00:00 | (121814 files, 4% size)
2026-05-31 16:43:08+00:00 | (121854 files, 4% size)
2026-05-31 16:43:18+00:00 | (121894 files, 4% size)
2026-05-31 16:43:28+00:00 | (121934 files, 4% size)
2026-05-31 16:43:38+00:00 | (121974 files, 4% size)
2026-05-31 16:43:48+00:00 | (122014 files, 4% size)
2026-05-31 16:43:58+00:00 | (122054 files, 4% size)
2026-05-31 16:44:08+00:00 | (122094 files, 4% size)
2026-05-31 16:44:18+00:00 | (122134 files, 4% size)
2026-05-31 16:44:28+00:00 | (122174 files, 4% size)
2026-05-31 16:44:38+00:00 | (122214 files, 4% size)
2026-05-31 16:44:48+00:00 | (122254 files, 4% size)
2026-05-31 16:44:58+00:00 | (122294 files, 4% size)
2026-05-31 16:45:08+00:00 | (122334 files, 4% size)
2026-05-31 16:45:18+00:00 | (122374 files, 4% size)
2026-05-31 16:45:28+00:00 | (122414 files, 4% size)
2026-05-31 16:45:38+00:00 | (122454 files, 4% size)
2026-05-31 16:45:48+00:00 | (122494 files, 4% size)
2026-05-31 16:45:58+00:00 | (122534 files, 4% size)
2026-05-31 16:46:08+00:00 | (122574 files, 4% size)
2026-05-31 16:46:18+00:00 | (122614 files, 4% size)
2026-05-31 16:46:28+00:00 | (122654 files, 4% size)
2026-05-31 16:46:38+00:00 | (122694 files, 4% size)
2026-05-31 16:46:48+00:00 | (122734 files, 4% size)
2026-05-31 16:46:58+00:00 | (122774 files, 4% size)
2026-05-31 16:47:08+00:00 | (122814 files, 4% size)
2026-05-31 16:47:18+00:00 | (122854 files, 4% size)
2026-05-31 16:47:28+00:00 | (122894 files, 4% size)
2026-05-31 16:47:38+00:00 | (122934 files, 4% size)
2026-05-31 16:47:48+00:00 | (122974 files, 4% size)
2026-05-31 16:47:58+00:00 | (123014 files, 4% size)
2026-05-31 16:48:08+00:00 | (123054 files, 4% size)
2026-05-31 16:48:18+00:00 | (123094 files, 4% size)
2026-05-31 16:48:28+00:00 | (123134 files, 4% size)
2026-05-31 16:48:38+00:00 | (123174 files, 4% size)
2026-05-31 16:48:48+00:00 | (123214 files, 4% size)
2026-05-31 16:48:58+00:00 | (123254 files, 4% size)
2026-05-31 16:49:08+00:00 | (123294 files, 4% size)
2026-05-31 16:49:18+00:00 | (123334 files, 4% size)
2026-05-31 16:49:28+00:00 | (123374 files, 4% size)
2026-05-31 16:49:38+00:00 | (123414 files, 4% size)
2026-05-31 16:49:48+00:00 | (123454 files, 4% size)
2026-05-31 16:49:58+00:00 | (123494 files, 4% size)
2026-05-31 16:50:08+00:00 | (123534 files, 4% size)
2026-05-31 16:50:18+00:00 | (123574 files, 4% size)
2026-05-31 16:50:28+00:00 | (123614 files, 4% size)
2026-05-31 16:50:38+00:00 | (123654 files, 4% size)
2026-05-31 16:50:48+00:00 | (123694 files, 4% size)
2026-05-31 16:50:58+00:00 | (123734 files, 4% size)
2026-05-31 16:51:08+00:00 | (123774 files, 4% size)
2026-05-31 16:51:18+00:00 | (123814 files, 4% size)
2026-05-31 16:51:28+00:00 | (123854 files, 4% size)
2026-05-31 16:51:38+00:00 | (123894 files, 4% size)
2026-05-31 16:51:48+00:00 | (123934 files, 4% size)
2026-05-31 16:51:58+00:00 | (123974 files, 4% size)
2026-05-31 16:52:08+00:00 | (124014 files, 4% size)
2026-05-31 16:52:18+00:00 | (124054 files, 4% size)
2026-05-31 16:52:28+00:00 | (124094 files, 4% size)
2026-05-31 16:52:38+00:00 | (124134 files, 4% size)
2026-05-31 16:52:48+00:00 | (124174 files, 4% size)
2026-05-31 16:52:58+00:00 | (124214 files, 4% size)
2026-05-31 16:53:08+00:00 | (124254 files, 4% size)
2026-05-31 16:53:18+00:00 | (124294 files, 4% size)
2026-05-31 16:53:28+00:00 | (124334 files, 4% size)
2026-05-31 16:53:38+00:00 | (124374 files, 4% size)
2026-05-31 16:53:48+00:00 | (124414 files, 4% size)
2026-05-31 16:53:58+00:00 | (124454 files, 4% size)
2026-05-31 16:54:08+00:00 | (124494 files, 4% size)
2026-05-31 16:54:18+00:00 | (124534 files, 4% size)
2026-05-31 16:54:28+00:00 | (124574 files, 4% size)
2026-05-31 16:54:38+00:00 | (124614 files, 4% size)
2026-05-31 16:54:48+00:00 | (124654 files, 4% size)
2026-05-31 16:54:58+00:00 | (124694 files, 4% size)
2026-05-31 16:55:08+00:00 | (124734 files, 4% size)
2026-05-31 16:55:18+00:00 | (124774 files, 4% size)
2026-05-31 16:55:28+00:00 | (124814 files, 5% size)
2026-05-31 16:55:38+00:00 | (124854 files, 5% size)
2026-05-31 16:55:48+00:00 | (124894 files, 5% size)
2026-05-31 16:55:58+00:00 | (124934 files, 5% size)
2026-05-31 16:56:08+00:00 | (124974 files, 5% size)
2026-05-31 16:56:18+00:00 | (125014 files, 5% size)
2026-05-31 16:56:28+00:00 | (125054 files, 5% size)
2026-05-31 16:56:38+00:00 | (125094 files, 5% size)
2026-05-31 16:56:48+00:00 | (125134 files, 5% size)
2026-05-31 16:56:58+00:00 | (125174 files, 5% size)
2026-05-31 16:57:08+00:00 | (125214 files, 5% size)
2026-05-31 16:57:18+00:00 | (125254 files, 5% size)
2026-05-31 16:57:28+00:00 | (125294 files, 5% size)
2026-05-31 16:57:38+00:00 | (125334 files, 5% size)
2026-05-31 16:57:48+00:00 | (125374 files, 5% size)
2026-05-31 16:57:58+00:00 | (125414 files, 5% size)
2026-05-31 16:58:08+00:00 | (125454 files, 5% size)
2026-05-31 16:58:18+00:00 | (125494 files, 5% size)
2026-05-31 16:58:28+00:00 | (125534 files, 5% size)
2026-05-31 16:58:38+00:00 | (125574 files, 5% size)
2026-05-31 16:58:48+00:00 | (125614 files, 5% size)
2026-05-31 16:58:58+00:00 | (125654 files, 5% size)
2026-05-31 16:59:08+00:00 | (125694 files, 5% size)
2026-05-31 16:59:18+00:00 | (125734 files, 5% size)
2026-05-31 16:59:28+00:00 | (125774 files, 5% size)
2026-05-31 16:59:38+00:00 | (125814 files, 5% size)
2026-05-31 16:59:48+00:00 | (125854 files, 5% size)
2026-05-31 16:59:58+00:00 | (125894 files, 5% size)
2026-05-31 17:00:08+00:00 | (125934 files, 5% size)
2026-05-31 17:00:18+00:00 | (125974 files, 5% size)
2026-05-31 17:00:28+00:00 | (126014 files, 5% size)
2026-05-31 17:00:38+00:00 | (126054 files, 5% size)
2026-05-31 17:00:48+00:00 | (126094 files, 5% size)
2026-05-31 17:00:58+00:00 | (126134 files, 5% size)
2026-05-31 17:01:08+00:00 | (126174 files, 5% size)
2026-05-31 17:01:18+00:00 | (126214 files, 5% size)
2026-05-31 17:01:28+00:00 | (126254 files, 5% size)
2026-05-31 17:01:38+00:00 | (126294 files, 5% size)
2026-05-31 17:01:48+00:00 | (126334 files, 5% size)
2026-05-31 17:01:58+00:00 | (126374 files, 5% size)
2026-05-31 17:02:08+00:00 | (126414 files, 5% size)
2026-05-31 17:02:18+00:00 | (126454 files, 5% size)
2026-05-31 17:02:28+00:00 | (126494 files, 5% size)
2026-05-31 17:02:38+00:00 | (126534 files, 5% size)
2026-05-31 17:02:48+00:00 | (126574 files, 5% size)
2026-05-31 17:02:58+00:00 | (126614 files, 5% size)
2026-05-31 17:03:08+00:00 | (126654 files, 5% size)
2026-05-31 17:03:18+00:00 | (126694 files, 5% size)
2026-05-31 17:03:28+00:00 | (126734 files, 5% size)
2026-05-31 17:03:38+00:00 | (126774 files, 5% size)
2026-05-31 17:03:48+00:00 | (126814 files, 5% size)
2026-05-31 17:03:58+00:00 | (126854 files, 5% size)
2026-05-31 17:04:08+00:00 | (126894 files, 5% size)
2026-05-31 17:04:18+00:00 | (126934 files, 5% size)
2026-05-31 17:04:28+00:00 | (126974 files, 5% size)
2026-05-31 17:04:38+00:00 | (127014 files, 5% size)
2026-05-31 17:04:48+00:00 | (127054 files, 5% size)
2026-05-31 17:04:58+00:00 | (127094 files, 5% size)
2026-05-31 17:05:08+00:00 | (127134 files, 5% size)
2026-05-31 17:05:18+00:00 | (127174 files, 5% size)
2026-05-31 17:05:28+00:00 | (127214 files, 5% size)
2026-05-31 17:05:38+00:00 | (127254 files, 5% size)
2026-05-31 17:05:48+00:00 | (127294 files, 5% size)
2026-05-31 17:05:58+00:00 | (127334 files, 5% size)
2026-05-31 17:06:08+00:00 | (127374 files, 5% size)
2026-05-31 17:06:18+00:00 | (127414 files, 5% size)
2026-05-31 17:06:28+00:00 | (127454 files, 5% size)
2026-05-31 17:06:38+00:00 | (127494 files, 5% size)
2026-05-31 17:06:48+00:00 | (127534 files, 5% size)
2026-05-31 17:06:58+00:00 | (127574 files, 5% size)
2026-05-31 17:07:08+00:00 | (127614 files, 5% size)
2026-05-31 17:07:18+00:00 | (127654 files, 5% size)
2026-05-31 17:07:28+00:00 | (127694 files, 5% size)
2026-05-31 17:07:38+00:00 | (127734 files, 5% size)
2026-05-31 17:07:48+00:00 | (127774 files, 5% size)
2026-05-31 17:07:58+00:00 | (127814 files, 5% size)
2026-05-31 17:08:08+00:00 | (127854 files, 5% size)
2026-05-31 17:08:18+00:00 | (127894 files, 5% size)
2026-05-31 17:08:28+00:00 | (127934 files, 5% size)
2026-05-31 17:08:38+00:00 | (127974 files, 5% size)
2026-05-31 17:08:48+00:00 | (128014 files, 5% size)
2026-05-31 17:08:58+00:00 | (128054 files, 5% size)
2026-05-31 17:09:08+00:00 | (128094 files, 5% size)
2026-05-31 17:09:18+00:00 | (128134 files, 5% size)
2026-05-31 17:09:28+00:00 | (128174 files, 5% size)
2026-05-31 17:09:38+00:00 | (128214 files, 5% size)
2026-05-31 17:09:48+00:00 | (128254 files, 5% size)
2026-05-31 17:09:58+00:00 | (128294 files, 5% size)
2026-05-31 17:10:08+00:00 | (128334 files, 5% size)
2026-05-31 17:10:18+00:00 | (128374 files, 5% size)
2026-05-31 17:10:28+00:00 | (128414 files, 5% size)
2026-05-31 17:10:38+00:00 | (128454 files, 5% size)
2026-05-31 17:10:48+00:00 | (128494 files, 5% size)
2026-05-31 17:10:58+00:00 | (128534 files, 5% size)
2026-05-31 17:11:08+00:00 | (128574 files, 5% size)
2026-05-31 17:11:18+00:00 | (128614 files, 5% size)
2026-05-31 17:11:28+00:00 | (128654 files, 5% size)
2026-05-31 17:11:38+00:00 | (128694 files, 5% size)
2026-05-31 17:11:48+00:00 | (128734 files, 5% size)
2026-05-31 17:11:58+00:00 | (128774 files, 5% size)
2026-05-31 17:12:08+00:00 | (128814 files, 5% size)
2026-05-31 17:12:18+00:00 | (128854 files, 5% size)
2026-05-31 17:12:28+00:00 | (128894 files, 5% size)
2026-05-31 17:12:38+00:00 | (128934 files, 5% size)
2026-05-31 17:12:48+00:00 | (128974 files, 5% size)
2026-05-31 17:12:58+00:00 | (129014 files, 5% size)
2026-05-31 17:13:08+00:00 | (129054 files, 5% size)
2026-05-31 17:13:18+00:00 | (129094 files, 5% size)
2026-05-31 17:13:28+00:00 | (129134 files, 5% size)
2026-05-31 17:13:38+00:00 | (129174 files, 5% size)
2026-05-31 17:13:48+00:00 | (129214 files, 5% size)
2026-05-31 17:13:58+00:00 | (129254 files, 5% size)
2026-05-31 17:14:08+00:00 | (129294 files, 5% size)
2026-05-31 17:14:18+00:00 | (129334 files, 5% size)
2026-05-31 17:14:28+00:00 | (129374 files, 5% size)
2026-05-31 17:14:38+00:00 | (129414 files, 5% size)
2026-05-31 17:14:48+00:00 | (129454 files, 5% size)
2026-05-31 17:14:58+00:00 | (129494 files, 5% size)
2026-05-31 17:15:08+00:00 | (129534 files, 5% size)
2026-05-31 17:15:18+00:00 | (129574 files, 5% size)
2026-05-31 17:15:28+00:00 | (129614 files, 5% size)
2026-05-31 17:15:38+00:00 | (129654 files, 5% size)
2026-05-31 17:15:48+00:00 | (129694 files, 5% size)
2026-05-31 17:15:58+00:00 | (129734 files, 5% size)
2026-05-31 17:16:08+00:00 | (129774 files, 5% size)
2026-05-31 17:16:18+00:00 | (129814 files, 5% size)
2026-05-31 17:16:28+00:00 | (129854 files, 5% size)
2026-05-31 17:16:38+00:00 | (129894 files, 5% size)
2026-05-31 17:16:48+00:00 | (129934 files, 5% size)
2026-05-31 17:16:58+00:00 | (129974 files, 5% size)
2026-05-31 17:17:08+00:00 | (130014 files, 5% size)
2026-05-31 17:17:18+00:00 | (130054 files, 5% size)
2026-05-31 17:17:28+00:00 | (130094 files, 5% size)
2026-05-31 17:17:38+00:00 | (130134 files, 5% size)
2026-05-31 17:17:48+00:00 | (130174 files, 5% size)
2026-05-31 17:17:58+00:00 | (130214 files, 5% size)
2026-05-31 17:18:08+00:00 | (130254 files, 5% size)
2026-05-31 17:18:18+00:00 | (130294 files, 5% size)
2026-05-31 17:18:28+00:00 | (130334 files, 5% size)
2026-05-31 17:18:38+00:00 | (130374 files, 5% size)
2026-05-31 17:18:48+00:00 | (130414 files, 5% size)
2026-05-31 17:18:58+00:00 | (130454 files, 5% size)
2026-05-31 17:19:08+00:00 | (130494 files, 5% size)
2026-05-31 17:19:18+00:00 | (130534 files, 5% size)
2026-05-31 17:19:28+00:00 | (130574 files, 5% size)
2026-05-31 17:19:38+00:00 | (130614 files, 5% size)
2026-05-31 17:19:48+00:00 | (130654 files, 5% size)
2026-05-31 17:19:58+00:00 | (130694 files, 5% size)
2026-05-31 17:20:08+00:00 | (130734 files, 5% size)
2026-05-31 17:20:18+00:00 | (130774 files, 5% size)
2026-05-31 17:20:28+00:00 | (130814 files, 5% size)
2026-05-31 17:20:38+00:00 | (130854 files, 5% size)
2026-05-31 17:20:48+00:00 | (130894 files, 5% size)
2026-05-31 17:20:58+00:00 | (130934 files, 5% size)
2026-05-31 17:21:08+00:00 | (130974 files, 5% size)
2026-05-31 17:21:18+00:00 | (131014 files, 5% size)
2026-05-31 17:21:28+00:00 | (131054 files, 5% size)
2026-05-31 17:21:38+00:00 | (131094 files, 5% size)
2026-05-31 17:21:48+00:00 | (131134 files, 5% size)
2026-05-31 17:21:58+00:00 | (131174 files, 5% size)
2026-05-31 17:22:08+00:00 | (131214 files, 5% size)
2026-05-31 17:22:18+00:00 | (131254 files, 5% size)
2026-05-31 17:22:28+00:00 | (131294 files, 5% size)
2026-05-31 17:22:38+00:00 | (131334 files, 5% size)
2026-05-31 17:22:48+00:00 | (131374 files, 5% size)
2026-05-31 17:22:58+00:00 | (131414 files, 5% size)
2026-05-31 17:23:08+00:00 | (131454 files, 5% size)
2026-05-31 17:23:18+00:00 | (131494 files, 5% size)
2026-05-31 17:23:28+00:00 | (131534 files, 5% size)
2026-05-31 17:23:38+00:00 | (131574 files, 5% size)
2026-05-31 17:23:48+00:00 | (131614 files, 5% size)
2026-05-31 17:23:58+00:00 | (131654 files, 5% size)
2026-05-31 17:24:08+00:00 | (131694 files, 5% size)
2026-05-31 17:24:18+00:00 | (131734 files, 5% size)
2026-05-31 17:24:28+00:00 | (131774 files, 5% size)
2026-05-31 17:24:38+00:00 | (131814 files, 5% size)
2026-05-31 17:24:48+00:00 | (131854 files, 5% size)
2026-05-31 17:24:58+00:00 | (131894 files, 5% size)
2026-05-31 17:25:08+00:00 | (131934 files, 5% size)
2026-05-31 17:25:18+00:00 | (131974 files, 5% size)
2026-05-31 17:25:28+00:00 | (132014 files, 5% size)
2026-05-31 17:25:38+00:00 | (132054 files, 5% size)
2026-05-31 17:25:48+00:00 | (132094 files, 5% size)
2026-05-31 17:25:58+00:00 | (132134 files, 5% size)
2026-05-31 17:26:08+00:00 | (132174 files, 5% size)
2026-05-31 17:26:18+00:00 | (132214 files, 5% size)
2026-05-31 17:26:28+00:00 | (132254 files, 5% size)
2026-05-31 17:26:38+00:00 | (132294 files, 5% size)
2026-05-31 17:26:48+00:00 | (132334 files, 5% size)
2026-05-31 17:26:58+00:00 | (132374 files, 5% size)
2026-05-31 17:27:08+00:00 | (132414 files, 5% size)
2026-05-31 17:27:18+00:00 | (132450 files, 5% size)
2026-05-31 17:27:28+00:00 | (132490 files, 5% size)
2026-05-31 17:27:38+00:00 | (132530 files, 5% size)
2026-05-31 17:27:48+00:00 | (132570 files, 5% size)
2026-05-31 17:27:58+00:00 | (132610 files, 5% size)
2026-05-31 17:28:08+00:00 | (132650 files, 5% size)
2026-05-31 17:28:18+00:00 | (132690 files, 5% size)
2026-05-31 17:28:28+00:00 | (132730 files, 5% size)
2026-05-31 17:28:38+00:00 | (132770 files, 5% size)
2026-05-31 17:28:48+00:00 | (132810 files, 5% size)
2026-05-31 17:28:58+00:00 | (132852 files, 5% size)
2026-05-31 17:29:08+00:00 | (132894 files, 5% size)
2026-05-31 17:29:18+00:00 | (132934 files, 5% size)
2026-05-31 17:29:28+00:00 | (132974 files, 5% size)
2026-05-31 17:29:38+00:00 | (133014 files, 5% size)
2026-05-31 17:29:48+00:00 | (133054 files, 5% size)
2026-05-31 17:29:58+00:00 | (133094 files, 5% size)
2026-05-31 17:30:08+00:00 | (133134 files, 5% size)
2026-05-31 17:30:18+00:00 | (133174 files, 5% size)
2026-05-31 17:30:28+00:00 | (133214 files, 5% size)
2026-05-31 17:30:38+00:00 | (133254 files, 5% size)
2026-05-31 17:30:48+00:00 | (133294 files, 5% size)
2026-05-31 17:30:58+00:00 | (133334 files, 5% size)
2026-05-31 17:31:08+00:00 | (133374 files, 5% size)
2026-05-31 17:31:18+00:00 | (133414 files, 5% size)
2026-05-31 17:31:28+00:00 | (133454 files, 5% size)
2026-05-31 17:31:38+00:00 | (133494 files, 5% size)
2026-05-31 17:31:48+00:00 | (133534 files, 5% size)
2026-05-31 17:31:58+00:00 | (133574 files, 5% size)
2026-05-31 17:32:08+00:00 | (133614 files, 5% size)
2026-05-31 17:32:18+00:00 | (133654 files, 5% size)
2026-05-31 17:32:28+00:00 | (133694 files, 5% size)
2026-05-31 17:32:38+00:00 | (133734 files, 5% size)
2026-05-31 17:32:48+00:00 | (133774 files, 5% size)
2026-05-31 17:32:58+00:00 | (133814 files, 5% size)
2026-05-31 17:33:08+00:00 | (133854 files, 5% size)
2026-05-31 17:33:18+00:00 | (133894 files, 5% size)
2026-05-31 17:33:28+00:00 | (133934 files, 5% size)
2026-05-31 17:33:38+00:00 | (133974 files, 5% size)
2026-05-31 17:33:48+00:00 | (134014 files, 5% size)
2026-05-31 17:33:58+00:00 | (134054 files, 5% size)
2026-05-31 17:34:08+00:00 | (134094 files, 5% size)
2026-05-31 17:34:18+00:00 | (134134 files, 5% size)
2026-05-31 17:34:28+00:00 | (134174 files, 5% size)
2026-05-31 17:34:38+00:00 | (134214 files, 5% size)
2026-05-31 17:34:48+00:00 | (134254 files, 5% size)
2026-05-31 17:34:58+00:00 | (134294 files, 5% size)
2026-05-31 17:35:08+00:00 | (134334 files, 5% size)
2026-05-31 17:35:18+00:00 | (134374 files, 5% size)
2026-05-31 17:35:28+00:00 | (134414 files, 5% size)
2026-05-31 17:35:38+00:00 | (134454 files, 5% size)
2026-05-31 17:35:48+00:00 | (134494 files, 5% size)
2026-05-31 17:35:58+00:00 | (134534 files, 5% size)
2026-05-31 17:36:08+00:00 | (134574 files, 5% size)
2026-05-31 17:36:18+00:00 | (134614 files, 5% size)
2026-05-31 17:36:28+00:00 | (134654 files, 5% size)
2026-05-31 17:36:38+00:00 | (134694 files, 5% size)
2026-05-31 17:36:48+00:00 | (134734 files, 5% size)
2026-05-31 17:36:58+00:00 | (134774 files, 5% size)
2026-05-31 17:37:08+00:00 | (134814 files, 5% size)
2026-05-31 17:37:18+00:00 | (134854 files, 5% size)
2026-05-31 17:37:28+00:00 | (134894 files, 5% size)
2026-05-31 17:37:38+00:00 | (134934 files, 5% size)
2026-05-31 17:37:48+00:00 | (134974 files, 5% size)
2026-05-31 17:37:58+00:00 | (135014 files, 5% size)
2026-05-31 17:38:08+00:00 | (135054 files, 5% size)
2026-05-31 17:38:18+00:00 | (135094 files, 5% size)
2026-05-31 17:38:28+00:00 | (135134 files, 5% size)
2026-05-31 17:38:38+00:00 | (135174 files, 5% size)
2026-05-31 17:38:48+00:00 | (135214 files, 5% size)
2026-05-31 17:38:58+00:00 | (135254 files, 5% size)
2026-05-31 17:39:08+00:00 | (135294 files, 5% size)
2026-05-31 17:39:18+00:00 | (135334 files, 5% size)
2026-05-31 17:39:28+00:00 | (135374 files, 5% size)
2026-05-31 17:39:38+00:00 | (135414 files, 5% size)
2026-05-31 17:39:48+00:00 | (135454 files, 5% size)
2026-05-31 17:39:58+00:00 | (135494 files, 5% size)
2026-05-31 17:40:08+00:00 | (135534 files, 5% size)
2026-05-31 17:40:18+00:00 | (135574 files, 5% size)
2026-05-31 17:40:28+00:00 | (135614 files, 5% size)
2026-05-31 17:40:38+00:00 | (135654 files, 5% size)
2026-05-31 17:40:48+00:00 | (135694 files, 5% size)
2026-05-31 17:40:58+00:00 | (135734 files, 5% size)
2026-05-31 17:41:08+00:00 | (135774 files, 5% size)
2026-05-31 17:41:18+00:00 | (135814 files, 5% size)
2026-05-31 17:41:28+00:00 | (135854 files, 5% size)
2026-05-31 17:41:38+00:00 | (135894 files, 5% size)
2026-05-31 17:41:48+00:00 | (135934 files, 5% size)
2026-05-31 17:41:58+00:00 | (135974 files, 5% size)
2026-05-31 17:42:08+00:00 | (136014 files, 5% size)
2026-05-31 17:42:18+00:00 | (136054 files, 5% size)
2026-05-31 17:42:28+00:00 | (136094 files, 5% size)
2026-05-31 17:42:38+00:00 | (136134 files, 5% size)
2026-05-31 17:42:48+00:00 | (136174 files, 5% size)
2026-05-31 17:42:58+00:00 | (136214 files, 5% size)
2026-05-31 17:43:08+00:00 | (136254 files, 5% size)
2026-05-31 17:43:18+00:00 | (136294 files, 5% size)
2026-05-31 17:43:28+00:00 | (136334 files, 5% size)
2026-05-31 17:43:38+00:00 | (136374 files, 5% size)
2026-05-31 17:43:48+00:00 | (136414 files, 5% size)
2026-05-31 17:43:58+00:00 | (136454 files, 5% size)
2026-05-31 17:44:08+00:00 | (136494 files, 5% size)
2026-05-31 17:44:18+00:00 | (136534 files, 5% size)
2026-05-31 17:44:28+00:00 | (136574 files, 5% size)
2026-05-31 17:44:38+00:00 | (136614 files, 5% size)
2026-05-31 17:44:48+00:00 | (136654 files, 5% size)
2026-05-31 17:44:58+00:00 | (136694 files, 5% size)
2026-05-31 17:45:08+00:00 | (136734 files, 5% size)
2026-05-31 17:45:18+00:00 | (136774 files, 5% size)
2026-05-31 17:45:28+00:00 | (136814 files, 5% size)
2026-05-31 17:45:38+00:00 | (136854 files, 5% size)
2026-05-31 17:45:48+00:00 | (136894 files, 5% size)
2026-05-31 17:45:58+00:00 | (136934 files, 5% size)
2026-05-31 17:46:08+00:00 | (136974 files, 5% size)
2026-05-31 17:46:18+00:00 | (137014 files, 5% size)
2026-05-31 17:46:28+00:00 | (137054 files, 5% size)
2026-05-31 17:46:38+00:00 | (137094 files, 5% size)
2026-05-31 17:46:48+00:00 | (137134 files, 5% size)
2026-05-31 17:46:58+00:00 | (137174 files, 5% size)
2026-05-31 17:47:08+00:00 | (137214 files, 5% size)
2026-05-31 17:47:18+00:00 | (137254 files, 5% size)
2026-05-31 17:47:28+00:00 | (137294 files, 5% size)
2026-05-31 17:47:38+00:00 | (137334 files, 5% size)
2026-05-31 17:47:48+00:00 | (137374 files, 5% size)
2026-05-31 17:47:58+00:00 | (137414 files, 5% size)
2026-05-31 17:48:08+00:00 | (137454 files, 5% size)
2026-05-31 17:48:18+00:00 | (137494 files, 5% size)
2026-05-31 17:48:28+00:00 | (137534 files, 5% size)
2026-05-31 17:48:38+00:00 | (137574 files, 5% size)
2026-05-31 17:48:48+00:00 | (137614 files, 5% size)
2026-05-31 17:48:58+00:00 | (137654 files, 5% size)
2026-05-31 17:49:08+00:00 | (137694 files, 5% size)
2026-05-31 17:49:18+00:00 | (137734 files, 5% size)
2026-05-31 17:49:28+00:00 | (137774 files, 5% size)
2026-05-31 17:49:38+00:00 | (137814 files, 5% size)
2026-05-31 17:49:48+00:00 | (137854 files, 5% size)
2026-05-31 17:49:58+00:00 | (137894 files, 5% size)
2026-05-31 17:50:08+00:00 | (137934 files, 5% size)
2026-05-31 17:50:18+00:00 | (137974 files, 5% size)
2026-05-31 17:50:28+00:00 | (138014 files, 5% size)
2026-05-31 17:50:38+00:00 | (138054 files, 5% size)
2026-05-31 17:50:48+00:00 | (138094 files, 5% size)
2026-05-31 17:50:58+00:00 | (138134 files, 5% size)
2026-05-31 17:51:08+00:00 | (138174 files, 5% size)
2026-05-31 17:51:18+00:00 | (138214 files, 5% size)
2026-05-31 17:51:28+00:00 | (138254 files, 5% size)
2026-05-31 17:51:38+00:00 | (138294 files, 5% size)
2026-05-31 17:51:48+00:00 | (138334 files, 5% size)
2026-05-31 17:51:58+00:00 | (138374 files, 5% size)
2026-05-31 17:52:08+00:00 | (138414 files, 5% size)
2026-05-31 17:52:18+00:00 | (138454 files, 5% size)
2026-05-31 17:52:28+00:00 | (138494 files, 5% size)
2026-05-31 17:52:38+00:00 | (138534 files, 5% size)
2026-05-31 17:52:48+00:00 | (138574 files, 5% size)
2026-05-31 17:52:58+00:00 | (138614 files, 5% size)
2026-05-31 17:53:08+00:00 | (138654 files, 5% size)
2026-05-31 17:53:18+00:00 | (138694 files, 5% size)
2026-05-31 17:53:28+00:00 | (138734 files, 5% size)
2026-05-31 17:53:38+00:00 | (138774 files, 5% size)
2026-05-31 17:53:48+00:00 | (138814 files, 5% size)
2026-05-31 17:53:58+00:00 | (138854 files, 5% size)
2026-05-31 17:54:08+00:00 | (138894 files, 5% size)
2026-05-31 17:54:18+00:00 | (138934 files, 5% size)
2026-05-31 17:54:28+00:00 | (138974 files, 5% size)
2026-05-31 17:54:38+00:00 | (139014 files, 5% size)
2026-05-31 17:54:48+00:00 | (139054 files, 5% size)
2026-05-31 17:54:58+00:00 | (139094 files, 5% size)
2026-05-31 17:55:08+00:00 | (139134 files, 5% size)
2026-05-31 17:55:18+00:00 | (139174 files, 5% size)
2026-05-31 17:55:28+00:00 | (139214 files, 5% size)
2026-05-31 17:55:38+00:00 | (139254 files, 5% size)
2026-05-31 17:55:48+00:00 | (139294 files, 5% size)
2026-05-31 17:55:58+00:00 | (139334 files, 5% size)
2026-05-31 17:56:08+00:00 | (139374 files, 5% size)
2026-05-31 17:56:18+00:00 | (139414 files, 5% size)
2026-05-31 17:56:28+00:00 | (139454 files, 5% size)
2026-05-31 17:56:38+00:00 | (139494 files, 5% size)
2026-05-31 17:56:48+00:00 | (139534 files, 5% size)
2026-05-31 17:56:58+00:00 | (139574 files, 5% size)
2026-05-31 17:57:08+00:00 | (139614 files, 5% size)
2026-05-31 17:57:18+00:00 | (139654 files, 5% size)
2026-05-31 17:57:28+00:00 | (139694 files, 5% size)
2026-05-31 17:57:38+00:00 | (139734 files, 5% size)
2026-05-31 17:57:48+00:00 | (139774 files, 5% size)
2026-05-31 17:57:58+00:00 | (139814 files, 5% size)
2026-05-31 17:58:08+00:00 | (139854 files, 5% size)
2026-05-31 17:58:18+00:00 | (139894 files, 5% size)
2026-05-31 17:58:28+00:00 | (139934 files, 5% size)
2026-05-31 17:58:38+00:00 | (139974 files, 5% size)
2026-05-31 17:58:48+00:00 | (140014 files, 5% size)
2026-05-31 17:58:58+00:00 | (140054 files, 5% size)
2026-05-31 17:59:08+00:00 | (140094 files, 5% size)
2026-05-31 17:59:18+00:00 | (140134 files, 5% size)
2026-05-31 17:59:28+00:00 | (140174 files, 5% size)
2026-05-31 17:59:38+00:00 | (140214 files, 5% size)
2026-05-31 17:59:48+00:00 | (140254 files, 5% size)
2026-05-31 17:59:58+00:00 | (140294 files, 5% size)
2026-05-31 18:00:08+00:00 | (140334 files, 5% size)
2026-05-31 18:00:18+00:00 | (140374 files, 5% size)
2026-05-31 18:00:28+00:00 | (140414 files, 5% size)
2026-05-31 18:00:38+00:00 | (140454 files, 5% size)
2026-05-31 18:00:48+00:00 | (140494 files, 5% size)
2026-05-31 18:00:58+00:00 | (140534 files, 5% size)
2026-05-31 18:01:08+00:00 | (140574 files, 5% size)
2026-05-31 18:01:18+00:00 | (140614 files, 5% size)
2026-05-31 18:01:28+00:00 | (140654 files, 5% size)
2026-05-31 18:01:38+00:00 | (140694 files, 5% size)
2026-05-31 18:01:48+00:00 | (140734 files, 5% size)
2026-05-31 18:01:58+00:00 | (140774 files, 5% size)
2026-05-31 18:02:08+00:00 | (140814 files, 5% size)
2026-05-31 18:02:18+00:00 | (140854 files, 5% size)
2026-05-31 18:02:28+00:00 | (140894 files, 5% size)
2026-05-31 18:02:38+00:00 | (140934 files, 5% size)
2026-05-31 18:02:48+00:00 | (140974 files, 5% size)
2026-05-31 18:02:58+00:00 | (141014 files, 5% size)
2026-05-31 18:03:08+00:00 | (141054 files, 5% size)
2026-05-31 18:03:18+00:00 | (141094 files, 5% size)
2026-05-31 18:03:28+00:00 | (141134 files, 5% size)
2026-05-31 18:03:38+00:00 | (141174 files, 5% size)
2026-05-31 18:03:48+00:00 | (141214 files, 5% size)
2026-05-31 18:03:58+00:00 | (141254 files, 5% size)
2026-05-31 18:04:08+00:00 | (141294 files, 5% size)
2026-05-31 18:04:18+00:00 | (141334 files, 5% size)
2026-05-31 18:04:28+00:00 | (141374 files, 5% size)
2026-05-31 18:04:38+00:00 | (141414 files, 5% size)
2026-05-31 18:04:48+00:00 | (141454 files, 5% size)
2026-05-31 18:04:58+00:00 | (141494 files, 5% size)
2026-05-31 18:05:08+00:00 | (141534 files, 5% size)
2026-05-31 18:05:18+00:00 | (141574 files, 5% size)
2026-05-31 18:05:28+00:00 | (141614 files, 5% size)
2026-05-31 18:05:38+00:00 | (141654 files, 5% size)
2026-05-31 18:05:48+00:00 | (141694 files, 5% size)
2026-05-31 18:05:58+00:00 | (141734 files, 5% size)
2026-05-31 18:06:08+00:00 | (141774 files, 5% size)
2026-05-31 18:06:18+00:00 | (141814 files, 5% size)
2026-05-31 18:06:28+00:00 | (141854 files, 5% size)
2026-05-31 18:06:38+00:00 | (141894 files, 5% size)
2026-05-31 18:06:48+00:00 | (141934 files, 5% size)
2026-05-31 18:06:58+00:00 | (141974 files, 5% size)
2026-05-31 18:07:08+00:00 | (142014 files, 5% size)
2026-05-31 18:07:18+00:00 | (142054 files, 5% size)
2026-05-31 18:07:28+00:00 | (142094 files, 5% size)
2026-05-31 18:07:38+00:00 | (142134 files, 5% size)
2026-05-31 18:07:48+00:00 | (142174 files, 5% size)
2026-05-31 18:07:58+00:00 | (142214 files, 5% size)
2026-05-31 18:08:08+00:00 | (142254 files, 5% size)
2026-05-31 18:08:18+00:00 | (142294 files, 5% size)
2026-05-31 18:08:28+00:00 | (142334 files, 5% size)
2026-05-31 18:08:38+00:00 | (142374 files, 5% size)
2026-05-31 18:08:48+00:00 | (142414 files, 5% size)
2026-05-31 18:08:58+00:00 | (142454 files, 5% size)
2026-05-31 18:09:08+00:00 | (142494 files, 5% size)
2026-05-31 18:09:18+00:00 | (142534 files, 5% size)
2026-05-31 18:09:28+00:00 | (142574 files, 5% size)
2026-05-31 18:09:38+00:00 | (142614 files, 5% size)
2026-05-31 18:09:48+00:00 | (142654 files, 5% size)
2026-05-31 18:09:58+00:00 | (142694 files, 5% size)
2026-05-31 18:10:08+00:00 | (142734 files, 5% size)
2026-05-31 18:10:18+00:00 | (142774 files, 5% size)
2026-05-31 18:10:28+00:00 | (142814 files, 5% size)
2026-05-31 18:10:38+00:00 | (142854 files, 5% size)
2026-05-31 18:10:48+00:00 | (142894 files, 5% size)
2026-05-31 18:10:58+00:00 | (142934 files, 5% size)
2026-05-31 18:11:08+00:00 | (142974 files, 5% size)
2026-05-31 18:11:18+00:00 | (143014 files, 5% size)
2026-05-31 18:11:28+00:00 | (143054 files, 5% size)
2026-05-31 18:11:38+00:00 | (143094 files, 5% size)
2026-05-31 18:11:48+00:00 | (143134 files, 5% size)
2026-05-31 18:11:58+00:00 | (143174 files, 5% size)
2026-05-31 18:12:08+00:00 | (143214 files, 5% size)
2026-05-31 18:12:18+00:00 | (143254 files, 5% size)
2026-05-31 18:12:28+00:00 | (143294 files, 5% size)
2026-05-31 18:12:38+00:00 | (143334 files, 5% size)
2026-05-31 18:12:48+00:00 | (143374 files, 5% size)
2026-05-31 18:12:58+00:00 | (143414 files, 5% size)
2026-05-31 18:13:08+00:00 | (143454 files, 5% size)
2026-05-31 18:13:18+00:00 | (143494 files, 5% size)
2026-05-31 18:13:28+00:00 | (143534 files, 5% size)
2026-05-31 18:13:38+00:00 | (143574 files, 5% size)
2026-05-31 18:13:48+00:00 | (143614 files, 5% size)
2026-05-31 18:13:58+00:00 | (143654 files, 5% size)
2026-05-31 18:14:08+00:00 | (143694 files, 5% size)
2026-05-31 18:14:18+00:00 | (143734 files, 5% size)
2026-05-31 18:14:28+00:00 | (143774 files, 5% size)
2026-05-31 18:14:38+00:00 | (143814 files, 5% size)
2026-05-31 18:14:48+00:00 | (143854 files, 5% size)
2026-05-31 18:14:58+00:00 | (143894 files, 5% size)
2026-05-31 18:15:08+00:00 | (143934 files, 5% size)
2026-05-31 18:15:18+00:00 | (143974 files, 5% size)
2026-05-31 18:15:28+00:00 | (144014 files, 5% size)
2026-05-31 18:15:38+00:00 | (144054 files, 5% size)
2026-05-31 18:15:48+00:00 | (144094 files, 5% size)
2026-05-31 18:15:58+00:00 | (144134 files, 5% size)
2026-05-31 18:16:08+00:00 | (144174 files, 5% size)
2026-05-31 18:16:18+00:00 | (144214 files, 5% size)
2026-05-31 18:16:28+00:00 | (144254 files, 5% size)
2026-05-31 18:16:38+00:00 | (144294 files, 5% size)
2026-05-31 18:16:48+00:00 | (144334 files, 5% size)
2026-05-31 18:16:58+00:00 | (144374 files, 5% size)
2026-05-31 18:17:08+00:00 | (144414 files, 5% size)
2026-05-31 18:17:18+00:00 | (144454 files, 5% size)
2026-05-31 18:17:28+00:00 | (144494 files, 5% size)
2026-05-31 18:17:38+00:00 | (144534 files, 5% size)
2026-05-31 18:17:48+00:00 | (144574 files, 5% size)
2026-05-31 18:17:58+00:00 | (144614 files, 5% size)
2026-05-31 18:18:08+00:00 | (144654 files, 5% size)
2026-05-31 18:18:18+00:00 | (144694 files, 5% size)
2026-05-31 18:18:28+00:00 | (144734 files, 5% size)
2026-05-31 18:18:38+00:00 | (144774 files, 5% size)
2026-05-31 18:18:48+00:00 | (144814 files, 5% size)
2026-05-31 18:18:58+00:00 | (144854 files, 5% size)
2026-05-31 18:19:08+00:00 | (144894 files, 5% size)
2026-05-31 18:19:18+00:00 | (144934 files, 5% size)
2026-05-31 18:19:28+00:00 | (144974 files, 5% size)
2026-05-31 18:19:38+00:00 | (145014 files, 5% size)
2026-05-31 18:19:48+00:00 | (145054 files, 5% size)
2026-05-31 18:19:58+00:00 | (145094 files, 5% size)
2026-05-31 18:20:08+00:00 | (145134 files, 5% size)
2026-05-31 18:20:18+00:00 | (145174 files, 5% size)
2026-05-31 18:20:28+00:00 | (145214 files, 5% size)
2026-05-31 18:20:38+00:00 | (145254 files, 5% size)
2026-05-31 18:20:48+00:00 | (145294 files, 5% size)
2026-05-31 18:20:58+00:00 | (145334 files, 5% size)
2026-05-31 18:21:08+00:00 | (145374 files, 5% size)
2026-05-31 18:21:18+00:00 | (145414 files, 5% size)
2026-05-31 18:21:28+00:00 | (145454 files, 5% size)
2026-05-31 18:21:38+00:00 | (145494 files, 5% size)
2026-05-31 18:21:48+00:00 | (145534 files, 5% size)
2026-05-31 18:21:58+00:00 | (145574 files, 5% size)
2026-05-31 18:22:08+00:00 | (145614 files, 5% size)
2026-05-31 18:22:18+00:00 | (145654 files, 5% size)
2026-05-31 18:22:28+00:00 | (145694 files, 5% size)
2026-05-31 18:22:38+00:00 | (145734 files, 5% size)
2026-05-31 18:22:48+00:00 | (145774 files, 5% size)
2026-05-31 18:22:58+00:00 | (145814 files, 5% size)
2026-05-31 18:23:08+00:00 | (145854 files, 5% size)
2026-05-31 18:23:18+00:00 | (145894 files, 5% size)
2026-05-31 18:23:28+00:00 | (145934 files, 5% size)
2026-05-31 18:23:38+00:00 | (145974 files, 5% size)
2026-05-31 18:23:48+00:00 | (146014 files, 5% size)
2026-05-31 18:23:58+00:00 | (146054 files, 5% size)
2026-05-31 18:24:08+00:00 | (146094 files, 5% size)
2026-05-31 18:24:18+00:00 | (146134 files, 5% size)
2026-05-31 18:24:28+00:00 | (146174 files, 5% size)
2026-05-31 18:24:38+00:00 | (146214 files, 5% size)
2026-05-31 18:24:48+00:00 | (146254 files, 5% size)
2026-05-31 18:24:58+00:00 | (146294 files, 5% size)
2026-05-31 18:25:08+00:00 | (146334 files, 5% size)
2026-05-31 18:25:18+00:00 | (146374 files, 5% size)
2026-05-31 18:25:28+00:00 | (146414 files, 5% size)
2026-05-31 18:25:38+00:00 | (146454 files, 5% size)
2026-05-31 18:25:48+00:00 | (146494 files, 5% size)
2026-05-31 18:25:58+00:00 | (146534 files, 5% size)
2026-05-31 18:26:08+00:00 | (146574 files, 5% size)
2026-05-31 18:26:18+00:00 | (146614 files, 5% size)
2026-05-31 18:26:28+00:00 | (146654 files, 5% size)
2026-05-31 18:26:38+00:00 | (146694 files, 5% size)
2026-05-31 18:26:48+00:00 | (146734 files, 5% size)
2026-05-31 18:26:58+00:00 | (146774 files, 5% size)
2026-05-31 18:27:08+00:00 | (146814 files, 5% size)
2026-05-31 18:27:18+00:00 | (146854 files, 5% size)
2026-05-31 18:27:28+00:00 | (146894 files, 5% size)
2026-05-31 18:27:38+00:00 | (146934 files, 5% size)
2026-05-31 18:27:48+00:00 | (146974 files, 5% size)
2026-05-31 18:27:58+00:00 | (147014 files, 5% size)
2026-05-31 18:28:08+00:00 | (147054 files, 5% size)
2026-05-31 18:28:18+00:00 | (147094 files, 5% size)
2026-05-31 18:28:28+00:00 | (147134 files, 5% size)
2026-05-31 18:28:38+00:00 | (147174 files, 5% size)
2026-05-31 18:28:48+00:00 | (147214 files, 5% size)
2026-05-31 18:28:58+00:00 | (147254 files, 5% size)
2026-05-31 18:29:08+00:00 | (147294 files, 5% size)
2026-05-31 18:29:18+00:00 | (147334 files, 5% size)
2026-05-31 18:29:28+00:00 | (147374 files, 5% size)
2026-05-31 18:29:38+00:00 | (147414 files, 5% size)
2026-05-31 18:29:48+00:00 | (147454 files, 5% size)
2026-05-31 18:29:58+00:00 | (147494 files, 5% size)
2026-05-31 18:30:08+00:00 | (147534 files, 5% size)
2026-05-31 18:30:18+00:00 | (147574 files, 5% size)
2026-05-31 18:30:28+00:00 | (147614 files, 5% size)
2026-05-31 18:30:38+00:00 | (147654 files, 5% size)
2026-05-31 18:30:48+00:00 | (147694 files, 5% size)
2026-05-31 18:30:58+00:00 | (147734 files, 5% size)
2026-05-31 18:31:08+00:00 | (147774 files, 5% size)
2026-05-31 18:31:18+00:00 | (147814 files, 5% size)
2026-05-31 18:31:28+00:00 | (147854 files, 5% size)
2026-05-31 18:31:38+00:00 | (147894 files, 5% size)
2026-05-31 18:31:48+00:00 | (147934 files, 5% size)
2026-05-31 18:31:58+00:00 | (147974 files, 5% size)
2026-05-31 18:32:08+00:00 | (148014 files, 5% size)
2026-05-31 18:32:18+00:00 | (148054 files, 5% size)
2026-05-31 18:32:28+00:00 | (148094 files, 5% size)
2026-05-31 18:32:38+00:00 | (148134 files, 5% size)
2026-05-31 18:32:48+00:00 | (148174 files, 5% size)
2026-05-31 18:32:58+00:00 | (148214 files, 5% size)
2026-05-31 18:33:08+00:00 | (148254 files, 5% size)
2026-05-31 18:33:18+00:00 | (148294 files, 5% size)
2026-05-31 18:33:28+00:00 | (148334 files, 5% size)
2026-05-31 18:33:38+00:00 | (148374 files, 5% size)
2026-05-31 18:33:48+00:00 | (148414 files, 5% size)
2026-05-31 18:33:58+00:00 | (148454 files, 5% size)
2026-05-31 18:34:08+00:00 | (148494 files, 5% size)
2026-05-31 18:34:18+00:00 | (148534 files, 5% size)
2026-05-31 18:34:28+00:00 | (148574 files, 5% size)
2026-05-31 18:34:38+00:00 | (148614 files, 5% size)
2026-05-31 18:34:48+00:00 | (148654 files, 5% size)
2026-05-31 18:34:58+00:00 | (148694 files, 5% size)
2026-05-31 18:35:08+00:00 | (148734 files, 5% size)
2026-05-31 18:35:18+00:00 | (148774 files, 5% size)
2026-05-31 18:35:28+00:00 | (148814 files, 5% size)
2026-05-31 18:35:38+00:00 | (148854 files, 5% size)
2026-05-31 18:35:48+00:00 | (148894 files, 5% size)
2026-05-31 18:35:58+00:00 | (148934 files, 5% size)
2026-05-31 18:36:08+00:00 | (148974 files, 5% size)
2026-05-31 18:36:18+00:00 | (149014 files, 5% size)
2026-05-31 18:36:28+00:00 | (149054 files, 5% size)
2026-05-31 18:36:38+00:00 | (149094 files, 5% size)
2026-05-31 18:36:48+00:00 | (149134 files, 5% size)
2026-05-31 18:36:58+00:00 | (149174 files, 5% size)
2026-05-31 18:37:08+00:00 | (149214 files, 5% size)
2026-05-31 18:37:18+00:00 | (149254 files, 5% size)
2026-05-31 18:37:28+00:00 | (149294 files, 5% size)
2026-05-31 18:37:38+00:00 | (149334 files, 5% size)
2026-05-31 18:37:48+00:00 | (149374 files, 5% size)
2026-05-31 18:37:58+00:00 | (149414 files, 5% size)
2026-05-31 18:38:08+00:00 | (149454 files, 5% size)
2026-05-31 18:38:18+00:00 | (149494 files, 5% size)
2026-05-31 18:38:28+00:00 | (149534 files, 5% size)
2026-05-31 18:38:38+00:00 | (149574 files, 5% size)
2026-05-31 18:38:48+00:00 | (149614 files, 5% size)
2026-05-31 18:38:58+00:00 | (149654 files, 5% size)
2026-05-31 18:39:08+00:00 | (149694 files, 5% size)
2026-05-31 18:39:18+00:00 | (149734 files, 6% size)
2026-05-31 18:39:28+00:00 | (149774 files, 6% size)
2026-05-31 18:39:38+00:00 | (149814 files, 6% size)
2026-05-31 18:39:48+00:00 | (149854 files, 6% size)
2026-05-31 18:39:58+00:00 | (149894 files, 6% size)
2026-05-31 18:40:08+00:00 | (149934 files, 6% size)
2026-05-31 18:40:18+00:00 | (149974 files, 6% size)
2026-05-31 18:40:28+00:00 | (150014 files, 6% size)
2026-05-31 18:40:38+00:00 | (150054 files, 6% size)
2026-05-31 18:40:48+00:00 | (150094 files, 6% size)
2026-05-31 18:40:58+00:00 | (150134 files, 6% size)
2026-05-31 18:41:08+00:00 | (150174 files, 6% size)
2026-05-31 18:41:18+00:00 | (150214 files, 6% size)
2026-05-31 18:41:28+00:00 | (150254 files, 6% size)
2026-05-31 18:41:38+00:00 | (150294 files, 6% size)
2026-05-31 18:41:48+00:00 | (150334 files, 6% size)
2026-05-31 18:41:58+00:00 | (150374 files, 6% size)
2026-05-31 18:42:08+00:00 | (150414 files, 6% size)
2026-05-31 18:42:18+00:00 | (150454 files, 6% size)
2026-05-31 18:42:28+00:00 | (150494 files, 6% size)
2026-05-31 18:42:38+00:00 | (150534 files, 6% size)
2026-05-31 18:42:48+00:00 | (150574 files, 6% size)
2026-05-31 18:42:58+00:00 | (150614 files, 6% size)
2026-05-31 18:43:08+00:00 | (150654 files, 6% size)
2026-05-31 18:43:18+00:00 | (150694 files, 6% size)
2026-05-31 18:43:28+00:00 | (150734 files, 6% size)
2026-05-31 18:43:38+00:00 | (150774 files, 6% size)
2026-05-31 18:43:48+00:00 | (150814 files, 6% size)
2026-05-31 18:43:58+00:00 | (150854 files, 6% size)
2026-05-31 18:44:08+00:00 | (150894 files, 6% size)
2026-05-31 18:44:18+00:00 | (150934 files, 6% size)
2026-05-31 18:44:28+00:00 | (150974 files, 6% size)
2026-05-31 18:44:38+00:00 | (151014 files, 6% size)
2026-05-31 18:44:48+00:00 | (151054 files, 6% size)
2026-05-31 18:44:58+00:00 | (151094 files, 6% size)
2026-05-31 18:45:08+00:00 | (151134 files, 6% size)
2026-05-31 18:45:18+00:00 | (151174 files, 6% size)
2026-05-31 18:45:28+00:00 | (151214 files, 6% size)
2026-05-31 18:45:38+00:00 | (151254 files, 6% size)
2026-05-31 18:45:48+00:00 | (151294 files, 6% size)
2026-05-31 18:45:58+00:00 | (151334 files, 6% size)
2026-05-31 18:46:08+00:00 | (151374 files, 6% size)
2026-05-31 18:46:18+00:00 | (151414 files, 6% size)
2026-05-31 18:46:28+00:00 | (151454 files, 6% size)
2026-05-31 18:46:38+00:00 | (151494 files, 6% size)
2026-05-31 18:46:48+00:00 | (151534 files, 6% size)
2026-05-31 18:46:58+00:00 | (151574 files, 6% size)
2026-05-31 18:47:08+00:00 | (151614 files, 6% size)
2026-05-31 18:47:18+00:00 | (151654 files, 6% size)
2026-05-31 18:47:28+00:00 | (151694 files, 6% size)
2026-05-31 18:47:38+00:00 | (151734 files, 6% size)
2026-05-31 18:47:48+00:00 | (151774 files, 6% size)
2026-05-31 18:47:58+00:00 | (151814 files, 6% size)
2026-05-31 18:48:08+00:00 | (151854 files, 6% size)
2026-05-31 18:48:18+00:00 | (151894 files, 6% size)
2026-05-31 18:48:28+00:00 | (151934 files, 6% size)
2026-05-31 18:48:38+00:00 | (151974 files, 6% size)
2026-05-31 18:48:48+00:00 | (152014 files, 6% size)
2026-05-31 18:48:58+00:00 | (152054 files, 6% size)
2026-05-31 18:49:08+00:00 | (152094 files, 6% size)
2026-05-31 18:49:18+00:00 | (152134 files, 6% size)
2026-05-31 18:49:28+00:00 | (152174 files, 6% size)
2026-05-31 18:49:38+00:00 | (152214 files, 6% size)
2026-05-31 18:49:48+00:00 | (152254 files, 6% size)
2026-05-31 18:49:58+00:00 | (152294 files, 6% size)
2026-05-31 18:50:08+00:00 | (152334 files, 6% size)
2026-05-31 18:50:18+00:00 | (152374 files, 6% size)
2026-05-31 18:50:28+00:00 | (152414 files, 6% size)
2026-05-31 18:50:38+00:00 | (152454 files, 6% size)
2026-05-31 18:50:48+00:00 | (152494 files, 6% size)
2026-05-31 18:50:58+00:00 | (152534 files, 6% size)
2026-05-31 18:51:08+00:00 | (152574 files, 6% size)
2026-05-31 18:51:18+00:00 | (152614 files, 6% size)
2026-05-31 18:51:28+00:00 | (152654 files, 6% size)
2026-05-31 18:51:38+00:00 | (152694 files, 6% size)
2026-05-31 18:51:48+00:00 | (152734 files, 6% size)
2026-05-31 18:51:58+00:00 | (152774 files, 6% size)
2026-05-31 18:52:08+00:00 | (152814 files, 6% size)
2026-05-31 18:52:18+00:00 | (152854 files, 6% size)
2026-05-31 18:52:28+00:00 | (152894 files, 6% size)
2026-05-31 18:52:38+00:00 | (152934 files, 6% size)
2026-05-31 18:52:48+00:00 | (152974 files, 6% size)
2026-05-31 18:52:58+00:00 | (153014 files, 6% size)
2026-05-31 18:53:08+00:00 | (153054 files, 6% size)
2026-05-31 18:53:18+00:00 | (153094 files, 6% size)
2026-05-31 18:53:28+00:00 | (153134 files, 6% size)
2026-05-31 18:53:38+00:00 | (153174 files, 6% size)
2026-05-31 18:53:48+00:00 | (153214 files, 6% size)
2026-05-31 18:53:58+00:00 | (153254 files, 6% size)
2026-05-31 18:54:08+00:00 | (153294 files, 6% size)
2026-05-31 18:54:18+00:00 | (153334 files, 6% size)
2026-05-31 18:54:28+00:00 | (153374 files, 6% size)
2026-05-31 18:54:38+00:00 | (153414 files, 6% size)
2026-05-31 18:54:48+00:00 | (153454 files, 6% size)
2026-05-31 18:54:58+00:00 | (153494 files, 6% size)
2026-05-31 18:55:08+00:00 | (153534 files, 6% size)
2026-05-31 18:55:18+00:00 | (153574 files, 6% size)
2026-05-31 18:55:28+00:00 | (153614 files, 6% size)
2026-05-31 18:55:38+00:00 | (153654 files, 6% size)
2026-05-31 18:55:48+00:00 | (153694 files, 6% size)
2026-05-31 18:55:58+00:00 | (153734 files, 6% size)
2026-05-31 18:56:08+00:00 | (153774 files, 6% size)
2026-05-31 18:56:18+00:00 | (153814 files, 6% size)
2026-05-31 18:56:28+00:00 | (153854 files, 6% size)
2026-05-31 18:56:38+00:00 | (153894 files, 6% size)
2026-05-31 18:56:48+00:00 | (153934 files, 6% size)
2026-05-31 18:56:58+00:00 | (153974 files, 6% size)
2026-05-31 18:57:08+00:00 | (154014 files, 6% size)
2026-05-31 18:57:18+00:00 | (154054 files, 6% size)
2026-05-31 18:57:28+00:00 | (154094 files, 6% size)
2026-05-31 18:57:38+00:00 | (154134 files, 6% size)
2026-05-31 18:57:48+00:00 | (154174 files, 6% size)
2026-05-31 18:57:58+00:00 | (154214 files, 6% size)
2026-05-31 18:58:08+00:00 | (154254 files, 6% size)
2026-05-31 18:58:18+00:00 | (154294 files, 6% size)
2026-05-31 18:58:28+00:00 | (154334 files, 6% size)
2026-05-31 18:58:38+00:00 | (154374 files, 6% size)
2026-05-31 18:58:48+00:00 | (154414 files, 6% size)
2026-05-31 18:58:58+00:00 | (154454 files, 6% size)
2026-05-31 18:59:08+00:00 | (154494 files, 6% size)
2026-05-31 18:59:18+00:00 | (154534 files, 6% size)
2026-05-31 18:59:28+00:00 | (154574 files, 6% size)
2026-05-31 18:59:38+00:00 | (154614 files, 6% size)
2026-05-31 18:59:48+00:00 | (154654 files, 6% size)
2026-05-31 18:59:58+00:00 | (154694 files, 6% size)
2026-05-31 19:00:08+00:00 | (154734 files, 6% size)
2026-05-31 19:00:18+00:00 | (154774 files, 6% size)
2026-05-31 19:00:28+00:00 | (154814 files, 6% size)
2026-05-31 19:00:38+00:00 | (154854 files, 6% size)
2026-05-31 19:00:48+00:00 | (154894 files, 6% size)
2026-05-31 19:00:58+00:00 | (154934 files, 6% size)
2026-05-31 19:01:08+00:00 | (154974 files, 6% size)
2026-05-31 19:01:18+00:00 | (155014 files, 6% size)
2026-05-31 19:01:28+00:00 | (155054 files, 6% size)
2026-05-31 19:01:38+00:00 | (155094 files, 6% size)
2026-05-31 19:01:48+00:00 | (155134 files, 6% size)
2026-05-31 19:01:58+00:00 | (155174 files, 6% size)
2026-05-31 19:02:08+00:00 | (155214 files, 6% size)
2026-05-31 19:02:18+00:00 | (155254 files, 6% size)
2026-05-31 19:02:28+00:00 | (155294 files, 6% size)
2026-05-31 19:02:38+00:00 | (155334 files, 6% size)
2026-05-31 19:02:48+00:00 | (155370 files, 6% size)
2026-05-31 19:02:58+00:00 | (155410 files, 6% size)
2026-05-31 19:03:08+00:00 | (155450 files, 6% size)
2026-05-31 19:03:18+00:00 | (155490 files, 6% size)
2026-05-31 19:03:28+00:00 | (155530 files, 6% size)
2026-05-31 19:03:38+00:00 | (155570 files, 6% size)
2026-05-31 19:03:48+00:00 | (155610 files, 6% size)
2026-05-31 19:03:58+00:00 | (155650 files, 6% size)
2026-05-31 19:04:08+00:00 | (155691 files, 6% size)
2026-05-31 19:04:18+00:00 | (155733 files, 6% size)
2026-05-31 19:04:28+00:00 | (155774 files, 6% size)
2026-05-31 19:04:38+00:00 | (155814 files, 6% size)
2026-05-31 19:04:48+00:00 | (155854 files, 6% size)
2026-05-31 19:04:58+00:00 | (155894 files, 6% size)
2026-05-31 19:05:08+00:00 | (155934 files, 6% size)
2026-05-31 19:05:18+00:00 | (155974 files, 6% size)
2026-05-31 19:05:28+00:00 | (156014 files, 6% size)
2026-05-31 19:05:38+00:00 | (156054 files, 6% size)
2026-05-31 19:05:48+00:00 | (156094 files, 6% size)
2026-05-31 19:05:58+00:00 | (156134 files, 6% size)
2026-05-31 19:06:08+00:00 | (156174 files, 6% size)
2026-05-31 19:06:18+00:00 | (156214 files, 6% size)
2026-05-31 19:06:28+00:00 | (156254 files, 6% size)
2026-05-31 19:06:38+00:00 | (156294 files, 6% size)
2026-05-31 19:06:48+00:00 | (156334 files, 6% size)
2026-05-31 19:06:58+00:00 | (156374 files, 6% size)
2026-05-31 19:07:08+00:00 | (156414 files, 6% size)
2026-05-31 19:07:18+00:00 | (156454 files, 6% size)
2026-05-31 19:07:28+00:00 | (156494 files, 6% size)
2026-05-31 19:07:38+00:00 | (156534 files, 6% size)
2026-05-31 19:07:48+00:00 | (156574 files, 6% size)
2026-05-31 19:07:58+00:00 | (156614 files, 6% size)
2026-05-31 19:08:08+00:00 | (156654 files, 6% size)
2026-05-31 19:08:18+00:00 | (156694 files, 6% size)
2026-05-31 19:08:28+00:00 | (156734 files, 6% size)
2026-05-31 19:08:38+00:00 | (156774 files, 6% size)
2026-05-31 19:08:48+00:00 | (156814 files, 6% size)
2026-05-31 19:08:58+00:00 | (156854 files, 6% size)
2026-05-31 19:09:08+00:00 | (156894 files, 6% size)
2026-05-31 19:09:18+00:00 | (156934 files, 6% size)
2026-05-31 19:09:28+00:00 | (156974 files, 6% size)
2026-05-31 19:09:38+00:00 | (157014 files, 6% size)
2026-05-31 19:09:48+00:00 | (157054 files, 6% size)
2026-05-31 19:09:58+00:00 | (157094 files, 6% size)
2026-05-31 19:10:08+00:00 | (157134 files, 6% size)
2026-05-31 19:10:18+00:00 | (157174 files, 6% size)
2026-05-31 19:10:28+00:00 | (157214 files, 6% size)
2026-05-31 19:10:38+00:00 | (157254 files, 6% size)
2026-05-31 19:10:48+00:00 | (157294 files, 6% size)
2026-05-31 19:10:58+00:00 | (157334 files, 6% size)
2026-05-31 19:11:08+00:00 | (157374 files, 6% size)
2026-05-31 19:11:18+00:00 | (157414 files, 6% size)
2026-05-31 19:11:28+00:00 | (157454 files, 6% size)
2026-05-31 19:11:38+00:00 | (157494 files, 6% size)
2026-05-31 19:11:48+00:00 | (157534 files, 6% size)
2026-05-31 19:11:58+00:00 | (157574 files, 6% size)
2026-05-31 19:12:08+00:00 | (157614 files, 6% size)
2026-05-31 19:12:18+00:00 | (157654 files, 6% size)
2026-05-31 19:12:28+00:00 | (157694 files, 6% size)
2026-05-31 19:12:38+00:00 | (157734 files, 6% size)
2026-05-31 19:12:48+00:00 | (157774 files, 6% size)
2026-05-31 19:12:58+00:00 | (157814 files, 6% size)
2026-05-31 19:13:08+00:00 | (157854 files, 6% size)
2026-05-31 19:13:18+00:00 | (157894 files, 6% size)
2026-05-31 19:13:28+00:00 | (157934 files, 6% size)
2026-05-31 19:13:38+00:00 | (157974 files, 6% size)
2026-05-31 19:13:48+00:00 | (158014 files, 6% size)
2026-05-31 19:13:58+00:00 | (158054 files, 6% size)
2026-05-31 19:14:08+00:00 | (158094 files, 6% size)
2026-05-31 19:14:18+00:00 | (158134 files, 6% size)
2026-05-31 19:14:28+00:00 | (158174 files, 6% size)
2026-05-31 19:14:38+00:00 | (158214 files, 6% size)
2026-05-31 19:14:48+00:00 | (158254 files, 6% size)
2026-05-31 19:14:58+00:00 | (158294 files, 6% size)
2026-05-31 19:15:08+00:00 | (158334 files, 6% size)
2026-05-31 19:15:18+00:00 | (158374 files, 6% size)
2026-05-31 19:15:28+00:00 | (158414 files, 6% size)
2026-05-31 19:15:38+00:00 | (158454 files, 6% size)
2026-05-31 19:15:48+00:00 | (158494 files, 6% size)
2026-05-31 19:15:58+00:00 | (158534 files, 6% size)
2026-05-31 19:16:08+00:00 | (158574 files, 6% size)
2026-05-31 19:16:18+00:00 | (158614 files, 6% size)
2026-05-31 19:16:28+00:00 | (158654 files, 6% size)
2026-05-31 19:16:38+00:00 | (158694 files, 6% size)
2026-05-31 19:16:48+00:00 | (158734 files, 6% size)
2026-05-31 19:16:58+00:00 | (158774 files, 6% size)
2026-05-31 19:17:08+00:00 | (158814 files, 6% size)
2026-05-31 19:17:18+00:00 | (158854 files, 6% size)
2026-05-31 19:17:28+00:00 | (158894 files, 6% size)
2026-05-31 19:17:38+00:00 | (158934 files, 6% size)
2026-05-31 19:17:48+00:00 | (158974 files, 6% size)
2026-05-31 19:17:58+00:00 | (159014 files, 6% size)
2026-05-31 19:18:08+00:00 | (159054 files, 6% size)
2026-05-31 19:18:18+00:00 | (159094 files, 6% size)
2026-05-31 19:18:28+00:00 | (159134 files, 6% size)
2026-05-31 19:18:38+00:00 | (159174 files, 6% size)
2026-05-31 19:18:48+00:00 | (159214 files, 6% size)
2026-05-31 19:18:58+00:00 | (159254 files, 6% size)
2026-05-31 19:19:08+00:00 | (159294 files, 6% size)
2026-05-31 19:19:18+00:00 | (159334 files, 6% size)
2026-05-31 19:19:28+00:00 | (159374 files, 6% size)
2026-05-31 19:19:38+00:00 | (159414 files, 6% size)
2026-05-31 19:19:48+00:00 | (159454 files, 6% size)
2026-05-31 19:19:58+00:00 | (159494 files, 6% size)
2026-05-31 19:20:08+00:00 | (159534 files, 6% size)
2026-05-31 19:20:18+00:00 | (159574 files, 6% size)
2026-05-31 19:20:28+00:00 | (159614 files, 6% size)
2026-05-31 19:20:38+00:00 | (159654 files, 6% size)
2026-05-31 19:20:48+00:00 | (159694 files, 6% size)
2026-05-31 19:20:58+00:00 | (159734 files, 6% size)
2026-05-31 19:21:08+00:00 | (159774 files, 6% size)
2026-05-31 19:21:18+00:00 | (159814 files, 6% size)
2026-05-31 19:21:28+00:00 | (159854 files, 6% size)
2026-05-31 19:21:38+00:00 | (159894 files, 6% size)
2026-05-31 19:21:48+00:00 | (159934 files, 6% size)
2026-05-31 19:21:58+00:00 | (159974 files, 6% size)
2026-05-31 19:22:08+00:00 | (160014 files, 6% size)
2026-05-31 19:22:18+00:00 | (160054 files, 6% size)
2026-05-31 19:22:28+00:00 | (160094 files, 6% size)
2026-05-31 19:22:38+00:00 | (160134 files, 6% size)
2026-05-31 19:22:48+00:00 | (160174 files, 6% size)
2026-05-31 19:22:58+00:00 | (160214 files, 6% size)
2026-05-31 19:23:08+00:00 | (160254 files, 6% size)
2026-05-31 19:23:18+00:00 | (160294 files, 6% size)
2026-05-31 19:23:28+00:00 | (160334 files, 6% size)
2026-05-31 19:23:38+00:00 | (160374 files, 6% size)
2026-05-31 19:23:48+00:00 | (160414 files, 6% size)
2026-05-31 19:23:58+00:00 | (160454 files, 6% size)
2026-05-31 19:24:08+00:00 | (160494 files, 6% size)
2026-05-31 19:24:18+00:00 | (160534 files, 6% size)
2026-05-31 19:24:28+00:00 | (160574 files, 6% size)
2026-05-31 19:24:38+00:00 | (160614 files, 6% size)
2026-05-31 19:24:48+00:00 | (160654 files, 6% size)
2026-05-31 19:24:58+00:00 | (160694 files, 6% size)
2026-05-31 19:25:08+00:00 | (160734 files, 6% size)
2026-05-31 19:25:18+00:00 | (160774 files, 6% size)
2026-05-31 19:25:28+00:00 | (160814 files, 6% size)
2026-05-31 19:25:38+00:00 | (160854 files, 6% size)
2026-05-31 19:25:48+00:00 | (160894 files, 6% size)
2026-05-31 19:25:58+00:00 | (160934 files, 6% size)
2026-05-31 19:26:08+00:00 | (160974 files, 6% size)
2026-05-31 19:26:18+00:00 | (161014 files, 6% size)
2026-05-31 19:26:28+00:00 | (161054 files, 6% size)
2026-05-31 19:26:38+00:00 | (161094 files, 6% size)
2026-05-31 19:26:48+00:00 | (161134 files, 6% size)
2026-05-31 19:26:58+00:00 | (161174 files, 6% size)
2026-05-31 19:27:08+00:00 | (161214 files, 6% size)
2026-05-31 19:27:18+00:00 | (161254 files, 6% size)
2026-05-31 19:27:28+00:00 | (161294 files, 6% size)
2026-05-31 19:27:38+00:00 | (161334 files, 6% size)
2026-05-31 19:27:48+00:00 | (161374 files, 6% size)
2026-05-31 19:27:58+00:00 | (161414 files, 6% size)
2026-05-31 19:28:08+00:00 | (161454 files, 6% size)
2026-05-31 19:28:18+00:00 | (161494 files, 6% size)
2026-05-31 19:28:28+00:00 | (161534 files, 6% size)
2026-05-31 19:28:38+00:00 | (161574 files, 6% size)
2026-05-31 19:28:48+00:00 | (161614 files, 6% size)
2026-05-31 19:28:58+00:00 | (161654 files, 6% size)
2026-05-31 19:29:08+00:00 | (161694 files, 6% size)
2026-05-31 19:29:18+00:00 | (161734 files, 6% size)
2026-05-31 19:29:28+00:00 | (161774 files, 6% size)
2026-05-31 19:29:38+00:00 | (161814 files, 6% size)
2026-05-31 19:29:48+00:00 | (161854 files, 6% size)
2026-05-31 19:29:58+00:00 | (161894 files, 6% size)
2026-05-31 19:30:08+00:00 | (161934 files, 6% size)
2026-05-31 19:30:18+00:00 | (161974 files, 6% size)
2026-05-31 19:30:28+00:00 | (162014 files, 6% size)
2026-05-31 19:30:38+00:00 | (162054 files, 6% size)
2026-05-31 19:30:48+00:00 | (162094 files, 6% size)
2026-05-31 19:30:58+00:00 | (162134 files, 6% size)
2026-05-31 19:31:08+00:00 | (162174 files, 6% size)
2026-05-31 19:31:18+00:00 | (162214 files, 6% size)
2026-05-31 19:31:28+00:00 | (162254 files, 6% size)
2026-05-31 19:31:38+00:00 | (162294 files, 6% size)
2026-05-31 19:31:48+00:00 | (162334 files, 6% size)
2026-05-31 19:31:58+00:00 | (162374 files, 6% size)
2026-05-31 19:32:08+00:00 | (162414 files, 6% size)
2026-05-31 19:32:18+00:00 | (162454 files, 6% size)
2026-05-31 19:32:28+00:00 | (162494 files, 6% size)
2026-05-31 19:32:38+00:00 | (162534 files, 6% size)
2026-05-31 19:32:48+00:00 | (162574 files, 6% size)
2026-05-31 19:32:58+00:00 | (162614 files, 6% size)
2026-05-31 19:33:08+00:00 | (162654 files, 6% size)
2026-05-31 19:33:18+00:00 | (162694 files, 6% size)
2026-05-31 19:33:28+00:00 | (162734 files, 6% size)
2026-05-31 19:33:38+00:00 | (162774 files, 6% size)
2026-05-31 19:33:48+00:00 | (162814 files, 6% size)
2026-05-31 19:33:58+00:00 | (162854 files, 6% size)
2026-05-31 19:34:08+00:00 | (162894 files, 6% size)
2026-05-31 19:34:18+00:00 | (162934 files, 6% size)
2026-05-31 19:34:28+00:00 | (162974 files, 6% size)
2026-05-31 19:34:38+00:00 | (163014 files, 6% size)
2026-05-31 19:34:48+00:00 | (163054 files, 6% size)
2026-05-31 19:34:58+00:00 | (163094 files, 6% size)
2026-05-31 19:35:08+00:00 | (163134 files, 6% size)
2026-05-31 19:35:18+00:00 | (163174 files, 6% size)
2026-05-31 19:35:28+00:00 | (163214 files, 6% size)
2026-05-31 19:35:38+00:00 | (163254 files, 6% size)
2026-05-31 19:35:48+00:00 | (163294 files, 6% size)
2026-05-31 19:35:58+00:00 | (163334 files, 6% size)
2026-05-31 19:36:08+00:00 | (163374 files, 6% size)
2026-05-31 19:36:18+00:00 | (163414 files, 6% size)
2026-05-31 19:36:28+00:00 | (163454 files, 6% size)
2026-05-31 19:36:38+00:00 | (163494 files, 6% size)
2026-05-31 19:36:48+00:00 | (163534 files, 6% size)
2026-05-31 19:36:58+00:00 | (163574 files, 6% size)
2026-05-31 19:37:08+00:00 | (163614 files, 6% size)
2026-05-31 19:37:18+00:00 | (163654 files, 6% size)
2026-05-31 19:37:28+00:00 | (163694 files, 6% size)
2026-05-31 19:37:38+00:00 | (163734 files, 6% size)
2026-05-31 19:37:48+00:00 | (163774 files, 6% size)
2026-05-31 19:37:58+00:00 | (163814 files, 6% size)
2026-05-31 19:38:08+00:00 | (163854 files, 6% size)
2026-05-31 19:38:18+00:00 | (163894 files, 6% size)
2026-05-31 19:38:28+00:00 | (163934 files, 6% size)
2026-05-31 19:38:38+00:00 | (163974 files, 6% size)
2026-05-31 19:38:48+00:00 | (164014 files, 6% size)
2026-05-31 19:38:58+00:00 | (164054 files, 6% size)
2026-05-31 19:39:08+00:00 | (164094 files, 6% size)
2026-05-31 19:39:18+00:00 | (164134 files, 6% size)
2026-05-31 19:39:28+00:00 | (164174 files, 6% size)
2026-05-31 19:39:38+00:00 | (164214 files, 6% size)
2026-05-31 19:39:48+00:00 | (164254 files, 6% size)
2026-05-31 19:39:58+00:00 | (164294 files, 6% size)
2026-05-31 19:40:08+00:00 | (164334 files, 6% size)
2026-05-31 19:40:18+00:00 | (164374 files, 6% size)
2026-05-31 19:40:28+00:00 | (164414 files, 6% size)
2026-05-31 19:40:38+00:00 | (164454 files, 6% size)
2026-05-31 19:40:48+00:00 | (164494 files, 6% size)
2026-05-31 19:40:58+00:00 | (164534 files, 6% size)
2026-05-31 19:41:08+00:00 | (164574 files, 6% size)
2026-05-31 19:41:18+00:00 | (164614 files, 6% size)
2026-05-31 19:41:28+00:00 | (164654 files, 6% size)
2026-05-31 19:41:38+00:00 | (164694 files, 6% size)
2026-05-31 19:41:48+00:00 | (164734 files, 6% size)
2026-05-31 19:41:58+00:00 | (164774 files, 6% size)
2026-05-31 19:42:08+00:00 | (164814 files, 6% size)
2026-05-31 19:42:18+00:00 | (164854 files, 6% size)
2026-05-31 19:42:28+00:00 | (164894 files, 6% size)
2026-05-31 19:42:38+00:00 | (164934 files, 6% size)
2026-05-31 19:42:48+00:00 | (164974 files, 6% size)
2026-05-31 19:42:58+00:00 | (165014 files, 6% size)
2026-05-31 19:43:08+00:00 | (165054 files, 6% size)
2026-05-31 19:43:18+00:00 | (165094 files, 6% size)
2026-05-31 19:43:28+00:00 | (165134 files, 6% size)
2026-05-31 19:43:38+00:00 | (165174 files, 6% size)
2026-05-31 19:43:48+00:00 | (165214 files, 6% size)
2026-05-31 19:43:58+00:00 | (165254 files, 6% size)
2026-05-31 19:44:08+00:00 | (165294 files, 6% size)
2026-05-31 19:44:18+00:00 | (165334 files, 6% size)
2026-05-31 19:44:28+00:00 | (165374 files, 6% size)
2026-05-31 19:44:38+00:00 | (165414 files, 6% size)
2026-05-31 19:44:48+00:00 | (165454 files, 6% size)
2026-05-31 19:44:58+00:00 | (165494 files, 6% size)
2026-05-31 19:45:08+00:00 | (165534 files, 6% size)
2026-05-31 19:45:18+00:00 | (165574 files, 6% size)
2026-05-31 19:45:28+00:00 | (165614 files, 6% size)
2026-05-31 19:45:38+00:00 | (165654 files, 6% size)
2026-05-31 19:45:48+00:00 | (165694 files, 6% size)
2026-05-31 19:45:58+00:00 | (165734 files, 6% size)
2026-05-31 19:46:08+00:00 | (165774 files, 6% size)
2026-05-31 19:46:18+00:00 | (165814 files, 6% size)
2026-05-31 19:46:28+00:00 | (165854 files, 6% size)
2026-05-31 19:46:38+00:00 | (165894 files, 6% size)
2026-05-31 19:46:48+00:00 | (165934 files, 6% size)
2026-05-31 19:46:58+00:00 | (165974 files, 6% size)
2026-05-31 19:47:08+00:00 | (166014 files, 6% size)
2026-05-31 19:47:18+00:00 | (166054 files, 6% size)
2026-05-31 19:47:28+00:00 | (166094 files, 6% size)
2026-05-31 19:47:38+00:00 | (166134 files, 6% size)
2026-05-31 19:47:48+00:00 | (166174 files, 6% size)
2026-05-31 19:47:58+00:00 | (166214 files, 6% size)
2026-05-31 19:48:08+00:00 | (166254 files, 6% size)
2026-05-31 19:48:18+00:00 | (166294 files, 6% size)
2026-05-31 19:48:28+00:00 | (166334 files, 6% size)
2026-05-31 19:48:38+00:00 | (166374 files, 6% size)
2026-05-31 19:48:48+00:00 | (166414 files, 6% size)
2026-05-31 19:48:58+00:00 | (166454 files, 6% size)
2026-05-31 19:49:08+00:00 | (166494 files, 6% size)
2026-05-31 19:49:18+00:00 | (166534 files, 6% size)
2026-05-31 19:49:28+00:00 | (166574 files, 6% size)
2026-05-31 19:49:38+00:00 | (166614 files, 6% size)
2026-05-31 19:49:48+00:00 | (166654 files, 6% size)
2026-05-31 19:49:58+00:00 | (166694 files, 6% size)
2026-05-31 19:50:08+00:00 | (166734 files, 6% size)
2026-05-31 19:50:18+00:00 | (166774 files, 6% size)
2026-05-31 19:50:28+00:00 | (166814 files, 6% size)
2026-05-31 19:50:38+00:00 | (166854 files, 6% size)
2026-05-31 19:50:48+00:00 | (166894 files, 6% size)
2026-05-31 19:50:58+00:00 | (166934 files, 6% size)
2026-05-31 19:51:08+00:00 | (166974 files, 6% size)
2026-05-31 19:51:18+00:00 | (167014 files, 6% size)
2026-05-31 19:51:28+00:00 | (167054 files, 6% size)
2026-05-31 19:51:38+00:00 | (167094 files, 6% size)
2026-05-31 19:51:48+00:00 | (167134 files, 6% size)
2026-05-31 19:51:58+00:00 | (167174 files, 6% size)
2026-05-31 19:52:08+00:00 | (167214 files, 6% size)
2026-05-31 19:52:18+00:00 | (167254 files, 6% size)
2026-05-31 19:52:28+00:00 | (167294 files, 6% size)
2026-05-31 19:52:38+00:00 | (167334 files, 6% size)
2026-05-31 19:52:48+00:00 | (167374 files, 6% size)
2026-05-31 19:52:58+00:00 | (167414 files, 6% size)
2026-05-31 19:53:08+00:00 | (167454 files, 6% size)
2026-05-31 19:53:18+00:00 | (167494 files, 6% size)
2026-05-31 19:53:28+00:00 | (167534 files, 6% size)
2026-05-31 19:53:38+00:00 | (167574 files, 6% size)
2026-05-31 19:53:48+00:00 | (167614 files, 6% size)
2026-05-31 19:53:58+00:00 | (167654 files, 6% size)
2026-05-31 19:54:08+00:00 | (167694 files, 6% size)
2026-05-31 19:54:18+00:00 | (167734 files, 6% size)
2026-05-31 19:54:28+00:00 | (167774 files, 6% size)
2026-05-31 19:54:38+00:00 | (167814 files, 6% size)
2026-05-31 19:54:48+00:00 | (167854 files, 6% size)
2026-05-31 19:54:58+00:00 | (167894 files, 6% size)
2026-05-31 19:55:08+00:00 | (167934 files, 6% size)
2026-05-31 19:55:18+00:00 | (167974 files, 6% size)
2026-05-31 19:55:28+00:00 | (168014 files, 6% size)
2026-05-31 19:55:38+00:00 | (168054 files, 6% size)
2026-05-31 19:55:48+00:00 | (168094 files, 6% size)
2026-05-31 19:55:58+00:00 | (168134 files, 6% size)
2026-05-31 19:56:08+00:00 | (168174 files, 6% size)
2026-05-31 19:56:18+00:00 | (168214 files, 6% size)
2026-05-31 19:56:28+00:00 | (168254 files, 6% size)
2026-05-31 19:56:38+00:00 | (168294 files, 6% size)
2026-05-31 19:56:48+00:00 | (168334 files, 6% size)
2026-05-31 19:56:58+00:00 | (168374 files, 6% size)
2026-05-31 19:57:08+00:00 | (168414 files, 6% size)
2026-05-31 19:57:18+00:00 | (168454 files, 6% size)
2026-05-31 19:57:28+00:00 | (168494 files, 6% size)
2026-05-31 19:57:38+00:00 | (168534 files, 6% size)
2026-05-31 19:57:48+00:00 | (168574 files, 6% size)
2026-05-31 19:57:58+00:00 | (168614 files, 6% size)
2026-05-31 19:58:08+00:00 | (168654 files, 6% size)
2026-05-31 19:58:18+00:00 | (168694 files, 6% size)
2026-05-31 19:58:28+00:00 | (168734 files, 6% size)
2026-05-31 19:58:38+00:00 | (168774 files, 6% size)
2026-05-31 19:58:48+00:00 | (168814 files, 6% size)
2026-05-31 19:58:58+00:00 | (168854 files, 6% size)
2026-05-31 19:59:08+00:00 | (168894 files, 6% size)
2026-05-31 19:59:18+00:00 | (168934 files, 6% size)
2026-05-31 19:59:28+00:00 | (168974 files, 6% size)
2026-05-31 19:59:38+00:00 | (169014 files, 6% size)
2026-05-31 19:59:48+00:00 | (169054 files, 6% size)
2026-05-31 19:59:58+00:00 | (169094 files, 6% size)
2026-05-31 20:00:08+00:00 | (169134 files, 6% size)
2026-05-31 20:00:18+00:00 | (169174 files, 6% size)
2026-05-31 20:00:28+00:00 | (169214 files, 6% size)
2026-05-31 20:00:38+00:00 | (169254 files, 6% size)
2026-05-31 20:00:48+00:00 | (169294 files, 6% size)
2026-05-31 20:00:58+00:00 | (169334 files, 6% size)
2026-05-31 20:01:08+00:00 | (169374 files, 6% size)
2026-05-31 20:01:18+00:00 | (169414 files, 6% size)
2026-05-31 20:01:28+00:00 | (169454 files, 6% size)
2026-05-31 20:01:38+00:00 | (169494 files, 6% size)
2026-05-31 20:01:48+00:00 | (169534 files, 6% size)
2026-05-31 20:01:58+00:00 | (169574 files, 6% size)
2026-05-31 20:02:08+00:00 | (169614 files, 6% size)
2026-05-31 20:02:18+00:00 | (169654 files, 6% size)
2026-05-31 20:02:28+00:00 | (169694 files, 6% size)
2026-05-31 20:02:38+00:00 | (169734 files, 6% size)
2026-05-31 20:02:48+00:00 | (169774 files, 6% size)
2026-05-31 20:02:58+00:00 | (169814 files, 6% size)
2026-05-31 20:03:08+00:00 | (169854 files, 6% size)
2026-05-31 20:03:18+00:00 | (169894 files, 6% size)
2026-05-31 20:03:28+00:00 | (169934 files, 6% size)
2026-05-31 20:03:38+00:00 | (169974 files, 6% size)
2026-05-31 20:03:48+00:00 | (170014 files, 6% size)
2026-05-31 20:03:58+00:00 | (170054 files, 6% size)
2026-05-31 20:04:08+00:00 | (170094 files, 6% size)
2026-05-31 20:04:18+00:00 | (170134 files, 6% size)
2026-05-31 20:04:28+00:00 | (170174 files, 6% size)
2026-05-31 20:04:38+00:00 | (170214 files, 6% size)
2026-05-31 20:04:48+00:00 | (170254 files, 6% size)
2026-05-31 20:04:58+00:00 | (170294 files, 6% size)
2026-05-31 20:05:08+00:00 | (170334 files, 6% size)
2026-05-31 20:05:18+00:00 | (170374 files, 6% size)
2026-05-31 20:05:28+00:00 | (170414 files, 6% size)
2026-05-31 20:05:38+00:00 | (170454 files, 6% size)
2026-05-31 20:05:48+00:00 | (170494 files, 6% size)
2026-05-31 20:05:58+00:00 | (170534 files, 6% size)
2026-05-31 20:06:08+00:00 | (170574 files, 6% size)
2026-05-31 20:06:18+00:00 | (170614 files, 6% size)
2026-05-31 20:06:28+00:00 | (170654 files, 6% size)
2026-05-31 20:06:38+00:00 | (170694 files, 6% size)
2026-05-31 20:06:48+00:00 | (170734 files, 6% size)
2026-05-31 20:06:58+00:00 | (170774 files, 6% size)
2026-05-31 20:07:08+00:00 | (170814 files, 6% size)
2026-05-31 20:07:18+00:00 | (170854 files, 6% size)
2026-05-31 20:07:28+00:00 | (170894 files, 6% size)
2026-05-31 20:07:38+00:00 | (170934 files, 6% size)
2026-05-31 20:07:48+00:00 | (170974 files, 6% size)
2026-05-31 20:07:58+00:00 | (171014 files, 6% size)
2026-05-31 20:08:08+00:00 | (171054 files, 6% size)
2026-05-31 20:08:18+00:00 | (171094 files, 6% size)
2026-05-31 20:08:28+00:00 | (171134 files, 6% size)
2026-05-31 20:08:38+00:00 | (171174 files, 6% size)
2026-05-31 20:08:48+00:00 | (171214 files, 6% size)
2026-05-31 20:08:58+00:00 | (171254 files, 6% size)
2026-05-31 20:09:08+00:00 | (171294 files, 6% size)
2026-05-31 20:09:18+00:00 | (171334 files, 6% size)
2026-05-31 20:09:28+00:00 | (171374 files, 6% size)
2026-05-31 20:09:38+00:00 | (171414 files, 6% size)
2026-05-31 20:09:48+00:00 | (171454 files, 6% size)
2026-05-31 20:09:58+00:00 | (171494 files, 6% size)
2026-05-31 20:10:08+00:00 | (171534 files, 6% size)
2026-05-31 20:10:18+00:00 | (171574 files, 6% size)
2026-05-31 20:10:28+00:00 | (171614 files, 6% size)
2026-05-31 20:10:38+00:00 | (171654 files, 6% size)
2026-05-31 20:10:48+00:00 | (171694 files, 6% size)
2026-05-31 20:10:58+00:00 | (171734 files, 6% size)
2026-05-31 20:11:08+00:00 | (171774 files, 6% size)
2026-05-31 20:11:18+00:00 | (171814 files, 6% size)
2026-05-31 20:11:28+00:00 | (171854 files, 6% size)
2026-05-31 20:11:38+00:00 | (171894 files, 6% size)
2026-05-31 20:11:48+00:00 | (171934 files, 6% size)
2026-05-31 20:11:58+00:00 | (171974 files, 6% size)
2026-05-31 20:12:08+00:00 | (172014 files, 6% size)
2026-05-31 20:12:18+00:00 | (172054 files, 6% size)
2026-05-31 20:12:28+00:00 | (172094 files, 6% size)
2026-05-31 20:12:38+00:00 | (172134 files, 6% size)
2026-05-31 20:12:48+00:00 | (172174 files, 6% size)
2026-05-31 20:12:58+00:00 | (172214 files, 6% size)
2026-05-31 20:13:08+00:00 | (172254 files, 6% size)
2026-05-31 20:13:18+00:00 | (172294 files, 6% size)
2026-05-31 20:13:28+00:00 | (172334 files, 6% size)
2026-05-31 20:13:38+00:00 | (172374 files, 6% size)
2026-05-31 20:13:48+00:00 | (172414 files, 6% size)
2026-05-31 20:13:58+00:00 | (172454 files, 6% size)
2026-05-31 20:14:08+00:00 | (172494 files, 6% size)
2026-05-31 20:14:18+00:00 | (172534 files, 6% size)
2026-05-31 20:14:28+00:00 | (172574 files, 6% size)
2026-05-31 20:14:38+00:00 | (172614 files, 6% size)
2026-05-31 20:14:48+00:00 | (172654 files, 6% size)
2026-05-31 20:14:58+00:00 | (172694 files, 6% size)
2026-05-31 20:15:08+00:00 | (172734 files, 6% size)
2026-05-31 20:15:18+00:00 | (172774 files, 6% size)
2026-05-31 20:15:28+00:00 | (172814 files, 6% size)
2026-05-31 20:15:38+00:00 | (172854 files, 6% size)
2026-05-31 20:15:48+00:00 | (172894 files, 6% size)
2026-05-31 20:15:58+00:00 | (172934 files, 6% size)
2026-05-31 20:16:08+00:00 | (172974 files, 6% size)
2026-05-31 20:16:18+00:00 | (173014 files, 6% size)
2026-05-31 20:16:28+00:00 | (173054 files, 6% size)
2026-05-31 20:16:38+00:00 | (173094 files, 6% size)
2026-05-31 20:16:48+00:00 | (173134 files, 6% size)
2026-05-31 20:16:58+00:00 | (173174 files, 6% size)
2026-05-31 20:17:08+00:00 | (173214 files, 6% size)
2026-05-31 20:17:18+00:00 | (173254 files, 6% size)
2026-05-31 20:17:28+00:00 | (173294 files, 6% size)
2026-05-31 20:17:38+00:00 | (173334 files, 6% size)
2026-05-31 20:17:48+00:00 | (173374 files, 6% size)
2026-05-31 20:17:58+00:00 | (173414 files, 6% size)
2026-05-31 20:18:08+00:00 | (173454 files, 6% size)
2026-05-31 20:18:18+00:00 | (173494 files, 6% size)
2026-05-31 20:18:28+00:00 | (173534 files, 6% size)
2026-05-31 20:18:38+00:00 | (173574 files, 6% size)
2026-05-31 20:18:48+00:00 | (173614 files, 6% size)
2026-05-31 20:18:58+00:00 | (173654 files, 6% size)
2026-05-31 20:19:08+00:00 | (173694 files, 6% size)
2026-05-31 20:19:18+00:00 | (173734 files, 6% size)
2026-05-31 20:19:28+00:00 | (173774 files, 6% size)
2026-05-31 20:19:38+00:00 | (173814 files, 6% size)
2026-05-31 20:19:48+00:00 | (173854 files, 6% size)
2026-05-31 20:19:58+00:00 | (173894 files, 6% size)
2026-05-31 20:20:08+00:00 | (173934 files, 6% size)
2026-05-31 20:20:18+00:00 | (173974 files, 6% size)
2026-05-31 20:20:28+00:00 | (174014 files, 6% size)
2026-05-31 20:20:38+00:00 | (174054 files, 6% size)
2026-05-31 20:20:48+00:00 | (174094 files, 6% size)
2026-05-31 20:20:58+00:00 | (174134 files, 6% size)
2026-05-31 20:21:08+00:00 | (174174 files, 6% size)
2026-05-31 20:21:18+00:00 | (174214 files, 6% size)
2026-05-31 20:21:28+00:00 | (174254 files, 6% size)
2026-05-31 20:21:38+00:00 | (174294 files, 6% size)
2026-05-31 20:21:48+00:00 | (174334 files, 6% size)
2026-05-31 20:21:58+00:00 | (174374 files, 6% size)
2026-05-31 20:22:08+00:00 | (174414 files, 6% size)
2026-05-31 20:22:18+00:00 | (174454 files, 6% size)
2026-05-31 20:22:28+00:00 | (174494 files, 6% size)
2026-05-31 20:22:38+00:00 | (174534 files, 6% size)
2026-05-31 20:22:48+00:00 | (174574 files, 6% size)
2026-05-31 20:22:58+00:00 | (174614 files, 6% size)
2026-05-31 20:23:08+00:00 | (174654 files, 6% size)
2026-05-31 20:23:18+00:00 | (174694 files, 7% size)
2026-05-31 20:23:28+00:00 | (174734 files, 7% size)
2026-05-31 20:23:38+00:00 | (174774 files, 7% size)
2026-05-31 20:23:48+00:00 | (174814 files, 7% size)
2026-05-31 20:23:58+00:00 | (174854 files, 7% size)
2026-05-31 20:24:08+00:00 | (174894 files, 7% size)
2026-05-31 20:24:18+00:00 | (174934 files, 7% size)
2026-05-31 20:24:28+00:00 | (174974 files, 7% size)
2026-05-31 20:24:38+00:00 | (175014 files, 7% size)
2026-05-31 20:24:48+00:00 | (175054 files, 7% size)
2026-05-31 20:24:58+00:00 | (175094 files, 7% size)
2026-05-31 20:25:08+00:00 | (175134 files, 7% size)
2026-05-31 20:25:18+00:00 | (175174 files, 7% size)
2026-05-31 20:25:28+00:00 | (175214 files, 7% size)
2026-05-31 20:25:38+00:00 | (175254 files, 7% size)
2026-05-31 20:25:48+00:00 | (175294 files, 7% size)
2026-05-31 20:25:58+00:00 | (175334 files, 7% size)
2026-05-31 20:26:08+00:00 | (175374 files, 7% size)
2026-05-31 20:26:18+00:00 | (175414 files, 7% size)
2026-05-31 20:26:28+00:00 | (175454 files, 7% size)
2026-05-31 20:26:38+00:00 | (175494 files, 7% size)
2026-05-31 20:26:48+00:00 | (175534 files, 7% size)
2026-05-31 20:26:58+00:00 | (175574 files, 7% size)
2026-05-31 20:27:08+00:00 | (175614 files, 7% size)
2026-05-31 20:27:18+00:00 | (175654 files, 7% size)
2026-05-31 20:27:28+00:00 | (175694 files, 7% size)
2026-05-31 20:27:38+00:00 | (175734 files, 7% size)
2026-05-31 20:27:48+00:00 | (175774 files, 7% size)
2026-05-31 20:27:58+00:00 | (175814 files, 7% size)
2026-05-31 20:28:08+00:00 | (175854 files, 7% size)
2026-05-31 20:28:18+00:00 | (175894 files, 7% size)
2026-05-31 20:28:28+00:00 | (175934 files, 7% size)
2026-05-31 20:28:38+00:00 | (175974 files, 7% size)
2026-05-31 20:28:48+00:00 | (176014 files, 7% size)
2026-05-31 20:28:58+00:00 | (176054 files, 7% size)
2026-05-31 20:29:08+00:00 | (176094 files, 7% size)
2026-05-31 20:29:18+00:00 | (176134 files, 7% size)
2026-05-31 20:29:28+00:00 | (176174 files, 7% size)
2026-05-31 20:29:38+00:00 | (176214 files, 7% size)
2026-05-31 20:29:48+00:00 | (176254 files, 7% size)
2026-05-31 20:29:58+00:00 | (176294 files, 7% size)
2026-05-31 20:30:08+00:00 | (176334 files, 7% size)
2026-05-31 20:30:18+00:00 | (176374 files, 7% size)
2026-05-31 20:30:28+00:00 | (176414 files, 7% size)
2026-05-31 20:30:38+00:00 | (176454 files, 7% size)
2026-05-31 20:30:48+00:00 | (176494 files, 7% size)
2026-05-31 20:30:58+00:00 | (176534 files, 7% size)
2026-05-31 20:31:08+00:00 | (176574 files, 7% size)
2026-05-31 20:31:18+00:00 | (176614 files, 7% size)
2026-05-31 20:31:28+00:00 | (176654 files, 7% size)
2026-05-31 20:31:38+00:00 | (176694 files, 7% size)
2026-05-31 20:31:48+00:00 | (176734 files, 7% size)
2026-05-31 20:31:58+00:00 | (176774 files, 7% size)
2026-05-31 20:32:08+00:00 | (176814 files, 7% size)
2026-05-31 20:32:18+00:00 | (176854 files, 7% size)
2026-05-31 20:32:28+00:00 | (176894 files, 7% size)
2026-05-31 20:32:38+00:00 | (176934 files, 7% size)
2026-05-31 20:32:48+00:00 | (176974 files, 7% size)
2026-05-31 20:32:58+00:00 | (177014 files, 7% size)
2026-05-31 20:33:08+00:00 | (177054 files, 7% size)
2026-05-31 20:33:18+00:00 | (177094 files, 7% size)
2026-05-31 20:33:28+00:00 | (177134 files, 7% size)
2026-05-31 20:33:38+00:00 | (177174 files, 7% size)
2026-05-31 20:33:48+00:00 | (177214 files, 7% size)
2026-05-31 20:33:58+00:00 | (177254 files, 7% size)
2026-05-31 20:34:08+00:00 | (177294 files, 7% size)
2026-05-31 20:34:18+00:00 | (177334 files, 7% size)
2026-05-31 20:34:28+00:00 | (177374 files, 7% size)
2026-05-31 20:34:38+00:00 | (177414 files, 7% size)
2026-05-31 20:34:48+00:00 | (177454 files, 7% size)
2026-05-31 20:34:58+00:00 | (177494 files, 7% size)
2026-05-31 20:35:08+00:00 | (177534 files, 7% size)
2026-05-31 20:35:18+00:00 | (177574 files, 7% size)
2026-05-31 20:35:28+00:00 | (177614 files, 7% size)
2026-05-31 20:35:38+00:00 | (177654 files, 7% size)
2026-05-31 20:35:48+00:00 | (177694 files, 7% size)
2026-05-31 20:35:58+00:00 | (177734 files, 7% size)
2026-05-31 20:36:08+00:00 | (177774 files, 7% size)
2026-05-31 20:36:18+00:00 | (177814 files, 7% size)
2026-05-31 20:36:28+00:00 | (177854 files, 7% size)
2026-05-31 20:36:38+00:00 | (177894 files, 7% size)
2026-05-31 20:36:48+00:00 | (177934 files, 7% size)
2026-05-31 20:36:58+00:00 | (177974 files, 7% size)
2026-05-31 20:37:08+00:00 | (178014 files, 7% size)
2026-05-31 20:37:18+00:00 | (178054 files, 7% size)
2026-05-31 20:37:28+00:00 | (178094 files, 7% size)
2026-05-31 20:37:38+00:00 | (178134 files, 7% size)
2026-05-31 20:37:48+00:00 | (178174 files, 7% size)
2026-05-31 20:37:58+00:00 | (178214 files, 7% size)
2026-05-31 20:38:08+00:00 | (178254 files, 7% size)
2026-05-31 20:38:18+00:00 | (178294 files, 7% size)
2026-05-31 20:38:28+00:00 | (178330 files, 7% size)
2026-05-31 20:38:38+00:00 | (178370 files, 7% size)
2026-05-31 20:38:48+00:00 | (178410 files, 7% size)
2026-05-31 20:38:58+00:00 | (178450 files, 7% size)
2026-05-31 20:39:08+00:00 | (178490 files, 7% size)
2026-05-31 20:39:18+00:00 | (178530 files, 7% size)
2026-05-31 20:39:28+00:00 | (178570 files, 7% size)
2026-05-31 20:39:38+00:00 | (178610 files, 7% size)
2026-05-31 20:39:48+00:00 | (178650 files, 7% size)
2026-05-31 20:39:58+00:00 | (178690 files, 7% size)
2026-05-31 20:40:08+00:00 | (178730 files, 7% size)
2026-05-31 20:40:18+00:00 | (178770 files, 7% size)
2026-05-31 20:40:28+00:00 | (178812 files, 7% size)
2026-05-31 20:40:38+00:00 | (178854 files, 7% size)
2026-05-31 20:40:48+00:00 | (178894 files, 7% size)
2026-05-31 20:40:58+00:00 | (178934 files, 7% size)
2026-05-31 20:41:08+00:00 | (178974 files, 7% size)
2026-05-31 20:41:18+00:00 | (179014 files, 7% size)
2026-05-31 20:41:28+00:00 | (179054 files, 7% size)
2026-05-31 20:41:38+00:00 | (179094 files, 7% size)
2026-05-31 20:41:48+00:00 | (179134 files, 7% size)
2026-05-31 20:41:58+00:00 | (179174 files, 7% size)
2026-05-31 20:42:08+00:00 | (179214 files, 7% size)
2026-05-31 20:42:18+00:00 | (179254 files, 7% size)
2026-05-31 20:42:28+00:00 | (179294 files, 7% size)
2026-05-31 20:42:38+00:00 | (179334 files, 7% size)
2026-05-31 20:42:48+00:00 | (179374 files, 7% size)
2026-05-31 20:42:58+00:00 | (179414 files, 7% size)
2026-05-31 20:43:08+00:00 | (179454 files, 7% size)
2026-05-31 20:43:18+00:00 | (179494 files, 7% size)
2026-05-31 20:43:28+00:00 | (179534 files, 7% size)
2026-05-31 20:43:38+00:00 | (179574 files, 7% size)
2026-05-31 20:43:48+00:00 | (179614 files, 7% size)
2026-05-31 20:43:58+00:00 | (179654 files, 7% size)
2026-05-31 20:44:08+00:00 | (179694 files, 7% size)
2026-05-31 20:44:18+00:00 | (179734 files, 7% size)
2026-05-31 20:44:28+00:00 | (179774 files, 7% size)
2026-05-31 20:44:38+00:00 | (179814 files, 7% size)
2026-05-31 20:44:48+00:00 | (179854 files, 7% size)
2026-05-31 20:44:58+00:00 | (179894 files, 7% size)
2026-05-31 20:45:08+00:00 | (179934 files, 7% size)
2026-05-31 20:45:18+00:00 | (179974 files, 7% size)
2026-05-31 20:45:28+00:00 | (180014 files, 7% size)
2026-05-31 20:45:38+00:00 | (180054 files, 7% size)
2026-05-31 20:45:48+00:00 | (180094 files, 7% size)
2026-05-31 20:45:58+00:00 | (180134 files, 7% size)
2026-05-31 20:46:08+00:00 | (180174 files, 7% size)
2026-05-31 20:46:18+00:00 | (180214 files, 7% size)
2026-05-31 20:46:28+00:00 | (180254 files, 7% size)
2026-05-31 20:46:38+00:00 | (180294 files, 7% size)
2026-05-31 20:46:48+00:00 | (180334 files, 7% size)
2026-05-31 20:46:58+00:00 | (180374 files, 7% size)
2026-05-31 20:47:08+00:00 | (180414 files, 7% size)
2026-05-31 20:47:18+00:00 | (180454 files, 7% size)
2026-05-31 20:47:28+00:00 | (180494 files, 7% size)
2026-05-31 20:47:38+00:00 | (180534 files, 7% size)
2026-05-31 20:47:48+00:00 | (180574 files, 7% size)
2026-05-31 20:47:58+00:00 | (180614 files, 7% size)
2026-05-31 20:48:08+00:00 | (180654 files, 7% size)
2026-05-31 20:48:18+00:00 | (180694 files, 7% size)
2026-05-31 20:48:28+00:00 | (180734 files, 7% size)
2026-05-31 20:48:38+00:00 | (180774 files, 7% size)
2026-05-31 20:48:48+00:00 | (180814 files, 7% size)
2026-05-31 20:48:58+00:00 | (180854 files, 7% size)
2026-05-31 20:49:08+00:00 | (180894 files, 7% size)
2026-05-31 20:49:18+00:00 | (180934 files, 7% size)
2026-05-31 20:49:28+00:00 | (180974 files, 7% size)
2026-05-31 20:49:38+00:00 | (181014 files, 7% size)
2026-05-31 20:49:48+00:00 | (181054 files, 7% size)
2026-05-31 20:49:58+00:00 | (181094 files, 7% size)
2026-05-31 20:50:08+00:00 | (181134 files, 7% size)
2026-05-31 20:50:18+00:00 | (181174 files, 7% size)
2026-05-31 20:50:28+00:00 | (181214 files, 7% size)
2026-05-31 20:50:38+00:00 | (181254 files, 7% size)
2026-05-31 20:50:48+00:00 | (181294 files, 7% size)
2026-05-31 20:50:58+00:00 | (181334 files, 7% size)
2026-05-31 20:51:08+00:00 | (181374 files, 7% size)
2026-05-31 20:51:18+00:00 | (181414 files, 7% size)
2026-05-31 20:51:28+00:00 | (181454 files, 7% size)
2026-05-31 20:51:38+00:00 | (181494 files, 7% size)
2026-05-31 20:51:48+00:00 | (181534 files, 7% size)
2026-05-31 20:51:58+00:00 | (181574 files, 7% size)
2026-05-31 20:52:08+00:00 | (181614 files, 7% size)
2026-05-31 20:52:18+00:00 | (181654 files, 7% size)
2026-05-31 20:52:28+00:00 | (181694 files, 7% size)
2026-05-31 20:52:38+00:00 | (181734 files, 7% size)
2026-05-31 20:52:48+00:00 | (181774 files, 7% size)
2026-05-31 20:52:58+00:00 | (181814 files, 7% size)
2026-05-31 20:53:08+00:00 | (181854 files, 7% size)
2026-05-31 20:53:18+00:00 | (181894 files, 7% size)
2026-05-31 20:53:28+00:00 | (181934 files, 7% size)
2026-05-31 20:53:38+00:00 | (181974 files, 7% size)
2026-05-31 20:53:48+00:00 | (182014 files, 7% size)
2026-05-31 20:53:58+00:00 | (182054 files, 7% size)
2026-05-31 20:54:08+00:00 | (182094 files, 7% size)
2026-05-31 20:54:18+00:00 | (182134 files, 7% size)
2026-05-31 20:54:28+00:00 | (182174 files, 7% size)
2026-05-31 20:54:38+00:00 | (182214 files, 7% size)
2026-05-31 20:54:48+00:00 | (182254 files, 7% size)
2026-05-31 20:54:58+00:00 | (182294 files, 7% size)
2026-05-31 20:55:08+00:00 | (182334 files, 7% size)
2026-05-31 20:55:18+00:00 | (182374 files, 7% size)
2026-05-31 20:55:28+00:00 | (182414 files, 7% size)
2026-05-31 20:55:38+00:00 | (182454 files, 7% size)
2026-05-31 20:55:48+00:00 | (182494 files, 7% size)
2026-05-31 20:55:58+00:00 | (182534 files, 7% size)
2026-05-31 20:56:08+00:00 | (182574 files, 7% size)
2026-05-31 20:56:18+00:00 | (182614 files, 7% size)
2026-05-31 20:56:28+00:00 | (182654 files, 7% size)
2026-05-31 20:56:38+00:00 | (182694 files, 7% size)
2026-05-31 20:56:48+00:00 | (182734 files, 7% size)
2026-05-31 20:56:58+00:00 | (182774 files, 7% size)
2026-05-31 20:57:08+00:00 | (182814 files, 7% size)
2026-05-31 20:57:18+00:00 | (182854 files, 7% size)
2026-05-31 20:57:28+00:00 | (182894 files, 7% size)
2026-05-31 20:57:38+00:00 | (182934 files, 7% size)
2026-05-31 20:57:48+00:00 | (182974 files, 7% size)
2026-05-31 20:57:58+00:00 | (183014 files, 7% size)
2026-05-31 20:58:08+00:00 | (183054 files, 7% size)
2026-05-31 20:58:18+00:00 | (183094 files, 7% size)
2026-05-31 20:58:28+00:00 | (183134 files, 7% size)
2026-05-31 20:58:38+00:00 | (183174 files, 7% size)
2026-05-31 20:58:48+00:00 | (183214 files, 7% size)
2026-05-31 20:58:58+00:00 | (183254 files, 7% size)
2026-05-31 20:59:08+00:00 | (183294 files, 7% size)
2026-05-31 20:59:18+00:00 | (183334 files, 7% size)
2026-05-31 20:59:28+00:00 | (183374 files, 7% size)
2026-05-31 20:59:38+00:00 | (183414 files, 7% size)
2026-05-31 20:59:48+00:00 | (183454 files, 7% size)
2026-05-31 20:59:58+00:00 | (183494 files, 7% size)
2026-05-31 21:00:08+00:00 | (183534 files, 7% size)
2026-05-31 21:00:18+00:00 | (183574 files, 7% size)
2026-05-31 21:00:28+00:00 | (183614 files, 7% size)
2026-05-31 21:00:38+00:00 | (183654 files, 7% size)
2026-05-31 21:00:48+00:00 | (183694 files, 7% size)
2026-05-31 21:00:58+00:00 | (183734 files, 7% size)
2026-05-31 21:01:08+00:00 | (183774 files, 7% size)
2026-05-31 21:01:18+00:00 | (183814 files, 7% size)
2026-05-31 21:01:28+00:00 | (183854 files, 7% size)
2026-05-31 21:01:38+00:00 | (183894 files, 7% size)
2026-05-31 21:01:48+00:00 | (183934 files, 7% size)
2026-05-31 21:01:58+00:00 | (183974 files, 7% size)
2026-05-31 21:02:08+00:00 | (184014 files, 7% size)
2026-05-31 21:02:18+00:00 | (184054 files, 7% size)
2026-05-31 21:02:28+00:00 | (184094 files, 7% size)
2026-05-31 21:02:38+00:00 | (184134 files, 7% size)
2026-05-31 21:02:48+00:00 | (184174 files, 7% size)
2026-05-31 21:02:58+00:00 | (184214 files, 7% size)
2026-05-31 21:03:08+00:00 | (184254 files, 7% size)
2026-05-31 21:03:18+00:00 | (184294 files, 7% size)
2026-05-31 21:03:28+00:00 | (184334 files, 7% size)
2026-05-31 21:03:38+00:00 | (184374 files, 7% size)
2026-05-31 21:03:48+00:00 | (184414 files, 7% size)
2026-05-31 21:03:58+00:00 | (184454 files, 7% size)
2026-05-31 21:04:08+00:00 | (184494 files, 7% size)
2026-05-31 21:04:18+00:00 | (184534 files, 7% size)
2026-05-31 21:04:28+00:00 | (184574 files, 7% size)
2026-05-31 21:04:38+00:00 | (184614 files, 7% size)
2026-05-31 21:04:48+00:00 | (184654 files, 7% size)
2026-05-31 21:04:58+00:00 | (184694 files, 7% size)
2026-05-31 21:05:08+00:00 | (184734 files, 7% size)
2026-05-31 21:05:18+00:00 | (184774 files, 7% size)
2026-05-31 21:05:28+00:00 | (184814 files, 7% size)
2026-05-31 21:05:38+00:00 | (184854 files, 7% size)
2026-05-31 21:05:48+00:00 | (184894 files, 7% size)
2026-05-31 21:05:58+00:00 | (184934 files, 7% size)
2026-05-31 21:06:08+00:00 | (184974 files, 7% size)
2026-05-31 21:06:18+00:00 | (185014 files, 7% size)
2026-05-31 21:06:28+00:00 | (185054 files, 7% size)
2026-05-31 21:06:38+00:00 | (185094 files, 7% size)
2026-05-31 21:06:48+00:00 | (185134 files, 7% size)
2026-05-31 21:06:58+00:00 | (185174 files, 7% size)
2026-05-31 21:07:08+00:00 | (185214 files, 7% size)
2026-05-31 21:07:18+00:00 | (185254 files, 7% size)
2026-05-31 21:07:28+00:00 | (185294 files, 7% size)
2026-05-31 21:07:38+00:00 | (185334 files, 7% size)
2026-05-31 21:07:48+00:00 | (185374 files, 7% size)
2026-05-31 21:07:58+00:00 | (185414 files, 7% size)
2026-05-31 21:08:08+00:00 | (185454 files, 7% size)
2026-05-31 21:08:18+00:00 | (185494 files, 7% size)
2026-05-31 21:08:28+00:00 | (185534 files, 7% size)
2026-05-31 21:08:38+00:00 | (185574 files, 7% size)
2026-05-31 21:08:48+00:00 | (185614 files, 7% size)
2026-05-31 21:08:58+00:00 | (185654 files, 7% size)
2026-05-31 21:09:08+00:00 | (185694 files, 7% size)
2026-05-31 21:09:18+00:00 | (185734 files, 7% size)
2026-05-31 21:09:28+00:00 | (185774 files, 7% size)
2026-05-31 21:09:38+00:00 | (185814 files, 7% size)
2026-05-31 21:09:48+00:00 | (185854 files, 7% size)
2026-05-31 21:09:58+00:00 | (185894 files, 7% size)
2026-05-31 21:10:08+00:00 | (185934 files, 7% size)
2026-05-31 21:10:18+00:00 | (185974 files, 7% size)
2026-05-31 21:10:28+00:00 | (186014 files, 7% size)
2026-05-31 21:10:38+00:00 | (186054 files, 7% size)
2026-05-31 21:10:48+00:00 | (186094 files, 7% size)
2026-05-31 21:10:58+00:00 | (186134 files, 7% size)
2026-05-31 21:11:08+00:00 | (186174 files, 7% size)
2026-05-31 21:11:18+00:00 | (186214 files, 7% size)
2026-05-31 21:11:28+00:00 | (186254 files, 7% size)
2026-05-31 21:11:38+00:00 | (186294 files, 7% size)
2026-05-31 21:11:48+00:00 | (186334 files, 7% size)
2026-05-31 21:11:58+00:00 | (186374 files, 7% size)
2026-05-31 21:12:08+00:00 | (186414 files, 7% size)
2026-05-31 21:12:18+00:00 | (186454 files, 7% size)
2026-05-31 21:12:28+00:00 | (186494 files, 7% size)
2026-05-31 21:12:38+00:00 | (186534 files, 7% size)
2026-05-31 21:12:48+00:00 | (186574 files, 7% size)
2026-05-31 21:12:58+00:00 | (186614 files, 7% size)
2026-05-31 21:13:08+00:00 | (186654 files, 7% size)
2026-05-31 21:13:18+00:00 | (186694 files, 7% size)
2026-05-31 21:13:28+00:00 | (186734 files, 7% size)
2026-05-31 21:13:38+00:00 | (186774 files, 7% size)
2026-05-31 21:13:48+00:00 | (186814 files, 7% size)
2026-05-31 21:13:58+00:00 | (186854 files, 7% size)
2026-05-31 21:14:08+00:00 | (186894 files, 7% size)
2026-05-31 21:14:18+00:00 | (186934 files, 7% size)
2026-05-31 21:14:28+00:00 | (186974 files, 7% size)
2026-05-31 21:14:38+00:00 | (187014 files, 7% size)
2026-05-31 21:14:48+00:00 | (187054 files, 7% size)
2026-05-31 21:14:58+00:00 | (187094 files, 7% size)
2026-05-31 21:15:08+00:00 | (187134 files, 7% size)
2026-05-31 21:15:18+00:00 | (187174 files, 7% size)
2026-05-31 21:15:28+00:00 | (187214 files, 7% size)
2026-05-31 21:15:38+00:00 | (187254 files, 7% size)
2026-05-31 21:15:48+00:00 | (187294 files, 7% size)
2026-05-31 21:15:58+00:00 | (187334 files, 7% size)
2026-05-31 21:16:08+00:00 | (187374 files, 7% size)
2026-05-31 21:16:18+00:00 | (187414 files, 7% size)
2026-05-31 21:16:28+00:00 | (187454 files, 7% size)
2026-05-31 21:16:38+00:00 | (187494 files, 7% size)
2026-05-31 21:16:48+00:00 | (187534 files, 7% size)
2026-05-31 21:16:58+00:00 | (187574 files, 7% size)
2026-05-31 21:17:08+00:00 | (187614 files, 7% size)
2026-05-31 21:17:18+00:00 | (187654 files, 7% size)
2026-05-31 21:17:28+00:00 | (187694 files, 7% size)
2026-05-31 21:17:38+00:00 | (187734 files, 7% size)
2026-05-31 21:17:48+00:00 | (187774 files, 7% size)
2026-05-31 21:17:58+00:00 | (187814 files, 7% size)
2026-05-31 21:18:08+00:00 | (187854 files, 7% size)
2026-05-31 21:18:18+00:00 | (187894 files, 7% size)
2026-05-31 21:18:28+00:00 | (187934 files, 7% size)
2026-05-31 21:18:38+00:00 | (187974 files, 7% size)
2026-05-31 21:18:48+00:00 | (188014 files, 7% size)
2026-05-31 21:18:58+00:00 | (188054 files, 7% size)
2026-05-31 21:19:08+00:00 | (188094 files, 7% size)
2026-05-31 21:19:18+00:00 | (188134 files, 7% size)
2026-05-31 21:19:28+00:00 | (188174 files, 7% size)
2026-05-31 21:19:38+00:00 | (188214 files, 7% size)
2026-05-31 21:19:48+00:00 | (188254 files, 7% size)
2026-05-31 21:19:58+00:00 | (188294 files, 7% size)
2026-05-31 21:20:08+00:00 | (188334 files, 7% size)
2026-05-31 21:20:18+00:00 | (188374 files, 7% size)
2026-05-31 21:20:28+00:00 | (188414 files, 7% size)
2026-05-31 21:20:38+00:00 | (188454 files, 7% size)
2026-05-31 21:20:48+00:00 | (188494 files, 7% size)
2026-05-31 21:20:58+00:00 | (188534 files, 7% size)
2026-05-31 21:21:08+00:00 | (188574 files, 7% size)
2026-05-31 21:21:18+00:00 | (188614 files, 7% size)
2026-05-31 21:21:28+00:00 | (188654 files, 7% size)
2026-05-31 21:21:38+00:00 | (188694 files, 7% size)
2026-05-31 21:21:48+00:00 | (188734 files, 7% size)
2026-05-31 21:21:58+00:00 | (188774 files, 7% size)
2026-05-31 21:22:08+00:00 | (188814 files, 7% size)
2026-05-31 21:22:18+00:00 | (188854 files, 7% size)
2026-05-31 21:22:28+00:00 | (188894 files, 7% size)
2026-05-31 21:22:38+00:00 | (188934 files, 7% size)
2026-05-31 21:22:48+00:00 | (188974 files, 7% size)
2026-05-31 21:22:58+00:00 | (189014 files, 7% size)
2026-05-31 21:23:08+00:00 | (189054 files, 7% size)
2026-05-31 21:23:18+00:00 | (189094 files, 7% size)
2026-05-31 21:23:28+00:00 | (189134 files, 7% size)
2026-05-31 21:23:38+00:00 | (189174 files, 7% size)
2026-05-31 21:23:48+00:00 | (189214 files, 7% size)
2026-05-31 21:23:58+00:00 | (189254 files, 7% size)
2026-05-31 21:24:08+00:00 | (189294 files, 7% size)
2026-05-31 21:24:18+00:00 | (189334 files, 7% size)
2026-05-31 21:24:28+00:00 | (189374 files, 7% size)
2026-05-31 21:24:38+00:00 | (189414 files, 7% size)
2026-05-31 21:24:48+00:00 | (189454 files, 7% size)
2026-05-31 21:24:58+00:00 | (189494 files, 7% size)
2026-05-31 21:25:08+00:00 | (189534 files, 7% size)
2026-05-31 21:25:18+00:00 | (189574 files, 7% size)
2026-05-31 21:25:28+00:00 | (189614 files, 7% size)
2026-05-31 21:25:38+00:00 | (189654 files, 7% size)
2026-05-31 21:25:48+00:00 | (189694 files, 7% size)
2026-05-31 21:25:58+00:00 | (189734 files, 7% size)
2026-05-31 21:26:08+00:00 | (189774 files, 7% size)
2026-05-31 21:26:18+00:00 | (189814 files, 7% size)
2026-05-31 21:26:28+00:00 | (189854 files, 7% size)
2026-05-31 21:26:38+00:00 | (189894 files, 7% size)
2026-05-31 21:26:48+00:00 | (189934 files, 7% size)
2026-05-31 21:26:58+00:00 | (189974 files, 7% size)
2026-05-31 21:27:08+00:00 | (190014 files, 7% size)
2026-05-31 21:27:18+00:00 | (190054 files, 7% size)
2026-05-31 21:27:28+00:00 | (190094 files, 7% size)
2026-05-31 21:27:38+00:00 | (190134 files, 7% size)
2026-05-31 21:27:48+00:00 | (190174 files, 7% size)
2026-05-31 21:27:58+00:00 | (190214 files, 7% size)
2026-05-31 21:28:08+00:00 | (190254 files, 7% size)
2026-05-31 21:28:18+00:00 | (190294 files, 7% size)
2026-05-31 21:28:28+00:00 | (190334 files, 7% size)
2026-05-31 21:28:38+00:00 | (190374 files, 7% size)
2026-05-31 21:28:48+00:00 | (190414 files, 7% size)
2026-05-31 21:28:58+00:00 | (190454 files, 7% size)
2026-05-31 21:29:08+00:00 | (190494 files, 7% size)
2026-05-31 21:29:18+00:00 | (190534 files, 7% size)
2026-05-31 21:29:28+00:00 | (190574 files, 7% size)
2026-05-31 21:29:38+00:00 | (190614 files, 7% size)
2026-05-31 21:29:48+00:00 | (190654 files, 7% size)
2026-05-31 21:29:58+00:00 | (190694 files, 7% size)
2026-05-31 21:30:08+00:00 | (190734 files, 7% size)
2026-05-31 21:30:18+00:00 | (190774 files, 7% size)
2026-05-31 21:30:28+00:00 | (190814 files, 7% size)
2026-05-31 21:30:38+00:00 | (190854 files, 7% size)
2026-05-31 21:30:48+00:00 | (190894 files, 7% size)
2026-05-31 21:30:58+00:00 | (190934 files, 7% size)
2026-05-31 21:31:08+00:00 | (190974 files, 7% size)
2026-05-31 21:31:18+00:00 | (191014 files, 7% size)
2026-05-31 21:31:28+00:00 | (191054 files, 7% size)
2026-05-31 21:31:38+00:00 | (191094 files, 7% size)
2026-05-31 21:31:48+00:00 | (191134 files, 7% size)
2026-05-31 21:31:58+00:00 | (191174 files, 7% size)
2026-05-31 21:32:08+00:00 | (191214 files, 7% size)
2026-05-31 21:32:18+00:00 | (191254 files, 7% size)
2026-05-31 21:32:28+00:00 | (191294 files, 7% size)
2026-05-31 21:32:38+00:00 | (191334 files, 7% size)
2026-05-31 21:32:48+00:00 | (191374 files, 7% size)
2026-05-31 21:32:58+00:00 | (191414 files, 7% size)
2026-05-31 21:33:08+00:00 | (191454 files, 7% size)
2026-05-31 21:33:18+00:00 | (191494 files, 7% size)
2026-05-31 21:33:28+00:00 | (191534 files, 7% size)
2026-05-31 21:33:38+00:00 | (191574 files, 7% size)
2026-05-31 21:33:48+00:00 | (191614 files, 7% size)
2026-05-31 21:33:58+00:00 | (191654 files, 7% size)
2026-05-31 21:34:08+00:00 | (191694 files, 7% size)
2026-05-31 21:34:18+00:00 | (191734 files, 7% size)
2026-05-31 21:34:28+00:00 | (191774 files, 7% size)
2026-05-31 21:34:38+00:00 | (191814 files, 7% size)
2026-05-31 21:34:48+00:00 | (191854 files, 7% size)
2026-05-31 21:34:58+00:00 | (191894 files, 7% size)
2026-05-31 21:35:08+00:00 | (191934 files, 7% size)
2026-05-31 21:35:18+00:00 | (191974 files, 7% size)
2026-05-31 21:35:28+00:00 | (192014 files, 7% size)
2026-05-31 21:35:38+00:00 | (192054 files, 7% size)
2026-05-31 21:35:48+00:00 | (192094 files, 7% size)
2026-05-31 21:35:58+00:00 | (192134 files, 7% size)
2026-05-31 21:36:08+00:00 | (192174 files, 7% size)
2026-05-31 21:36:18+00:00 | (192214 files, 7% size)
2026-05-31 21:36:28+00:00 | (192254 files, 7% size)
2026-05-31 21:36:38+00:00 | (192294 files, 7% size)
2026-05-31 21:36:48+00:00 | (192334 files, 7% size)
2026-05-31 21:36:58+00:00 | (192374 files, 7% size)
2026-05-31 21:37:08+00:00 | (192414 files, 7% size)
2026-05-31 21:37:18+00:00 | (192454 files, 7% size)
2026-05-31 21:37:28+00:00 | (192494 files, 7% size)
2026-05-31 21:37:38+00:00 | (192534 files, 7% size)
2026-05-31 21:37:48+00:00 | (192574 files, 7% size)
2026-05-31 21:37:58+00:00 | (192614 files, 7% size)
2026-05-31 21:38:08+00:00 | (192654 files, 7% size)
2026-05-31 21:38:18+00:00 | (192694 files, 7% size)
2026-05-31 21:38:28+00:00 | (192734 files, 7% size)
2026-05-31 21:38:38+00:00 | (192774 files, 7% size)
2026-05-31 21:38:48+00:00 | (192814 files, 7% size)
2026-05-31 21:38:58+00:00 | (192854 files, 7% size)
2026-05-31 21:39:08+00:00 | (192894 files, 7% size)
2026-05-31 21:39:18+00:00 | (192934 files, 7% size)
2026-05-31 21:39:28+00:00 | (192974 files, 7% size)
2026-05-31 21:39:38+00:00 | (193014 files, 7% size)
2026-05-31 21:39:48+00:00 | (193054 files, 7% size)
2026-05-31 21:39:58+00:00 | (193094 files, 7% size)
2026-05-31 21:40:08+00:00 | (193134 files, 7% size)
2026-05-31 21:40:18+00:00 | (193174 files, 7% size)
2026-05-31 21:40:28+00:00 | (193214 files, 7% size)
2026-05-31 21:40:38+00:00 | (193254 files, 7% size)
2026-05-31 21:40:48+00:00 | (193294 files, 7% size)
2026-05-31 21:40:58+00:00 | (193334 files, 7% size)
2026-05-31 21:41:08+00:00 | (193374 files, 7% size)
2026-05-31 21:41:18+00:00 | (193414 files, 7% size)
2026-05-31 21:41:28+00:00 | (193454 files, 7% size)
2026-05-31 21:41:38+00:00 | (193494 files, 7% size)
2026-05-31 21:41:48+00:00 | (193534 files, 7% size)
2026-05-31 21:41:58+00:00 | (193574 files, 7% size)
2026-05-31 21:42:08+00:00 | (193614 files, 7% size)
2026-05-31 21:42:18+00:00 | (193654 files, 7% size)
2026-05-31 21:42:28+00:00 | (193694 files, 7% size)
2026-05-31 21:42:38+00:00 | (193734 files, 7% size)
2026-05-31 21:42:48+00:00 | (193774 files, 7% size)
2026-05-31 21:42:58+00:00 | (193814 files, 7% size)
2026-05-31 21:43:08+00:00 | (193854 files, 7% size)
2026-05-31 21:43:18+00:00 | (193894 files, 7% size)
2026-05-31 21:43:28+00:00 | (193934 files, 7% size)
2026-05-31 21:43:38+00:00 | (193974 files, 7% size)
2026-05-31 21:43:48+00:00 | (194014 files, 7% size)
2026-05-31 21:43:58+00:00 | (194054 files, 7% size)
2026-05-31 21:44:08+00:00 | (194094 files, 7% size)
2026-05-31 21:44:18+00:00 | (194134 files, 7% size)
2026-05-31 21:44:28+00:00 | (194174 files, 7% size)
2026-05-31 21:44:38+00:00 | (194214 files, 7% size)
2026-05-31 21:44:48+00:00 | (194254 files, 7% size)
2026-05-31 21:44:58+00:00 | (194294 files, 7% size)
2026-05-31 21:45:08+00:00 | (194334 files, 7% size)
2026-05-31 21:45:18+00:00 | (194374 files, 7% size)
2026-05-31 21:45:28+00:00 | (194414 files, 7% size)
2026-05-31 21:45:38+00:00 | (194454 files, 7% size)
2026-05-31 21:45:48+00:00 | (194494 files, 7% size)
2026-05-31 21:45:58+00:00 | (194534 files, 7% size)
2026-05-31 21:46:08+00:00 | (194574 files, 7% size)
2026-05-31 21:46:18+00:00 | (194614 files, 7% size)
2026-05-31 21:46:28+00:00 | (194654 files, 7% size)
2026-05-31 21:46:38+00:00 | (194694 files, 7% size)
2026-05-31 21:46:48+00:00 | (194734 files, 7% size)
2026-05-31 21:46:58+00:00 | (194774 files, 7% size)
2026-05-31 21:47:08+00:00 | (194814 files, 7% size)
2026-05-31 21:47:18+00:00 | (194854 files, 7% size)
2026-05-31 21:47:28+00:00 | (194894 files, 7% size)
2026-05-31 21:47:38+00:00 | (194934 files, 7% size)
2026-05-31 21:47:48+00:00 | (194974 files, 7% size)
2026-05-31 21:47:58+00:00 | (195014 files, 7% size)
2026-05-31 21:48:08+00:00 | (195054 files, 7% size)
2026-05-31 21:48:18+00:00 | (195094 files, 7% size)
2026-05-31 21:48:28+00:00 | (195134 files, 7% size)
2026-05-31 21:48:38+00:00 | (195174 files, 7% size)
2026-05-31 21:48:48+00:00 | (195214 files, 7% size)
2026-05-31 21:48:58+00:00 | (195254 files, 7% size)
2026-05-31 21:49:08+00:00 | (195294 files, 7% size)
2026-05-31 21:49:18+00:00 | (195334 files, 7% size)
2026-05-31 21:49:28+00:00 | (195374 files, 7% size)
2026-05-31 21:49:38+00:00 | (195414 files, 7% size)
2026-05-31 21:49:48+00:00 | (195454 files, 7% size)
2026-05-31 21:49:58+00:00 | (195494 files, 7% size)
2026-05-31 21:50:08+00:00 | (195534 files, 7% size)
2026-05-31 21:50:18+00:00 | (195574 files, 7% size)
2026-05-31 21:50:28+00:00 | (195614 files, 7% size)
2026-05-31 21:50:38+00:00 | (195654 files, 7% size)
2026-05-31 21:50:48+00:00 | (195694 files, 7% size)
2026-05-31 21:50:58+00:00 | (195734 files, 7% size)
2026-05-31 21:51:08+00:00 | (195774 files, 7% size)
2026-05-31 21:51:18+00:00 | (195814 files, 7% size)
2026-05-31 21:51:28+00:00 | (195854 files, 7% size)
2026-05-31 21:51:38+00:00 | (195894 files, 7% size)
2026-05-31 21:51:48+00:00 | (195934 files, 7% size)
2026-05-31 21:51:58+00:00 | (195974 files, 7% size)
2026-05-31 21:52:08+00:00 | (196014 files, 7% size)
2026-05-31 21:52:18+00:00 | (196054 files, 7% size)
2026-05-31 21:52:28+00:00 | (196094 files, 7% size)
2026-05-31 21:52:38+00:00 | (196134 files, 7% size)
2026-05-31 21:52:48+00:00 | (196174 files, 7% size)
2026-05-31 21:52:58+00:00 | (196214 files, 7% size)
2026-05-31 21:53:08+00:00 | (196254 files, 7% size)
2026-05-31 21:53:18+00:00 | (196294 files, 7% size)
2026-05-31 21:53:28+00:00 | (196334 files, 7% size)
2026-05-31 21:53:38+00:00 | (196374 files, 7% size)
2026-05-31 21:53:48+00:00 | (196414 files, 7% size)
2026-05-31 21:53:58+00:00 | (196454 files, 7% size)
2026-05-31 21:54:08+00:00 | (196494 files, 7% size)
2026-05-31 21:54:18+00:00 | (196534 files, 7% size)
2026-05-31 21:54:28+00:00 | (196574 files, 7% size)
2026-05-31 21:54:38+00:00 | (196614 files, 7% size)
2026-05-31 21:54:48+00:00 | (196654 files, 7% size)
2026-05-31 21:54:58+00:00 | (196694 files, 7% size)
2026-05-31 21:55:08+00:00 | (196734 files, 7% size)
2026-05-31 21:55:18+00:00 | (196774 files, 7% size)
2026-05-31 21:55:28+00:00 | (196814 files, 7% size)
2026-05-31 21:55:38+00:00 | (196854 files, 7% size)
2026-05-31 21:55:48+00:00 | (196894 files, 7% size)
2026-05-31 21:55:58+00:00 | (196934 files, 7% size)
2026-05-31 21:56:08+00:00 | (196974 files, 7% size)
2026-05-31 21:56:18+00:00 | (197014 files, 7% size)
2026-05-31 21:56:28+00:00 | (197054 files, 7% size)
2026-05-31 21:56:38+00:00 | (197094 files, 7% size)
2026-05-31 21:56:48+00:00 | (197134 files, 7% size)
2026-05-31 21:56:58+00:00 | (197174 files, 7% size)
2026-05-31 21:57:08+00:00 | (197214 files, 7% size)
2026-05-31 21:57:18+00:00 | (197254 files, 7% size)
2026-05-31 21:57:28+00:00 | (197294 files, 7% size)
2026-05-31 21:57:38+00:00 | (197334 files, 7% size)
2026-05-31 21:57:48+00:00 | (197374 files, 7% size)
2026-05-31 21:57:58+00:00 | (197414 files, 7% size)
2026-05-31 21:58:08+00:00 | (197454 files, 7% size)
2026-05-31 21:58:18+00:00 | (197494 files, 7% size)
2026-05-31 21:58:28+00:00 | (197534 files, 7% size)
2026-05-31 21:58:38+00:00 | (197574 files, 7% size)
2026-05-31 21:58:48+00:00 | (197614 files, 7% size)
2026-05-31 21:58:58+00:00 | (197654 files, 7% size)
2026-05-31 21:59:08+00:00 | (197694 files, 7% size)
2026-05-31 21:59:18+00:00 | (197734 files, 7% size)
2026-05-31 21:59:28+00:00 | (197774 files, 7% size)
2026-05-31 21:59:38+00:00 | (197814 files, 7% size)
2026-05-31 21:59:48+00:00 | (197854 files, 7% size)
2026-05-31 21:59:58+00:00 | (197894 files, 7% size)
2026-05-31 22:00:08+00:00 | (197934 files, 7% size)
2026-05-31 22:00:18+00:00 | (197974 files, 7% size)
2026-05-31 22:00:28+00:00 | (198014 files, 7% size)
2026-05-31 22:00:38+00:00 | (198054 files, 7% size)
2026-05-31 22:00:48+00:00 | (198094 files, 7% size)
2026-05-31 22:00:58+00:00 | (198134 files, 7% size)
2026-05-31 22:01:08+00:00 | (198174 files, 7% size)
2026-05-31 22:01:18+00:00 | (198214 files, 7% size)
2026-05-31 22:01:28+00:00 | (198254 files, 7% size)
2026-05-31 22:01:38+00:00 | (198294 files, 7% size)
2026-05-31 22:01:48+00:00 | (198334 files, 7% size)
2026-05-31 22:01:58+00:00 | (198374 files, 7% size)
2026-05-31 22:02:08+00:00 | (198414 files, 7% size)
2026-05-31 22:02:18+00:00 | (198454 files, 7% size)
2026-05-31 22:02:28+00:00 | (198494 files, 7% size)
2026-05-31 22:02:38+00:00 | (198534 files, 7% size)
2026-05-31 22:02:48+00:00 | (198574 files, 7% size)
2026-05-31 22:02:58+00:00 | (198614 files, 7% size)
2026-05-31 22:03:08+00:00 | (198654 files, 7% size)
2026-05-31 22:03:18+00:00 | (198694 files, 7% size)
2026-05-31 22:03:28+00:00 | (198734 files, 7% size)
2026-05-31 22:03:38+00:00 | (198774 files, 7% size)
2026-05-31 22:03:48+00:00 | (198814 files, 7% size)
2026-05-31 22:03:58+00:00 | (198854 files, 7% size)
2026-05-31 22:04:08+00:00 | (198894 files, 7% size)
2026-05-31 22:04:18+00:00 | (198934 files, 7% size)
2026-05-31 22:04:28+00:00 | (198974 files, 7% size)
2026-05-31 22:04:38+00:00 | (199014 files, 7% size)
2026-05-31 22:04:48+00:00 | (199054 files, 7% size)
2026-05-31 22:04:58+00:00 | (199094 files, 7% size)
2026-05-31 22:05:08+00:00 | (199134 files, 7% size)
2026-05-31 22:05:18+00:00 | (199174 files, 7% size)
2026-05-31 22:05:28+00:00 | (199214 files, 7% size)
2026-05-31 22:05:38+00:00 | (199254 files, 7% size)
2026-05-31 22:05:48+00:00 | (199294 files, 7% size)
2026-05-31 22:05:58+00:00 | (199334 files, 7% size)
2026-05-31 22:06:08+00:00 | (199374 files, 7% size)
2026-05-31 22:06:18+00:00 | (199414 files, 7% size)
2026-05-31 22:06:28+00:00 | (199454 files, 7% size)
2026-05-31 22:06:38+00:00 | (199494 files, 7% size)
2026-05-31 22:06:48+00:00 | (199534 files, 7% size)
2026-05-31 22:06:58+00:00 | (199574 files, 7% size)
2026-05-31 22:07:08+00:00 | (199614 files, 7% size)
2026-05-31 22:07:18+00:00 | (199654 files, 8% size)
2026-05-31 22:07:28+00:00 | (199694 files, 8% size)
2026-05-31 22:07:38+00:00 | (199734 files, 8% size)
2026-05-31 22:07:48+00:00 | (199774 files, 8% size)
2026-05-31 22:07:58+00:00 | (199814 files, 8% size)
2026-05-31 22:08:08+00:00 | (199854 files, 8% size)
2026-05-31 22:08:18+00:00 | (199894 files, 8% size)
2026-05-31 22:08:28+00:00 | (199934 files, 8% size)
2026-05-31 22:08:38+00:00 | (199974 files, 8% size)
2026-05-31 22:08:48+00:00 | (200014 files, 8% size)
2026-05-31 22:08:58+00:00 | (200054 files, 8% size)
2026-05-31 22:09:08+00:00 | (200094 files, 8% size)
2026-05-31 22:09:18+00:00 | (200134 files, 8% size)
2026-05-31 22:09:28+00:00 | (200174 files, 8% size)
2026-05-31 22:09:38+00:00 | (200214 files, 8% size)
2026-05-31 22:09:48+00:00 | (200254 files, 8% size)
2026-05-31 22:09:58+00:00 | (200294 files, 8% size)
2026-05-31 22:10:08+00:00 | (200334 files, 8% size)
2026-05-31 22:10:18+00:00 | (200374 files, 8% size)
2026-05-31 22:10:28+00:00 | (200414 files, 8% size)
2026-05-31 22:10:38+00:00 | (200454 files, 8% size)
2026-05-31 22:10:48+00:00 | (200494 files, 8% size)
2026-05-31 22:10:58+00:00 | (200534 files, 8% size)
2026-05-31 22:11:08+00:00 | (200574 files, 8% size)
2026-05-31 22:11:18+00:00 | (200614 files, 8% size)
2026-05-31 22:11:28+00:00 | (200654 files, 8% size)
2026-05-31 22:11:38+00:00 | (200694 files, 8% size)
2026-05-31 22:11:48+00:00 | (200734 files, 8% size)
2026-05-31 22:11:58+00:00 | (200774 files, 8% size)
2026-05-31 22:12:08+00:00 | (200814 files, 8% size)
2026-05-31 22:12:18+00:00 | (200854 files, 8% size)
2026-05-31 22:12:28+00:00 | (200894 files, 8% size)
2026-05-31 22:12:38+00:00 | (200934 files, 8% size)
2026-05-31 22:12:48+00:00 | (200974 files, 8% size)
2026-05-31 22:12:58+00:00 | (201014 files, 8% size)
2026-05-31 22:13:08+00:00 | (201054 files, 8% size)
2026-05-31 22:13:18+00:00 | (201094 files, 8% size)
2026-05-31 22:13:28+00:00 | (201134 files, 8% size)
2026-05-31 22:13:38+00:00 | (201174 files, 8% size)
2026-05-31 22:13:48+00:00 | (201214 files, 8% size)
2026-05-31 22:13:58+00:00 | (201254 files, 8% size)
2026-05-31 22:14:08+00:00 | (201294 files, 8% size)
2026-05-31 22:14:18+00:00 | (201334 files, 8% size)
2026-05-31 22:14:28+00:00 | (201374 files, 8% size)
2026-05-31 22:14:38+00:00 | (201414 files, 8% size)
2026-05-31 22:14:48+00:00 | (201454 files, 8% size)
2026-05-31 22:14:58+00:00 | (201494 files, 8% size)
2026-05-31 22:15:08+00:00 | (201530 files, 8% size)
2026-05-31 22:15:18+00:00 | (201570 files, 8% size)
2026-05-31 22:15:28+00:00 | (201610 files, 8% size)
2026-05-31 22:15:38+00:00 | (201650 files, 8% size)
2026-05-31 22:15:48+00:00 | (201690 files, 8% size)
2026-05-31 22:15:58+00:00 | (201730 files, 8% size)
2026-05-31 22:16:08+00:00 | (201770 files, 8% size)
2026-05-31 22:16:18+00:00 | (201810 files, 8% size)
2026-05-31 22:16:28+00:00 | (201850 files, 8% size)
2026-05-31 22:16:38+00:00 | (201890 files, 8% size)
2026-05-31 22:16:48+00:00 | (201930 files, 8% size)
2026-05-31 22:16:58+00:00 | (201970 files, 8% size)
2026-05-31 22:17:08+00:00 | (202010 files, 8% size)
2026-05-31 22:17:18+00:00 | (202050 files, 8% size)
2026-05-31 22:17:28+00:00 | (202094 files, 8% size)
2026-05-31 22:17:38+00:00 | (202134 files, 8% size)
2026-05-31 22:17:48+00:00 | (202174 files, 8% size)
2026-05-31 22:17:58+00:00 | (202214 files, 8% size)
2026-05-31 22:18:08+00:00 | (202254 files, 8% size)
2026-05-31 22:18:18+00:00 | (202294 files, 8% size)
2026-05-31 22:18:28+00:00 | (202334 files, 8% size)
2026-05-31 22:18:38+00:00 | (202374 files, 8% size)
2026-05-31 22:18:48+00:00 | (202414 files, 8% size)
2026-05-31 22:18:58+00:00 | (202454 files, 8% size)
2026-05-31 22:19:08+00:00 | (202494 files, 8% size)
2026-05-31 22:19:18+00:00 | (202534 files, 8% size)
2026-05-31 22:19:28+00:00 | (202574 files, 8% size)
2026-05-31 22:19:38+00:00 | (202614 files, 8% size)
2026-05-31 22:19:48+00:00 | (202653 files, 8% size)
2026-05-31 22:19:58+00:00 | (202694 files, 8% size)
2026-05-31 22:20:08+00:00 | (202734 files, 8% size)
2026-05-31 22:20:18+00:00 | (202774 files, 8% size)
2026-05-31 22:20:28+00:00 | (202814 files, 8% size)
2026-05-31 22:20:38+00:00 | (202854 files, 8% size)
2026-05-31 22:20:48+00:00 | (202894 files, 8% size)
2026-05-31 22:20:58+00:00 | (202934 files, 8% size)
2026-05-31 22:21:08+00:00 | (202974 files, 8% size)
2026-05-31 22:21:18+00:00 | (203014 files, 8% size)
2026-05-31 22:21:28+00:00 | (203054 files, 8% size)
2026-05-31 22:21:38+00:00 | (203094 files, 8% size)
2026-05-31 22:21:48+00:00 | (203134 files, 8% size)
2026-05-31 22:21:58+00:00 | (203174 files, 8% size)
2026-05-31 22:22:08+00:00 | (203214 files, 8% size)
2026-05-31 22:22:18+00:00 | (203254 files, 8% size)
2026-05-31 22:22:28+00:00 | (203294 files, 8% size)
2026-05-31 22:22:38+00:00 | (203334 files, 8% size)
2026-05-31 22:22:48+00:00 | (203374 files, 8% size)
2026-05-31 22:22:58+00:00 | (203414 files, 8% size)
2026-05-31 22:23:08+00:00 | (203454 files, 8% size)
2026-05-31 22:23:18+00:00 | (203494 files, 8% size)
2026-05-31 22:23:28+00:00 | (203534 files, 8% size)
2026-05-31 22:23:38+00:00 | (203574 files, 8% size)
2026-05-31 22:23:48+00:00 | (203614 files, 8% size)
2026-05-31 22:23:58+00:00 | (203654 files, 8% size)
2026-05-31 22:24:08+00:00 | (203694 files, 8% size)
2026-05-31 22:24:18+00:00 | (203734 files, 8% size)
2026-05-31 22:24:28+00:00 | (203774 files, 8% size)
2026-05-31 22:24:38+00:00 | (203814 files, 8% size)
2026-05-31 22:24:48+00:00 | (203854 files, 8% size)
2026-05-31 22:24:58+00:00 | (203894 files, 8% size)
2026-05-31 22:25:08+00:00 | (203934 files, 8% size)
2026-05-31 22:25:18+00:00 | (203974 files, 8% size)
2026-05-31 22:25:28+00:00 | (204014 files, 8% size)
2026-05-31 22:25:38+00:00 | (204054 files, 8% size)
2026-05-31 22:25:48+00:00 | (204094 files, 8% size)
2026-05-31 22:25:58+00:00 | (204134 files, 8% size)
2026-05-31 22:26:08+00:00 | (204174 files, 8% size)
2026-05-31 22:26:18+00:00 | (204214 files, 8% size)
2026-05-31 22:26:28+00:00 | (204254 files, 8% size)
2026-05-31 22:26:38+00:00 | (204294 files, 8% size)
2026-05-31 22:26:48+00:00 | (204334 files, 8% size)
2026-05-31 22:26:58+00:00 | (204374 files, 8% size)
2026-05-31 22:27:08+00:00 | (204414 files, 8% size)
2026-05-31 22:27:18+00:00 | (204454 files, 8% size)
2026-05-31 22:27:28+00:00 | (204494 files, 8% size)
2026-05-31 22:27:38+00:00 | (204534 files, 8% size)
2026-05-31 22:27:48+00:00 | (204574 files, 8% size)
2026-05-31 22:27:58+00:00 | (204614 files, 8% size)
2026-05-31 22:28:08+00:00 | (204654 files, 8% size)
2026-05-31 22:28:18+00:00 | (204694 files, 8% size)
2026-05-31 22:28:28+00:00 | (204734 files, 8% size)
2026-05-31 22:28:38+00:00 | (204774 files, 8% size)
2026-05-31 22:28:48+00:00 | (204814 files, 8% size)
2026-05-31 22:28:58+00:00 | (204854 files, 8% size)
2026-05-31 22:29:08+00:00 | (204894 files, 8% size)
2026-05-31 22:29:18+00:00 | (204934 files, 8% size)
2026-05-31 22:29:28+00:00 | (204974 files, 8% size)
2026-05-31 22:29:38+00:00 | (205014 files, 8% size)
2026-05-31 22:29:48+00:00 | (205054 files, 8% size)
2026-05-31 22:29:58+00:00 | (205094 files, 8% size)
2026-05-31 22:30:08+00:00 | (205134 files, 8% size)
2026-05-31 22:30:18+00:00 | (205174 files, 8% size)
2026-05-31 22:30:28+00:00 | (205214 files, 8% size)
2026-05-31 22:30:38+00:00 | (205254 files, 8% size)
2026-05-31 22:30:48+00:00 | (205294 files, 8% size)
2026-05-31 22:30:58+00:00 | (205334 files, 8% size)
2026-05-31 22:31:08+00:00 | (205374 files, 8% size)
2026-05-31 22:31:18+00:00 | (205414 files, 8% size)
2026-05-31 22:31:28+00:00 | (205454 files, 8% size)
2026-05-31 22:31:38+00:00 | (205494 files, 8% size)
2026-05-31 22:31:48+00:00 | (205534 files, 8% size)
2026-05-31 22:31:58+00:00 | (205574 files, 8% size)
2026-05-31 22:32:08+00:00 | (205614 files, 8% size)
2026-05-31 22:32:18+00:00 | (205654 files, 8% size)
2026-05-31 22:32:28+00:00 | (205694 files, 8% size)
2026-05-31 22:32:38+00:00 | (205734 files, 8% size)
2026-05-31 22:32:48+00:00 | (205774 files, 8% size)
2026-05-31 22:32:58+00:00 | (205814 files, 8% size)
2026-05-31 22:33:08+00:00 | (205854 files, 8% size)
2026-05-31 22:33:18+00:00 | (205894 files, 8% size)
2026-05-31 22:33:28+00:00 | (205934 files, 8% size)
2026-05-31 22:33:38+00:00 | (205974 files, 8% size)
2026-05-31 22:33:48+00:00 | (206014 files, 8% size)
2026-05-31 22:33:58+00:00 | (206054 files, 8% size)
2026-05-31 22:34:08+00:00 | (206094 files, 8% size)
2026-05-31 22:34:18+00:00 | (206134 files, 8% size)
2026-05-31 22:34:28+00:00 | (206174 files, 8% size)
2026-05-31 22:34:38+00:00 | (206214 files, 8% size)
2026-05-31 22:34:48+00:00 | (206254 files, 8% size)
2026-05-31 22:34:58+00:00 | (206294 files, 8% size)
2026-05-31 22:35:08+00:00 | (206334 files, 8% size)
2026-05-31 22:35:18+00:00 | (206374 files, 8% size)
2026-05-31 22:35:28+00:00 | (206414 files, 8% size)
2026-05-31 22:35:38+00:00 | (206454 files, 8% size)
2026-05-31 22:35:48+00:00 | (206494 files, 8% size)
2026-05-31 22:35:58+00:00 | (206534 files, 8% size)
2026-05-31 22:36:08+00:00 | (206574 files, 8% size)
2026-05-31 22:36:18+00:00 | (206614 files, 8% size)
2026-05-31 22:36:28+00:00 | (206654 files, 8% size)
2026-05-31 22:36:38+00:00 | (206694 files, 8% size)
2026-05-31 22:36:48+00:00 | (206734 files, 8% size)
2026-05-31 22:36:58+00:00 | (206774 files, 8% size)
2026-05-31 22:37:08+00:00 | (206814 files, 8% size)
2026-05-31 22:37:18+00:00 | (206854 files, 8% size)
2026-05-31 22:37:28+00:00 | (206894 files, 8% size)
2026-05-31 22:37:38+00:00 | (206934 files, 8% size)
2026-05-31 22:37:48+00:00 | (206974 files, 8% size)
2026-05-31 22:37:58+00:00 | (207014 files, 8% size)
2026-05-31 22:38:08+00:00 | (207054 files, 8% size)
2026-05-31 22:38:18+00:00 | (207094 files, 8% size)
2026-05-31 22:38:28+00:00 | (207134 files, 8% size)
2026-05-31 22:38:38+00:00 | (207174 files, 8% size)
2026-05-31 22:38:48+00:00 | (207214 files, 8% size)
2026-05-31 22:38:58+00:00 | (207254 files, 8% size)
2026-05-31 22:39:08+00:00 | (207294 files, 8% size)
2026-05-31 22:39:18+00:00 | (207334 files, 8% size)
2026-05-31 22:39:28+00:00 | (207374 files, 8% size)
2026-05-31 22:39:38+00:00 | (207414 files, 8% size)
2026-05-31 22:39:48+00:00 | (207454 files, 8% size)
2026-05-31 22:39:58+00:00 | (207494 files, 8% size)
2026-05-31 22:40:08+00:00 | (207534 files, 8% size)
2026-05-31 22:40:18+00:00 | (207574 files, 8% size)
2026-05-31 22:40:28+00:00 | (207614 files, 8% size)
2026-05-31 22:40:38+00:00 | (207654 files, 8% size)
2026-05-31 22:40:48+00:00 | (207694 files, 8% size)
2026-05-31 22:40:58+00:00 | (207734 files, 8% size)
2026-05-31 22:41:08+00:00 | (207774 files, 8% size)
2026-05-31 22:41:18+00:00 | (207814 files, 8% size)
2026-05-31 22:41:28+00:00 | (207854 files, 8% size)
2026-05-31 22:41:38+00:00 | (207894 files, 8% size)
2026-05-31 22:41:48+00:00 | (207934 files, 8% size)
2026-05-31 22:41:58+00:00 | (207974 files, 8% size)
2026-05-31 22:42:08+00:00 | (208014 files, 8% size)
2026-05-31 22:42:18+00:00 | (208054 files, 8% size)
2026-05-31 22:42:28+00:00 | (208094 files, 8% size)
2026-05-31 22:42:38+00:00 | (208134 files, 8% size)
2026-05-31 22:42:48+00:00 | (208174 files, 8% size)
2026-05-31 22:42:58+00:00 | (208214 files, 8% size)
2026-05-31 22:43:08+00:00 | (208254 files, 8% size)
2026-05-31 22:43:18+00:00 | (208294 files, 8% size)
2026-05-31 22:43:28+00:00 | (208334 files, 8% size)
2026-05-31 22:43:38+00:00 | (208374 files, 8% size)
2026-05-31 22:43:48+00:00 | (208414 files, 8% size)
2026-05-31 22:43:58+00:00 | (208454 files, 8% size)
2026-05-31 22:44:08+00:00 | (208494 files, 8% size)
2026-05-31 22:44:18+00:00 | (208534 files, 8% size)
2026-05-31 22:44:28+00:00 | (208574 files, 8% size)
2026-05-31 22:44:38+00:00 | (208614 files, 8% size)
2026-05-31 22:44:48+00:00 | (208654 files, 8% size)
2026-05-31 22:44:58+00:00 | (208694 files, 8% size)
2026-05-31 22:45:08+00:00 | (208734 files, 8% size)
2026-05-31 22:45:18+00:00 | (208774 files, 8% size)
2026-05-31 22:45:28+00:00 | (208814 files, 8% size)
2026-05-31 22:45:38+00:00 | (208854 files, 8% size)
2026-05-31 22:45:48+00:00 | (208894 files, 8% size)
2026-05-31 22:45:58+00:00 | (208934 files, 8% size)
2026-05-31 22:46:08+00:00 | (208974 files, 8% size)
2026-05-31 22:46:18+00:00 | (209014 files, 8% size)
2026-05-31 22:46:28+00:00 | (209054 files, 8% size)
2026-05-31 22:46:38+00:00 | (209094 files, 8% size)
2026-05-31 22:46:48+00:00 | (209134 files, 8% size)
2026-05-31 22:46:58+00:00 | (209174 files, 8% size)
2026-05-31 22:47:08+00:00 | (209214 files, 8% size)
2026-05-31 22:47:18+00:00 | (209254 files, 8% size)
2026-05-31 22:47:28+00:00 | (209294 files, 8% size)
2026-05-31 22:47:38+00:00 | (209334 files, 8% size)
2026-05-31 22:47:48+00:00 | (209374 files, 8% size)
2026-05-31 22:47:58+00:00 | (209414 files, 8% size)
2026-05-31 22:48:08+00:00 | (209454 files, 8% size)
2026-05-31 22:48:18+00:00 | (209494 files, 8% size)
2026-05-31 22:48:28+00:00 | (209534 files, 8% size)
2026-05-31 22:48:38+00:00 | (209574 files, 8% size)
2026-05-31 22:48:48+00:00 | (209614 files, 8% size)
2026-05-31 22:48:58+00:00 | (209654 files, 8% size)
2026-05-31 22:49:08+00:00 | (209694 files, 8% size)
2026-05-31 22:49:18+00:00 | (209734 files, 8% size)
2026-05-31 22:49:28+00:00 | (209774 files, 8% size)
2026-05-31 22:49:38+00:00 | (209814 files, 8% size)
2026-05-31 22:49:48+00:00 | (209854 files, 8% size)
2026-05-31 22:49:58+00:00 | (209894 files, 8% size)
2026-05-31 22:50:08+00:00 | (209934 files, 8% size)
2026-05-31 22:50:18+00:00 | (209974 files, 8% size)
2026-05-31 22:50:28+00:00 | (210014 files, 8% size)
2026-05-31 22:50:38+00:00 | (210054 files, 8% size)
2026-05-31 22:50:48+00:00 | (210094 files, 8% size)
2026-05-31 22:50:58+00:00 | (210134 files, 8% size)
2026-05-31 22:51:08+00:00 | (210174 files, 8% size)
2026-05-31 22:51:18+00:00 | (210214 files, 8% size)
2026-05-31 22:51:28+00:00 | (210254 files, 8% size)
2026-05-31 22:51:38+00:00 | (210294 files, 8% size)
2026-05-31 22:51:48+00:00 | (210334 files, 8% size)
2026-05-31 22:51:58+00:00 | (210374 files, 8% size)
2026-05-31 22:52:08+00:00 | (210414 files, 8% size)
2026-05-31 22:52:18+00:00 | (210454 files, 8% size)
2026-05-31 22:52:28+00:00 | (210494 files, 8% size)
2026-05-31 22:52:38+00:00 | (210534 files, 8% size)
2026-05-31 22:52:48+00:00 | (210574 files, 8% size)
2026-05-31 22:52:58+00:00 | (210614 files, 8% size)
2026-05-31 22:53:08+00:00 | (210654 files, 8% size)
2026-05-31 22:53:18+00:00 | (210694 files, 8% size)
2026-05-31 22:53:28+00:00 | (210734 files, 8% size)
2026-05-31 22:53:38+00:00 | (210774 files, 8% size)
2026-05-31 22:53:48+00:00 | (210814 files, 8% size)
2026-05-31 22:53:58+00:00 | (210854 files, 8% size)
2026-05-31 22:54:08+00:00 | (210894 files, 8% size)
2026-05-31 22:54:18+00:00 | (210934 files, 8% size)
2026-05-31 22:54:28+00:00 | (210974 files, 8% size)
2026-05-31 22:54:38+00:00 | (211014 files, 8% size)
2026-05-31 22:54:48+00:00 | (211054 files, 8% size)
2026-05-31 22:54:58+00:00 | (211094 files, 8% size)
2026-05-31 22:55:08+00:00 | (211134 files, 8% size)
2026-05-31 22:55:18+00:00 | (211174 files, 8% size)
2026-05-31 22:55:28+00:00 | (211214 files, 8% size)
2026-05-31 22:55:38+00:00 | (211254 files, 8% size)
2026-05-31 22:55:48+00:00 | (211294 files, 8% size)
2026-05-31 22:55:58+00:00 | (211334 files, 8% size)
2026-05-31 22:56:08+00:00 | (211374 files, 8% size)
2026-05-31 22:56:18+00:00 | (211414 files, 8% size)
2026-05-31 22:56:28+00:00 | (211454 files, 8% size)
2026-05-31 22:56:38+00:00 | (211494 files, 8% size)
2026-05-31 22:56:48+00:00 | (211534 files, 8% size)
2026-05-31 22:56:58+00:00 | (211574 files, 8% size)
2026-05-31 22:57:08+00:00 | (211614 files, 8% size)
2026-05-31 22:57:18+00:00 | (211654 files, 8% size)
2026-05-31 22:57:28+00:00 | (211694 files, 8% size)
2026-05-31 22:57:38+00:00 | (211734 files, 8% size)
2026-05-31 22:57:48+00:00 | (211774 files, 8% size)
2026-05-31 22:57:58+00:00 | (211814 files, 8% size)
2026-05-31 22:58:08+00:00 | (211854 files, 8% size)
2026-05-31 22:58:18+00:00 | (211894 files, 8% size)
2026-05-31 22:58:28+00:00 | (211934 files, 8% size)
2026-05-31 22:58:38+00:00 | (211974 files, 8% size)
2026-05-31 22:58:48+00:00 | (212014 files, 8% size)
2026-05-31 22:58:58+00:00 | (212054 files, 8% size)
2026-05-31 22:59:08+00:00 | (212094 files, 8% size)
2026-05-31 22:59:18+00:00 | (212134 files, 8% size)
2026-05-31 22:59:28+00:00 | (212174 files, 8% size)
2026-05-31 22:59:38+00:00 | (212214 files, 8% size)
2026-05-31 22:59:48+00:00 | (212254 files, 8% size)
2026-05-31 22:59:58+00:00 | (212294 files, 8% size)
2026-05-31 23:00:08+00:00 | (212334 files, 8% size)
2026-05-31 23:00:18+00:00 | (212374 files, 8% size)
2026-05-31 23:00:28+00:00 | (212414 files, 8% size)
2026-05-31 23:00:38+00:00 | (212454 files, 8% size)
2026-05-31 23:00:48+00:00 | (212494 files, 8% size)
2026-05-31 23:00:58+00:00 | (212534 files, 8% size)
2026-05-31 23:01:08+00:00 | (212574 files, 8% size)
2026-05-31 23:01:18+00:00 | (212614 files, 8% size)
2026-05-31 23:01:28+00:00 | (212654 files, 8% size)
2026-05-31 23:01:38+00:00 | (212694 files, 8% size)
2026-05-31 23:01:48+00:00 | (212734 files, 8% size)
2026-05-31 23:01:58+00:00 | (212774 files, 8% size)
2026-05-31 23:02:08+00:00 | (212814 files, 8% size)
2026-05-31 23:02:18+00:00 | (212854 files, 8% size)
2026-05-31 23:02:28+00:00 | (212894 files, 8% size)
2026-05-31 23:02:38+00:00 | (212934 files, 8% size)
2026-05-31 23:02:48+00:00 | (212974 files, 8% size)
2026-05-31 23:02:58+00:00 | (213014 files, 8% size)
2026-05-31 23:03:08+00:00 | (213054 files, 8% size)
2026-05-31 23:03:18+00:00 | (213094 files, 8% size)
2026-05-31 23:03:28+00:00 | (213134 files, 8% size)
2026-05-31 23:03:38+00:00 | (213174 files, 8% size)
2026-05-31 23:03:48+00:00 | (213214 files, 8% size)
2026-05-31 23:03:58+00:00 | (213254 files, 8% size)
2026-05-31 23:04:08+00:00 | (213294 files, 8% size)
2026-05-31 23:04:18+00:00 | (213334 files, 8% size)
2026-05-31 23:04:28+00:00 | (213374 files, 8% size)
2026-05-31 23:04:38+00:00 | (213414 files, 8% size)
2026-05-31 23:04:48+00:00 | (213454 files, 8% size)
2026-05-31 23:04:58+00:00 | (213494 files, 8% size)
2026-05-31 23:05:08+00:00 | (213534 files, 8% size)
2026-05-31 23:05:18+00:00 | (213574 files, 8% size)
2026-05-31 23:05:28+00:00 | (213614 files, 8% size)
2026-05-31 23:05:38+00:00 | (213654 files, 8% size)
2026-05-31 23:05:48+00:00 | (213694 files, 8% size)
2026-05-31 23:05:58+00:00 | (213734 files, 8% size)
2026-05-31 23:06:08+00:00 | (213774 files, 8% size)
2026-05-31 23:06:18+00:00 | (213814 files, 8% size)
2026-05-31 23:06:28+00:00 | (213854 files, 8% size)
2026-05-31 23:06:38+00:00 | (213894 files, 8% size)
2026-05-31 23:06:48+00:00 | (213934 files, 8% size)
2026-05-31 23:06:58+00:00 | (213974 files, 8% size)
2026-05-31 23:07:08+00:00 | (214014 files, 8% size)
2026-05-31 23:07:18+00:00 | (214054 files, 8% size)
2026-05-31 23:07:28+00:00 | (214094 files, 8% size)
2026-05-31 23:07:38+00:00 | (214134 files, 8% size)
2026-05-31 23:07:48+00:00 | (214174 files, 8% size)
2026-05-31 23:07:58+00:00 | (214214 files, 8% size)
2026-05-31 23:08:08+00:00 | (214254 files, 8% size)
2026-05-31 23:08:18+00:00 | (214294 files, 8% size)
2026-05-31 23:08:28+00:00 | (214334 files, 8% size)
2026-05-31 23:08:38+00:00 | (214374 files, 8% size)
2026-05-31 23:08:48+00:00 | (214414 files, 8% size)
2026-05-31 23:08:58+00:00 | (214454 files, 8% size)
2026-05-31 23:09:08+00:00 | (214494 files, 8% size)
2026-05-31 23:09:18+00:00 | (214534 files, 8% size)
2026-05-31 23:09:28+00:00 | (214574 files, 8% size)
2026-05-31 23:09:38+00:00 | (214614 files, 8% size)
2026-05-31 23:09:48+00:00 | (214654 files, 8% size)
2026-05-31 23:09:58+00:00 | (214694 files, 8% size)
2026-05-31 23:10:08+00:00 | (214734 files, 8% size)
2026-05-31 23:10:18+00:00 | (214774 files, 8% size)
2026-05-31 23:10:28+00:00 | (214814 files, 8% size)
2026-05-31 23:10:38+00:00 | (214854 files, 8% size)
2026-05-31 23:10:48+00:00 | (214894 files, 8% size)
2026-05-31 23:10:58+00:00 | (214934 files, 8% size)
2026-05-31 23:11:08+00:00 | (214974 files, 8% size)
2026-05-31 23:11:18+00:00 | (215014 files, 8% size)
2026-05-31 23:11:28+00:00 | (215054 files, 8% size)
2026-05-31 23:11:38+00:00 | (215094 files, 8% size)
2026-05-31 23:11:48+00:00 | (215134 files, 8% size)
2026-05-31 23:11:58+00:00 | (215174 files, 8% size)
2026-05-31 23:12:08+00:00 | (215214 files, 8% size)
2026-05-31 23:12:18+00:00 | (215254 files, 8% size)
2026-05-31 23:12:28+00:00 | (215294 files, 8% size)
2026-05-31 23:12:38+00:00 | (215334 files, 8% size)
2026-05-31 23:12:48+00:00 | (215374 files, 8% size)
2026-05-31 23:12:58+00:00 | (215414 files, 8% size)
2026-05-31 23:13:08+00:00 | (215454 files, 8% size)
2026-05-31 23:13:18+00:00 | (215494 files, 8% size)
2026-05-31 23:13:28+00:00 | (215534 files, 8% size)
2026-05-31 23:13:38+00:00 | (215574 files, 8% size)
2026-05-31 23:13:48+00:00 | (215614 files, 8% size)
2026-05-31 23:13:58+00:00 | (215654 files, 8% size)
2026-05-31 23:14:08+00:00 | (215694 files, 8% size)
2026-05-31 23:14:18+00:00 | (215734 files, 8% size)
2026-05-31 23:14:28+00:00 | (215774 files, 8% size)
2026-05-31 23:14:38+00:00 | (215814 files, 8% size)
2026-05-31 23:14:48+00:00 | (215854 files, 8% size)
2026-05-31 23:14:58+00:00 | (215894 files, 8% size)
2026-05-31 23:15:08+00:00 | (215934 files, 8% size)
2026-05-31 23:15:18+00:00 | (215974 files, 8% size)
2026-05-31 23:15:28+00:00 | (216014 files, 8% size)
2026-05-31 23:15:38+00:00 | (216054 files, 8% size)
2026-05-31 23:15:48+00:00 | (216094 files, 8% size)
2026-05-31 23:15:58+00:00 | (216134 files, 8% size)
2026-05-31 23:16:08+00:00 | (216174 files, 8% size)
2026-05-31 23:16:18+00:00 | (216214 files, 8% size)
2026-05-31 23:16:28+00:00 | (216254 files, 8% size)
2026-05-31 23:16:38+00:00 | (216294 files, 8% size)
2026-05-31 23:16:48+00:00 | (216334 files, 8% size)
2026-05-31 23:16:58+00:00 | (216374 files, 8% size)
2026-05-31 23:17:08+00:00 | (216414 files, 8% size)
2026-05-31 23:17:18+00:00 | (216454 files, 8% size)
2026-05-31 23:17:28+00:00 | (216494 files, 8% size)
2026-05-31 23:17:38+00:00 | (216534 files, 8% size)
2026-05-31 23:17:48+00:00 | (216574 files, 8% size)
2026-05-31 23:17:58+00:00 | (216614 files, 8% size)
2026-05-31 23:18:08+00:00 | (216654 files, 8% size)
2026-05-31 23:18:18+00:00 | (216694 files, 8% size)
2026-05-31 23:18:28+00:00 | (216734 files, 8% size)
2026-05-31 23:18:38+00:00 | (216774 files, 8% size)
2026-05-31 23:18:48+00:00 | (216814 files, 8% size)
2026-05-31 23:18:58+00:00 | (216854 files, 8% size)
2026-05-31 23:19:08+00:00 | (216894 files, 8% size)
2026-05-31 23:19:18+00:00 | (216934 files, 8% size)
2026-05-31 23:19:28+00:00 | (216972 files, 8% size)
2026-05-31 23:19:38+00:00 | (217014 files, 8% size)
2026-05-31 23:19:48+00:00 | (217054 files, 8% size)
2026-05-31 23:19:58+00:00 | (217094 files, 8% size)
2026-05-31 23:20:08+00:00 | (217134 files, 8% size)
2026-05-31 23:20:18+00:00 | (217174 files, 8% size)
2026-05-31 23:20:28+00:00 | (217214 files, 8% size)
2026-05-31 23:20:38+00:00 | (217254 files, 8% size)
2026-05-31 23:20:48+00:00 | (217294 files, 8% size)
2026-05-31 23:20:58+00:00 | (217334 files, 8% size)
2026-05-31 23:21:08+00:00 | (217374 files, 8% size)
2026-05-31 23:21:18+00:00 | (217414 files, 8% size)
2026-05-31 23:21:28+00:00 | (217454 files, 8% size)
2026-05-31 23:21:38+00:00 | (217494 files, 8% size)
2026-05-31 23:21:48+00:00 | (217534 files, 8% size)
2026-05-31 23:21:58+00:00 | (217574 files, 8% size)
2026-05-31 23:22:08+00:00 | (217614 files, 8% size)
2026-05-31 23:22:18+00:00 | (217654 files, 8% size)
2026-05-31 23:22:28+00:00 | (217694 files, 8% size)
2026-05-31 23:22:38+00:00 | (217734 files, 8% size)
2026-05-31 23:22:48+00:00 | (217774 files, 8% size)
2026-05-31 23:22:58+00:00 | (217814 files, 8% size)
2026-05-31 23:23:08+00:00 | (217854 files, 8% size)
2026-05-31 23:23:18+00:00 | (217894 files, 8% size)
2026-05-31 23:23:28+00:00 | (217934 files, 8% size)
2026-05-31 23:23:38+00:00 | (217974 files, 8% size)
2026-05-31 23:23:48+00:00 | (218014 files, 8% size)
2026-05-31 23:23:58+00:00 | (218054 files, 8% size)
2026-05-31 23:24:08+00:00 | (218094 files, 8% size)
2026-05-31 23:24:18+00:00 | (218134 files, 8% size)
2026-05-31 23:24:28+00:00 | (218174 files, 8% size)
2026-05-31 23:24:38+00:00 | (218214 files, 8% size)
2026-05-31 23:24:48+00:00 | (218254 files, 8% size)
2026-05-31 23:24:58+00:00 | (218294 files, 8% size)
2026-05-31 23:25:08+00:00 | (218334 files, 8% size)
2026-05-31 23:25:18+00:00 | (218374 files, 8% size)
2026-05-31 23:25:28+00:00 | (218414 files, 8% size)
2026-05-31 23:25:38+00:00 | (218454 files, 8% size)
2026-05-31 23:25:48+00:00 | (218494 files, 8% size)
2026-05-31 23:25:58+00:00 | (218534 files, 8% size)
2026-05-31 23:26:08+00:00 | (218574 files, 8% size)
2026-05-31 23:26:18+00:00 | (218614 files, 8% size)
2026-05-31 23:26:28+00:00 | (218654 files, 8% size)
2026-05-31 23:26:38+00:00 | (218694 files, 8% size)
2026-05-31 23:26:48+00:00 | (218734 files, 8% size)
2026-05-31 23:26:58+00:00 | (218774 files, 8% size)
2026-05-31 23:27:08+00:00 | (218814 files, 8% size)
2026-05-31 23:27:18+00:00 | (218854 files, 8% size)
2026-05-31 23:27:28+00:00 | (218894 files, 8% size)
2026-05-31 23:27:38+00:00 | (218934 files, 8% size)
2026-05-31 23:27:48+00:00 | (218974 files, 8% size)
2026-05-31 23:27:58+00:00 | (219014 files, 8% size)
2026-05-31 23:28:08+00:00 | (219054 files, 8% size)
2026-05-31 23:28:18+00:00 | (219094 files, 8% size)
2026-05-31 23:28:28+00:00 | (219134 files, 8% size)
2026-05-31 23:28:38+00:00 | (219174 files, 8% size)
2026-05-31 23:28:48+00:00 | (219214 files, 8% size)
2026-05-31 23:28:58+00:00 | (219254 files, 8% size)
2026-05-31 23:29:08+00:00 | (219294 files, 8% size)
2026-05-31 23:29:18+00:00 | (219334 files, 8% size)
2026-05-31 23:29:28+00:00 | (219374 files, 8% size)
2026-05-31 23:29:38+00:00 | (219414 files, 8% size)
2026-05-31 23:29:48+00:00 | (219454 files, 8% size)
2026-05-31 23:29:58+00:00 | (219494 files, 8% size)
2026-05-31 23:30:08+00:00 | (219534 files, 8% size)
2026-05-31 23:30:18+00:00 | (219574 files, 8% size)
2026-05-31 23:30:28+00:00 | (219614 files, 8% size)
2026-05-31 23:30:38+00:00 | (219654 files, 8% size)
2026-05-31 23:30:48+00:00 | (219694 files, 8% size)
2026-05-31 23:30:58+00:00 | (219734 files, 8% size)
2026-05-31 23:31:08+00:00 | (219774 files, 8% size)
2026-05-31 23:31:18+00:00 | (219814 files, 8% size)
2026-05-31 23:31:28+00:00 | (219854 files, 8% size)
2026-05-31 23:31:38+00:00 | (219894 files, 8% size)
2026-05-31 23:31:48+00:00 | (219934 files, 8% size)
2026-05-31 23:31:58+00:00 | (219974 files, 8% size)
2026-05-31 23:32:08+00:00 | (220014 files, 8% size)
2026-05-31 23:32:18+00:00 | (220054 files, 8% size)
2026-05-31 23:32:28+00:00 | (220094 files, 8% size)
2026-05-31 23:32:38+00:00 | (220134 files, 8% size)
2026-05-31 23:32:48+00:00 | (220174 files, 8% size)
2026-05-31 23:32:58+00:00 | (220214 files, 8% size)
2026-05-31 23:33:08+00:00 | (220254 files, 8% size)
2026-05-31 23:33:18+00:00 | (220294 files, 8% size)
2026-05-31 23:33:28+00:00 | (220334 files, 8% size)
2026-05-31 23:33:38+00:00 | (220374 files, 8% size)
2026-05-31 23:33:48+00:00 | (220414 files, 8% size)
2026-05-31 23:33:58+00:00 | (220454 files, 8% size)
2026-05-31 23:34:08+00:00 | (220494 files, 8% size)
2026-05-31 23:34:18+00:00 | (220534 files, 8% size)
2026-05-31 23:34:28+00:00 | (220574 files, 8% size)
2026-05-31 23:34:38+00:00 | (220614 files, 8% size)
2026-05-31 23:34:48+00:00 | (220654 files, 8% size)
2026-05-31 23:34:58+00:00 | (220694 files, 8% size)
2026-05-31 23:35:08+00:00 | (220734 files, 8% size)
2026-05-31 23:35:18+00:00 | (220774 files, 8% size)
2026-05-31 23:35:28+00:00 | (220814 files, 8% size)
2026-05-31 23:35:38+00:00 | (220854 files, 8% size)
2026-05-31 23:35:48+00:00 | (220894 files, 8% size)
2026-05-31 23:35:58+00:00 | (220934 files, 8% size)
2026-05-31 23:36:08+00:00 | (220974 files, 8% size)
2026-05-31 23:36:18+00:00 | (221014 files, 8% size)
2026-05-31 23:36:28+00:00 | (221054 files, 8% size)
2026-05-31 23:36:38+00:00 | (221094 files, 8% size)
2026-05-31 23:36:48+00:00 | (221134 files, 8% size)
2026-05-31 23:36:58+00:00 | (221174 files, 8% size)
2026-05-31 23:37:08+00:00 | (221214 files, 8% size)
2026-05-31 23:37:18+00:00 | (221254 files, 8% size)
2026-05-31 23:37:28+00:00 | (221294 files, 8% size)
2026-05-31 23:37:38+00:00 | (221334 files, 8% size)
2026-05-31 23:37:48+00:00 | (221374 files, 8% size)
2026-05-31 23:37:58+00:00 | (221414 files, 8% size)
2026-05-31 23:38:08+00:00 | (221454 files, 8% size)
2026-05-31 23:38:18+00:00 | (221494 files, 8% size)
2026-05-31 23:38:28+00:00 | (221534 files, 8% size)
2026-05-31 23:38:38+00:00 | (221574 files, 8% size)
2026-05-31 23:38:48+00:00 | (221614 files, 8% size)
2026-05-31 23:38:58+00:00 | (221654 files, 8% size)
2026-05-31 23:39:08+00:00 | (221694 files, 8% size)
2026-05-31 23:39:18+00:00 | (221734 files, 8% size)
2026-05-31 23:39:28+00:00 | (221774 files, 8% size)
2026-05-31 23:39:38+00:00 | (221814 files, 8% size)
2026-05-31 23:39:48+00:00 | (221854 files, 8% size)
2026-05-31 23:39:58+00:00 | (221894 files, 8% size)
2026-05-31 23:40:08+00:00 | (221934 files, 8% size)
2026-05-31 23:40:18+00:00 | (221974 files, 8% size)
2026-05-31 23:40:28+00:00 | (222014 files, 8% size)
2026-05-31 23:40:38+00:00 | (222054 files, 8% size)
2026-05-31 23:40:48+00:00 | (222094 files, 8% size)
2026-05-31 23:40:58+00:00 | (222134 files, 8% size)
2026-05-31 23:41:08+00:00 | (222174 files, 8% size)
2026-05-31 23:41:18+00:00 | (222214 files, 8% size)
2026-05-31 23:41:28+00:00 | (222254 files, 8% size)
2026-05-31 23:41:38+00:00 | (222294 files, 8% size)
2026-05-31 23:41:48+00:00 | (222334 files, 8% size)
2026-05-31 23:41:58+00:00 | (222374 files, 8% size)
2026-05-31 23:42:08+00:00 | (222414 files, 8% size)
2026-05-31 23:42:18+00:00 | (222454 files, 8% size)
2026-05-31 23:42:28+00:00 | (222494 files, 8% size)
2026-05-31 23:42:38+00:00 | (222534 files, 8% size)
2026-05-31 23:42:48+00:00 | (222574 files, 8% size)
2026-05-31 23:42:58+00:00 | (222614 files, 8% size)
2026-05-31 23:43:08+00:00 | (222654 files, 8% size)
2026-05-31 23:43:18+00:00 | (222694 files, 8% size)
2026-05-31 23:43:28+00:00 | (222734 files, 8% size)
2026-05-31 23:43:38+00:00 | (222774 files, 8% size)
2026-05-31 23:43:48+00:00 | (222814 files, 8% size)
2026-05-31 23:43:58+00:00 | (222854 files, 8% size)
2026-05-31 23:44:08+00:00 | (222894 files, 8% size)
2026-05-31 23:44:18+00:00 | (222934 files, 8% size)
2026-05-31 23:44:28+00:00 | (222974 files, 8% size)
2026-05-31 23:44:38+00:00 | (223014 files, 8% size)
2026-05-31 23:44:48+00:00 | (223054 files, 8% size)
2026-05-31 23:44:58+00:00 | (223094 files, 8% size)
2026-05-31 23:45:08+00:00 | (223134 files, 8% size)
2026-05-31 23:45:18+00:00 | (223174 files, 8% size)
2026-05-31 23:45:28+00:00 | (223214 files, 8% size)
2026-05-31 23:45:38+00:00 | (223254 files, 8% size)
2026-05-31 23:45:48+00:00 | (223294 files, 8% size)
2026-05-31 23:45:58+00:00 | (223334 files, 8% size)
2026-05-31 23:46:08+00:00 | (223374 files, 8% size)
2026-05-31 23:46:18+00:00 | (223414 files, 8% size)
2026-05-31 23:46:28+00:00 | (223454 files, 8% size)
2026-05-31 23:46:38+00:00 | (223494 files, 8% size)
2026-05-31 23:46:48+00:00 | (223534 files, 8% size)
2026-05-31 23:46:58+00:00 | (223574 files, 8% size)
2026-05-31 23:47:08+00:00 | (223614 files, 8% size)
2026-05-31 23:47:18+00:00 | (223654 files, 8% size)
2026-05-31 23:47:28+00:00 | (223694 files, 8% size)
2026-05-31 23:47:38+00:00 | (223734 files, 8% size)
2026-05-31 23:47:48+00:00 | (223774 files, 8% size)
2026-05-31 23:47:58+00:00 | (223814 files, 8% size)
2026-05-31 23:48:08+00:00 | (223854 files, 8% size)
2026-05-31 23:48:18+00:00 | (223894 files, 8% size)
2026-05-31 23:48:28+00:00 | (223934 files, 8% size)
2026-05-31 23:48:38+00:00 | (223974 files, 8% size)
2026-05-31 23:48:48+00:00 | (224014 files, 8% size)
2026-05-31 23:48:58+00:00 | (224054 files, 8% size)
2026-05-31 23:49:08+00:00 | (224094 files, 8% size)
2026-05-31 23:49:18+00:00 | (224134 files, 8% size)
2026-05-31 23:49:28+00:00 | (224174 files, 8% size)
2026-05-31 23:49:38+00:00 | (224214 files, 8% size)
2026-05-31 23:49:48+00:00 | (224254 files, 8% size)
2026-05-31 23:49:58+00:00 | (224294 files, 8% size)
2026-05-31 23:50:08+00:00 | (224334 files, 8% size)
2026-05-31 23:50:18+00:00 | (224374 files, 8% size)
2026-05-31 23:50:28+00:00 | (224414 files, 8% size)
2026-05-31 23:50:38+00:00 | (224454 files, 8% size)
2026-05-31 23:50:48+00:00 | (224494 files, 8% size)
2026-05-31 23:50:58+00:00 | (224534 files, 8% size)
2026-05-31 23:51:08+00:00 | (224574 files, 8% size)
2026-05-31 23:51:18+00:00 | (224614 files, 9% size)
2026-05-31 23:51:28+00:00 | (224654 files, 9% size)
2026-05-31 23:51:38+00:00 | (224694 files, 9% size)
2026-05-31 23:51:48+00:00 | (224734 files, 9% size)
2026-05-31 23:51:58+00:00 | (224774 files, 9% size)
2026-05-31 23:52:08+00:00 | (224814 files, 9% size)
2026-05-31 23:52:18+00:00 | (224854 files, 9% size)
2026-05-31 23:52:28+00:00 | (224894 files, 9% size)
2026-05-31 23:52:38+00:00 | (224934 files, 9% size)
2026-05-31 23:52:48+00:00 | (224974 files, 9% size)
2026-05-31 23:52:58+00:00 | (225014 files, 9% size)
2026-05-31 23:53:08+00:00 | (225054 files, 9% size)
2026-05-31 23:53:18+00:00 | (225094 files, 9% size)
2026-05-31 23:53:28+00:00 | (225134 files, 9% size)
2026-05-31 23:53:38+00:00 | (225174 files, 9% size)
2026-05-31 23:53:48+00:00 | (225214 files, 9% size)
2026-05-31 23:53:58+00:00 | (225254 files, 9% size)
2026-05-31 23:54:08+00:00 | (225294 files, 9% size)
2026-05-31 23:54:18+00:00 | (225334 files, 9% size)
2026-05-31 23:54:28+00:00 | (225374 files, 9% size)
2026-05-31 23:54:38+00:00 | (225414 files, 9% size)
2026-05-31 23:54:48+00:00 | (225454 files, 9% size)
2026-05-31 23:54:58+00:00 | (225494 files, 9% size)
2026-05-31 23:55:08+00:00 | (225534 files, 9% size)
2026-05-31 23:55:18+00:00 | (225574 files, 9% size)
2026-05-31 23:55:28+00:00 | (225614 files, 9% size)
2026-05-31 23:55:38+00:00 | (225654 files, 9% size)
2026-05-31 23:55:48+00:00 | (225694 files, 9% size)
2026-05-31 23:55:58+00:00 | (225734 files, 9% size)
2026-05-31 23:56:08+00:00 | (225774 files, 9% size)
2026-05-31 23:56:18+00:00 | (225814 files, 9% size)
2026-05-31 23:56:28+00:00 | (225854 files, 9% size)
2026-05-31 23:56:38+00:00 | (225894 files, 9% size)
2026-05-31 23:56:48+00:00 | (225934 files, 9% size)
2026-05-31 23:56:58+00:00 | (225974 files, 9% size)
2026-05-31 23:57:08+00:00 | (226014 files, 9% size)
2026-05-31 23:57:18+00:00 | (226054 files, 9% size)
2026-05-31 23:57:28+00:00 | (226094 files, 9% size)
2026-05-31 23:57:38+00:00 | (226134 files, 9% size)
2026-05-31 23:57:48+00:00 | (226174 files, 9% size)
2026-05-31 23:57:58+00:00 | (226210 files, 9% size)
2026-05-31 23:58:08+00:00 | (226250 files, 9% size)
2026-05-31 23:58:18+00:00 | (226290 files, 9% size)
2026-05-31 23:58:28+00:00 | (226330 files, 9% size)
2026-05-31 23:58:38+00:00 | (226370 files, 9% size)
2026-05-31 23:58:48+00:00 | (226410 files, 9% size)
2026-05-31 23:58:58+00:00 | (226450 files, 9% size)
2026-05-31 23:59:08+00:00 | (226490 files, 9% size)
2026-05-31 23:59:18+00:00 | (226530 files, 9% size)
2026-05-31 23:59:28+00:00 | (226570 files, 9% size)
2026-05-31 23:59:38+00:00 | (226612 files, 9% size)
2026-05-31 23:59:48+00:00 | (226654 files, 9% size)
2026-05-31 23:59:58+00:00 | (226694 files, 9% size)
2026-06-01 00:00:08+00:00 | (226734 files, 9% size)
2026-06-01 00:00:18+00:00 | (226774 files, 9% size)
2026-06-01 00:00:28+00:00 | (226814 files, 9% size)
2026-06-01 00:00:38+00:00 | (226854 files, 9% size)
2026-06-01 00:00:48+00:00 | (226894 files, 9% size)
2026-06-01 00:00:58+00:00 | (226934 files, 9% size)
2026-06-01 00:01:08+00:00 | (226974 files, 9% size)
2026-06-01 00:01:18+00:00 | (227014 files, 9% size)
2026-06-01 00:01:28+00:00 | (227054 files, 9% size)
2026-06-01 00:01:38+00:00 | (227094 files, 9% size)
2026-06-01 00:01:48+00:00 | (227134 files, 9% size)
2026-06-01 00:01:58+00:00 | (227174 files, 9% size)
2026-06-01 00:02:08+00:00 | (227214 files, 9% size)
2026-06-01 00:02:18+00:00 | (227254 files, 9% size)
2026-06-01 00:02:28+00:00 | (227294 files, 9% size)
2026-06-01 00:02:38+00:00 | (227334 files, 9% size)
2026-06-01 00:02:48+00:00 | (227374 files, 9% size)
2026-06-01 00:02:58+00:00 | (227414 files, 9% size)
2026-06-01 00:03:08+00:00 | (227454 files, 9% size)
2026-06-01 00:03:18+00:00 | (227494 files, 9% size)
2026-06-01 00:03:28+00:00 | (227534 files, 9% size)
2026-06-01 00:03:38+00:00 | (227574 files, 9% size)
2026-06-01 00:03:48+00:00 | (227614 files, 9% size)
2026-06-01 00:03:58+00:00 | (227654 files, 9% size)
2026-06-01 00:04:08+00:00 | (227694 files, 9% size)
2026-06-01 00:04:18+00:00 | (227734 files, 9% size)
2026-06-01 00:04:28+00:00 | (227774 files, 9% size)
2026-06-01 00:04:38+00:00 | (227814 files, 9% size)
2026-06-01 00:04:48+00:00 | (227854 files, 9% size)
2026-06-01 00:04:58+00:00 | (227894 files, 9% size)
2026-06-01 00:05:08+00:00 | (227934 files, 9% size)
2026-06-01 00:05:18+00:00 | (227974 files, 9% size)
2026-06-01 00:05:28+00:00 | (228014 files, 9% size)
2026-06-01 00:05:38+00:00 | (228054 files, 9% size)
2026-06-01 00:05:48+00:00 | (228094 files, 9% size)
2026-06-01 00:05:58+00:00 | (228134 files, 9% size)
2026-06-01 00:06:08+00:00 | (228174 files, 9% size)
2026-06-01 00:06:18+00:00 | (228214 files, 9% size)
2026-06-01 00:06:28+00:00 | (228254 files, 9% size)
2026-06-01 00:06:38+00:00 | (228294 files, 9% size)
2026-06-01 00:06:48+00:00 | (228334 files, 9% size)
2026-06-01 00:06:58+00:00 | (228374 files, 9% size)
2026-06-01 00:07:08+00:00 | (228414 files, 9% size)
2026-06-01 00:07:18+00:00 | (228454 files, 9% size)
2026-06-01 00:07:28+00:00 | (228494 files, 9% size)
2026-06-01 00:07:38+00:00 | (228534 files, 9% size)
2026-06-01 00:07:48+00:00 | (228574 files, 9% size)
2026-06-01 00:07:58+00:00 | (228614 files, 9% size)
2026-06-01 00:08:08+00:00 | (228654 files, 9% size)
2026-06-01 00:08:18+00:00 | (228694 files, 9% size)
2026-06-01 00:08:28+00:00 | (228734 files, 9% size)
2026-06-01 00:08:38+00:00 | (228774 files, 9% size)
2026-06-01 00:08:48+00:00 | (228814 files, 9% size)
2026-06-01 00:08:58+00:00 | (228854 files, 9% size)
2026-06-01 00:09:08+00:00 | (228894 files, 9% size)
2026-06-01 00:09:18+00:00 | (228934 files, 9% size)
2026-06-01 00:09:28+00:00 | (228974 files, 9% size)
2026-06-01 00:09:38+00:00 | (229014 files, 9% size)
2026-06-01 00:09:48+00:00 | (229054 files, 9% size)
2026-06-01 00:09:58+00:00 | (229094 files, 9% size)
2026-06-01 00:10:08+00:00 | (229134 files, 9% size)
2026-06-01 00:10:18+00:00 | (229174 files, 9% size)
2026-06-01 00:10:28+00:00 | (229214 files, 9% size)
2026-06-01 00:10:38+00:00 | (229254 files, 9% size)
2026-06-01 00:10:48+00:00 | (229294 files, 9% size)
2026-06-01 00:10:58+00:00 | (229334 files, 9% size)
2026-06-01 00:11:08+00:00 | (229374 files, 9% size)
2026-06-01 00:11:18+00:00 | (229414 files, 9% size)
2026-06-01 00:11:28+00:00 | (229454 files, 9% size)
2026-06-01 00:11:38+00:00 | (229494 files, 9% size)
2026-06-01 00:11:48+00:00 | (229534 files, 9% size)
2026-06-01 00:11:58+00:00 | (229574 files, 9% size)
2026-06-01 00:12:08+00:00 | (229614 files, 9% size)
2026-06-01 00:12:18+00:00 | (229654 files, 9% size)
2026-06-01 00:12:28+00:00 | (229694 files, 9% size)
2026-06-01 00:12:38+00:00 | (229734 files, 9% size)
2026-06-01 00:12:48+00:00 | (229774 files, 9% size)
2026-06-01 00:12:58+00:00 | (229814 files, 9% size)
2026-06-01 00:13:08+00:00 | (229854 files, 9% size)
2026-06-01 00:13:18+00:00 | (229894 files, 9% size)
2026-06-01 00:13:28+00:00 | (229934 files, 9% size)
2026-06-01 00:13:38+00:00 | (229974 files, 9% size)
2026-06-01 00:13:48+00:00 | (230014 files, 9% size)
2026-06-01 00:13:58+00:00 | (230054 files, 9% size)
2026-06-01 00:14:08+00:00 | (230094 files, 9% size)
2026-06-01 00:14:18+00:00 | (230134 files, 9% size)
2026-06-01 00:14:28+00:00 | (230174 files, 9% size)
2026-06-01 00:14:38+00:00 | (230214 files, 9% size)
2026-06-01 00:14:48+00:00 | (230254 files, 9% size)
2026-06-01 00:14:58+00:00 | (230294 files, 9% size)
2026-06-01 00:15:08+00:00 | (230334 files, 9% size)
2026-06-01 00:15:18+00:00 | (230374 files, 9% size)
2026-06-01 00:15:28+00:00 | (230414 files, 9% size)
2026-06-01 00:15:38+00:00 | (230454 files, 9% size)
2026-06-01 00:15:48+00:00 | (230494 files, 9% size)
2026-06-01 00:15:58+00:00 | (230534 files, 9% size)
2026-06-01 00:16:08+00:00 | (230574 files, 9% size)
2026-06-01 00:16:18+00:00 | (230614 files, 9% size)
2026-06-01 00:16:28+00:00 | (230654 files, 9% size)
2026-06-01 00:16:38+00:00 | (230694 files, 9% size)
2026-06-01 00:16:48+00:00 | (230734 files, 9% size)
2026-06-01 00:16:58+00:00 | (230774 files, 9% size)
2026-06-01 00:17:08+00:00 | (230814 files, 9% size)
2026-06-01 00:17:18+00:00 | (230854 files, 9% size)
2026-06-01 00:17:28+00:00 | (230894 files, 9% size)
2026-06-01 00:17:38+00:00 | (230934 files, 9% size)
2026-06-01 00:17:48+00:00 | (230974 files, 9% size)
2026-06-01 00:17:58+00:00 | (231014 files, 9% size)
2026-06-01 00:18:08+00:00 | (231054 files, 9% size)
2026-06-01 00:18:18+00:00 | (231094 files, 9% size)
2026-06-01 00:18:28+00:00 | (231134 files, 9% size)
2026-06-01 00:18:38+00:00 | (231174 files, 9% size)
2026-06-01 00:18:48+00:00 | (231214 files, 9% size)
2026-06-01 00:18:58+00:00 | (231254 files, 9% size)
2026-06-01 00:19:08+00:00 | (231294 files, 9% size)
2026-06-01 00:19:18+00:00 | (231334 files, 9% size)
2026-06-01 00:19:28+00:00 | (231374 files, 9% size)
2026-06-01 00:19:38+00:00 | (231414 files, 9% size)
2026-06-01 00:19:48+00:00 | (231454 files, 9% size)
2026-06-01 00:19:58+00:00 | (231494 files, 9% size)
2026-06-01 00:20:08+00:00 | (231534 files, 9% size)
2026-06-01 00:20:18+00:00 | (231574 files, 9% size)
2026-06-01 00:20:28+00:00 | (231614 files, 9% size)
2026-06-01 00:20:38+00:00 | (231654 files, 9% size)
2026-06-01 00:20:48+00:00 | (231694 files, 9% size)
2026-06-01 00:20:58+00:00 | (231734 files, 9% size)
2026-06-01 00:21:08+00:00 | (231774 files, 9% size)
2026-06-01 00:21:18+00:00 | (231814 files, 9% size)
2026-06-01 00:21:28+00:00 | (231854 files, 9% size)
2026-06-01 00:21:38+00:00 | (231894 files, 9% size)
2026-06-01 00:21:48+00:00 | (231934 files, 9% size)
2026-06-01 00:21:58+00:00 | (231974 files, 9% size)
2026-06-01 00:22:08+00:00 | (232014 files, 9% size)
2026-06-01 00:22:18+00:00 | (232054 files, 9% size)
2026-06-01 00:22:28+00:00 | (232094 files, 9% size)
2026-06-01 00:22:38+00:00 | (232134 files, 9% size)
2026-06-01 00:22:48+00:00 | (232174 files, 9% size)
2026-06-01 00:22:58+00:00 | (232214 files, 9% size)
2026-06-01 00:23:08+00:00 | (232254 files, 9% size)
2026-06-01 00:23:18+00:00 | (232294 files, 9% size)
2026-06-01 00:23:28+00:00 | (232334 files, 9% size)
2026-06-01 00:23:38+00:00 | (232374 files, 9% size)
2026-06-01 00:23:48+00:00 | (232414 files, 9% size)
2026-06-01 00:23:58+00:00 | (232454 files, 9% size)
2026-06-01 00:24:08+00:00 | (232494 files, 9% size)
2026-06-01 00:24:18+00:00 | (232534 files, 9% size)
2026-06-01 00:24:28+00:00 | (232574 files, 9% size)
2026-06-01 00:24:38+00:00 | (232614 files, 9% size)
2026-06-01 00:24:48+00:00 | (232654 files, 9% size)
2026-06-01 00:24:58+00:00 | (232694 files, 9% size)
2026-06-01 00:25:08+00:00 | (232734 files, 9% size)
2026-06-01 00:25:18+00:00 | (232774 files, 9% size)
2026-06-01 00:25:28+00:00 | (232814 files, 9% size)
2026-06-01 00:25:38+00:00 | (232854 files, 9% size)
2026-06-01 00:25:48+00:00 | (232894 files, 9% size)
2026-06-01 00:25:58+00:00 | (232934 files, 9% size)
2026-06-01 00:26:08+00:00 | (232974 files, 9% size)
2026-06-01 00:26:18+00:00 | (233014 files, 9% size)
2026-06-01 00:26:28+00:00 | (233054 files, 9% size)
2026-06-01 00:26:38+00:00 | (233094 files, 9% size)
2026-06-01 00:26:48+00:00 | (233134 files, 9% size)
2026-06-01 00:26:58+00:00 | (233174 files, 9% size)
2026-06-01 00:27:08+00:00 | (233214 files, 9% size)
2026-06-01 00:27:18+00:00 | (233254 files, 9% size)
2026-06-01 00:27:28+00:00 | (233294 files, 9% size)
2026-06-01 00:27:38+00:00 | (233334 files, 9% size)
2026-06-01 00:27:48+00:00 | (233374 files, 9% size)
2026-06-01 00:27:58+00:00 | (233414 files, 9% size)
2026-06-01 00:28:08+00:00 | (233454 files, 9% size)
2026-06-01 00:28:18+00:00 | (233494 files, 9% size)
2026-06-01 00:28:28+00:00 | (233534 files, 9% size)
2026-06-01 00:28:38+00:00 | (233574 files, 9% size)
2026-06-01 00:28:48+00:00 | (233614 files, 9% size)
2026-06-01 00:28:58+00:00 | (233654 files, 9% size)
2026-06-01 00:29:08+00:00 | (233694 files, 9% size)
2026-06-01 00:29:18+00:00 | (233734 files, 9% size)
2026-06-01 00:29:28+00:00 | (233774 files, 9% size)
2026-06-01 00:29:38+00:00 | (233814 files, 9% size)
2026-06-01 00:29:48+00:00 | (233854 files, 9% size)
2026-06-01 00:29:58+00:00 | (233894 files, 9% size)
2026-06-01 00:30:08+00:00 | (233934 files, 9% size)
2026-06-01 00:30:18+00:00 | (233974 files, 9% size)
2026-06-01 00:30:28+00:00 | (234014 files, 9% size)
2026-06-01 00:30:38+00:00 | (234054 files, 9% size)
2026-06-01 00:30:48+00:00 | (234094 files, 9% size)
2026-06-01 00:30:58+00:00 | (234134 files, 9% size)
2026-06-01 00:31:08+00:00 | (234174 files, 9% size)
2026-06-01 00:31:18+00:00 | (234214 files, 9% size)
2026-06-01 00:31:28+00:00 | (234254 files, 9% size)
2026-06-01 00:31:38+00:00 | (234294 files, 9% size)
2026-06-01 00:31:48+00:00 | (234334 files, 9% size)
2026-06-01 00:31:58+00:00 | (234374 files, 9% size)
2026-06-01 00:32:08+00:00 | (234413 files, 9% size)
2026-06-01 00:32:18+00:00 | (234454 files, 9% size)
2026-06-01 00:32:28+00:00 | (234494 files, 9% size)
2026-06-01 00:32:38+00:00 | (234534 files, 9% size)
2026-06-01 00:32:48+00:00 | (234574 files, 9% size)
2026-06-01 00:32:58+00:00 | (234614 files, 9% size)
2026-06-01 00:33:08+00:00 | (234654 files, 9% size)
2026-06-01 00:33:18+00:00 | (234694 files, 9% size)
2026-06-01 00:33:28+00:00 | (234734 files, 9% size)
2026-06-01 00:33:38+00:00 | (234774 files, 9% size)
2026-06-01 00:33:48+00:00 | (234814 files, 9% size)
2026-06-01 00:33:58+00:00 | (234854 files, 9% size)
2026-06-01 00:34:08+00:00 | (234894 files, 9% size)
2026-06-01 00:34:18+00:00 | (234934 files, 9% size)
2026-06-01 00:34:28+00:00 | (234974 files, 9% size)
2026-06-01 00:34:38+00:00 | (235014 files, 9% size)
2026-06-01 00:34:48+00:00 | (235054 files, 9% size)
2026-06-01 00:34:58+00:00 | (235094 files, 9% size)
2026-06-01 00:35:08+00:00 | (235134 files, 9% size)
2026-06-01 00:35:18+00:00 | (235174 files, 9% size)
2026-06-01 00:35:28+00:00 | (235214 files, 9% size)
2026-06-01 00:35:38+00:00 | (235254 files, 9% size)
2026-06-01 00:35:48+00:00 | (235294 files, 9% size)
2026-06-01 00:35:58+00:00 | (235334 files, 9% size)
2026-06-01 00:36:08+00:00 | (235374 files, 9% size)
2026-06-01 00:36:18+00:00 | (235414 files, 9% size)
2026-06-01 00:36:28+00:00 | (235454 files, 9% size)
2026-06-01 00:36:38+00:00 | (235494 files, 9% size)
2026-06-01 00:36:48+00:00 | (235534 files, 9% size)
2026-06-01 00:36:58+00:00 | (235574 files, 9% size)
2026-06-01 00:37:08+00:00 | (235614 files, 9% size)
2026-06-01 00:37:18+00:00 | (235654 files, 9% size)
2026-06-01 00:37:28+00:00 | (235694 files, 9% size)
2026-06-01 00:37:38+00:00 | (235734 files, 9% size)
2026-06-01 00:37:48+00:00 | (235774 files, 9% size)
2026-06-01 00:37:58+00:00 | (235814 files, 9% size)
2026-06-01 00:38:08+00:00 | (235854 files, 9% size)
2026-06-01 00:38:18+00:00 | (235894 files, 9% size)
2026-06-01 00:38:28+00:00 | (235934 files, 9% size)
2026-06-01 00:38:38+00:00 | (235972 files, 9% size)
2026-06-01 00:38:48+00:00 | (236014 files, 9% size)
2026-06-01 00:38:58+00:00 | (236054 files, 9% size)
2026-06-01 00:39:08+00:00 | (236094 files, 9% size)
2026-06-01 00:39:18+00:00 | (236134 files, 9% size)
2026-06-01 00:39:28+00:00 | (236174 files, 9% size)
2026-06-01 00:39:38+00:00 | (236214 files, 9% size)
2026-06-01 00:39:48+00:00 | (236254 files, 9% size)
2026-06-01 00:39:58+00:00 | (236294 files, 9% size)
2026-06-01 00:40:08+00:00 | (236334 files, 9% size)
2026-06-01 00:40:18+00:00 | (236374 files, 9% size)
2026-06-01 00:40:28+00:00 | (236414 files, 9% size)
2026-06-01 00:40:38+00:00 | (236454 files, 9% size)
2026-06-01 00:40:48+00:00 | (236494 files, 9% size)
2026-06-01 00:40:58+00:00 | (236534 files, 9% size)
2026-06-01 00:41:08+00:00 | (236574 files, 9% size)
2026-06-01 00:41:18+00:00 | (236614 files, 9% size)
2026-06-01 00:41:28+00:00 | (236654 files, 9% size)
2026-06-01 00:41:38+00:00 | (236694 files, 9% size)
2026-06-01 00:41:48+00:00 | (236734 files, 9% size)
2026-06-01 00:41:58+00:00 | (236774 files, 9% size)
2026-06-01 00:42:08+00:00 | (236814 files, 9% size)
2026-06-01 00:42:18+00:00 | (236854 files, 9% size)
2026-06-01 00:42:28+00:00 | (236894 files, 9% size)
2026-06-01 00:42:38+00:00 | (236934 files, 9% size)
2026-06-01 00:42:48+00:00 | (236974 files, 9% size)
2026-06-01 00:42:58+00:00 | (237014 files, 9% size)
2026-06-01 00:43:08+00:00 | (237054 files, 9% size)
2026-06-01 00:43:18+00:00 | (237094 files, 9% size)
2026-06-01 00:43:28+00:00 | (237134 files, 9% size)
2026-06-01 00:43:38+00:00 | (237174 files, 9% size)
2026-06-01 00:43:48+00:00 | (237214 files, 9% size)
2026-06-01 00:43:58+00:00 | (237254 files, 9% size)
2026-06-01 00:44:08+00:00 | (237294 files, 9% size)
2026-06-01 00:44:18+00:00 | (237334 files, 9% size)
2026-06-01 00:44:28+00:00 | (237374 files, 9% size)
2026-06-01 00:44:38+00:00 | (237414 files, 9% size)
2026-06-01 00:44:48+00:00 | (237454 files, 9% size)
2026-06-01 00:44:58+00:00 | (237494 files, 9% size)
2026-06-01 00:45:08+00:00 | (237534 files, 9% size)
2026-06-01 00:45:18+00:00 | (237574 files, 9% size)
2026-06-01 00:45:28+00:00 | (237614 files, 9% size)
2026-06-01 00:45:38+00:00 | (237654 files, 9% size)
2026-06-01 00:45:48+00:00 | (237694 files, 9% size)
2026-06-01 00:45:58+00:00 | (237734 files, 9% size)
2026-06-01 00:46:08+00:00 | (237774 files, 9% size)
2026-06-01 00:46:18+00:00 | (237814 files, 9% size)
2026-06-01 00:46:28+00:00 | (237854 files, 9% size)
2026-06-01 00:46:38+00:00 | (237894 files, 9% size)
2026-06-01 00:46:48+00:00 | (237934 files, 9% size)
2026-06-01 00:46:58+00:00 | (237974 files, 9% size)
2026-06-01 00:47:08+00:00 | (238014 files, 9% size)
2026-06-01 00:47:18+00:00 | (238054 files, 9% size)
2026-06-01 00:47:28+00:00 | (238094 files, 9% size)
2026-06-01 00:47:38+00:00 | (238134 files, 9% size)
2026-06-01 00:47:48+00:00 | (238174 files, 9% size)
2026-06-01 00:47:58+00:00 | (238214 files, 9% size)
2026-06-01 00:48:08+00:00 | (238254 files, 9% size)
2026-06-01 00:48:18+00:00 | (238294 files, 9% size)
2026-06-01 00:48:28+00:00 | (238334 files, 9% size)
2026-06-01 00:48:38+00:00 | (238374 files, 9% size)
2026-06-01 00:48:48+00:00 | (238414 files, 9% size)
2026-06-01 00:48:58+00:00 | (238454 files, 9% size)
2026-06-01 00:49:08+00:00 | (238494 files, 9% size)
2026-06-01 00:49:18+00:00 | (238534 files, 9% size)
2026-06-01 00:49:28+00:00 | (238574 files, 9% size)
2026-06-01 00:49:38+00:00 | (238614 files, 9% size)
2026-06-01 00:49:48+00:00 | (238654 files, 9% size)
2026-06-01 00:49:58+00:00 | (238694 files, 9% size)
2026-06-01 00:50:08+00:00 | (238734 files, 9% size)
2026-06-01 00:50:18+00:00 | (238774 files, 9% size)
2026-06-01 00:50:28+00:00 | (238814 files, 9% size)
2026-06-01 00:50:38+00:00 | (238854 files, 9% size)
2026-06-01 00:50:48+00:00 | (238894 files, 9% size)
2026-06-01 00:50:58+00:00 | (238934 files, 9% size)
2026-06-01 00:51:08+00:00 | (238974 files, 9% size)
2026-06-01 00:51:18+00:00 | (239014 files, 9% size)
2026-06-01 00:51:28+00:00 | (239054 files, 9% size)
2026-06-01 00:51:38+00:00 | (239094 files, 9% size)
2026-06-01 00:51:48+00:00 | (239134 files, 9% size)
2026-06-01 00:51:58+00:00 | (239174 files, 9% size)
2026-06-01 00:52:08+00:00 | (239214 files, 9% size)
2026-06-01 00:52:18+00:00 | (239254 files, 9% size)
2026-06-01 00:52:28+00:00 | (239294 files, 9% size)
2026-06-01 00:52:38+00:00 | (239334 files, 9% size)
2026-06-01 00:52:48+00:00 | (239374 files, 9% size)
2026-06-01 00:52:58+00:00 | (239414 files, 9% size)
2026-06-01 00:53:08+00:00 | (239454 files, 9% size)
2026-06-01 00:53:18+00:00 | (239494 files, 9% size)
2026-06-01 00:53:28+00:00 | (239534 files, 9% size)
2026-06-01 00:53:38+00:00 | (239574 files, 9% size)
2026-06-01 00:53:48+00:00 | (239614 files, 9% size)
2026-06-01 00:53:58+00:00 | (239654 files, 9% size)
2026-06-01 00:54:08+00:00 | (239694 files, 9% size)
2026-06-01 00:54:18+00:00 | (239734 files, 9% size)
2026-06-01 00:54:28+00:00 | (239774 files, 9% size)
2026-06-01 00:54:38+00:00 | (239814 files, 9% size)
2026-06-01 00:54:48+00:00 | (239854 files, 9% size)
2026-06-01 00:54:58+00:00 | (239894 files, 9% size)
2026-06-01 00:55:08+00:00 | (239934 files, 9% size)
2026-06-01 00:55:18+00:00 | (239974 files, 9% size)
2026-06-01 00:55:28+00:00 | (240014 files, 9% size)
2026-06-01 00:55:38+00:00 | (240054 files, 9% size)
2026-06-01 00:55:48+00:00 | (240094 files, 9% size)
2026-06-01 00:55:58+00:00 | (240134 files, 9% size)
2026-06-01 00:56:08+00:00 | (240174 files, 9% size)
2026-06-01 00:56:18+00:00 | (240214 files, 9% size)
2026-06-01 00:56:28+00:00 | (240254 files, 9% size)
2026-06-01 00:56:38+00:00 | (240294 files, 9% size)
2026-06-01 00:56:48+00:00 | (240334 files, 9% size)
2026-06-01 00:56:58+00:00 | (240374 files, 9% size)
2026-06-01 00:57:08+00:00 | (240414 files, 9% size)
2026-06-01 00:57:18+00:00 | (240454 files, 9% size)
2026-06-01 00:57:28+00:00 | (240494 files, 9% size)
2026-06-01 00:57:38+00:00 | (240534 files, 9% size)
2026-06-01 00:57:48+00:00 | (240574 files, 9% size)
2026-06-01 00:57:58+00:00 | (240614 files, 9% size)
2026-06-01 00:58:08+00:00 | (240654 files, 9% size)
2026-06-01 00:58:18+00:00 | (240694 files, 9% size)
2026-06-01 00:58:28+00:00 | (240734 files, 9% size)
2026-06-01 00:58:38+00:00 | (240774 files, 9% size)
2026-06-01 00:58:48+00:00 | (240814 files, 9% size)
2026-06-01 00:58:58+00:00 | (240854 files, 9% size)
2026-06-01 00:59:08+00:00 | (240894 files, 9% size)
2026-06-01 00:59:18+00:00 | (240934 files, 9% size)
2026-06-01 00:59:28+00:00 | (240974 files, 9% size)
2026-06-01 00:59:38+00:00 | (241014 files, 9% size)
2026-06-01 00:59:48+00:00 | (241054 files, 9% size)
2026-06-01 00:59:58+00:00 | (241094 files, 9% size)
2026-06-01 01:00:08+00:00 | (241134 files, 9% size)
2026-06-01 01:00:18+00:00 | (241174 files, 9% size)
2026-06-01 01:00:28+00:00 | (241214 files, 9% size)
2026-06-01 01:00:38+00:00 | (241254 files, 9% size)
2026-06-01 01:00:48+00:00 | (241294 files, 9% size)
2026-06-01 01:00:58+00:00 | (241334 files, 9% size)
2026-06-01 01:01:08+00:00 | (241374 files, 9% size)
2026-06-01 01:01:18+00:00 | (241414 files, 9% size)
2026-06-01 01:01:28+00:00 | (241454 files, 9% size)
2026-06-01 01:01:38+00:00 | (241494 files, 9% size)
2026-06-01 01:01:48+00:00 | (241534 files, 9% size)
2026-06-01 01:01:58+00:00 | (241574 files, 9% size)
2026-06-01 01:02:08+00:00 | (241614 files, 9% size)
2026-06-01 01:02:18+00:00 | (241654 files, 9% size)
2026-06-01 01:02:28+00:00 | (241694 files, 9% size)
2026-06-01 01:02:38+00:00 | (241734 files, 9% size)
2026-06-01 01:02:48+00:00 | (241774 files, 9% size)
2026-06-01 01:02:58+00:00 | (241814 files, 9% size)
2026-06-01 01:03:08+00:00 | (241854 files, 9% size)
2026-06-01 01:03:18+00:00 | (241894 files, 9% size)
2026-06-01 01:03:28+00:00 | (241934 files, 9% size)
2026-06-01 01:03:38+00:00 | (241974 files, 9% size)
2026-06-01 01:03:48+00:00 | (242014 files, 9% size)
2026-06-01 01:03:58+00:00 | (242054 files, 9% size)
2026-06-01 01:04:08+00:00 | (242094 files, 9% size)
2026-06-01 01:04:18+00:00 | (242134 files, 9% size)
2026-06-01 01:04:28+00:00 | (242174 files, 9% size)
2026-06-01 01:04:38+00:00 | (242214 files, 9% size)
2026-06-01 01:04:48+00:00 | (242254 files, 9% size)
2026-06-01 01:04:58+00:00 | (242294 files, 9% size)
2026-06-01 01:05:08+00:00 | (242334 files, 9% size)
2026-06-01 01:05:18+00:00 | (242374 files, 9% size)
2026-06-01 01:05:28+00:00 | (242414 files, 9% size)
2026-06-01 01:05:38+00:00 | (242454 files, 9% size)
2026-06-01 01:05:48+00:00 | (242494 files, 9% size)
2026-06-01 01:05:58+00:00 | (242534 files, 9% size)
2026-06-01 01:06:08+00:00 | (242574 files, 9% size)
2026-06-01 01:06:18+00:00 | (242614 files, 9% size)
2026-06-01 01:06:28+00:00 | (242654 files, 9% size)
2026-06-01 01:06:38+00:00 | (242694 files, 9% size)
2026-06-01 01:06:48+00:00 | (242734 files, 9% size)
2026-06-01 01:06:58+00:00 | (242774 files, 9% size)
2026-06-01 01:07:08+00:00 | (242814 files, 9% size)
2026-06-01 01:07:18+00:00 | (242854 files, 9% size)
2026-06-01 01:07:28+00:00 | (242894 files, 9% size)
2026-06-01 01:07:38+00:00 | (242934 files, 9% size)
2026-06-01 01:07:48+00:00 | (242974 files, 9% size)
2026-06-01 01:07:58+00:00 | (243014 files, 9% size)
2026-06-01 01:08:08+00:00 | (243054 files, 9% size)
2026-06-01 01:08:18+00:00 | (243094 files, 9% size)
2026-06-01 01:08:28+00:00 | (243134 files, 9% size)
2026-06-01 01:08:38+00:00 | (243174 files, 9% size)
2026-06-01 01:08:48+00:00 | (243214 files, 9% size)
2026-06-01 01:08:58+00:00 | (243254 files, 9% size)
2026-06-01 01:09:08+00:00 | (243294 files, 9% size)
2026-06-01 01:09:18+00:00 | (243334 files, 9% size)
2026-06-01 01:09:28+00:00 | (243374 files, 9% size)
2026-06-01 01:09:38+00:00 | (243414 files, 9% size)
2026-06-01 01:09:48+00:00 | (243454 files, 9% size)
2026-06-01 01:09:58+00:00 | (243494 files, 9% size)
2026-06-01 01:10:08+00:00 | (243534 files, 9% size)
2026-06-01 01:10:18+00:00 | (243574 files, 9% size)
2026-06-01 01:10:28+00:00 | (243614 files, 9% size)
2026-06-01 01:10:38+00:00 | (243654 files, 9% size)
2026-06-01 01:10:48+00:00 | (243694 files, 9% size)
2026-06-01 01:10:58+00:00 | (243734 files, 9% size)
2026-06-01 01:11:08+00:00 | (243774 files, 9% size)
2026-06-01 01:11:18+00:00 | (243814 files, 9% size)
2026-06-01 01:11:28+00:00 | (243854 files, 9% size)
2026-06-01 01:11:38+00:00 | (243894 files, 9% size)
2026-06-01 01:11:48+00:00 | (243934 files, 9% size)
2026-06-01 01:11:58+00:00 | (243974 files, 9% size)
2026-06-01 01:12:08+00:00 | (244014 files, 9% size)
2026-06-01 01:12:18+00:00 | (244054 files, 9% size)
2026-06-01 01:12:28+00:00 | (244094 files, 9% size)
2026-06-01 01:12:38+00:00 | (244134 files, 9% size)
2026-06-01 01:12:48+00:00 | (244174 files, 9% size)
2026-06-01 01:12:58+00:00 | (244214 files, 9% size)
2026-06-01 01:13:08+00:00 | (244254 files, 9% size)
2026-06-01 01:13:18+00:00 | (244294 files, 9% size)
2026-06-01 01:13:28+00:00 | (244334 files, 9% size)
2026-06-01 01:13:38+00:00 | (244374 files, 9% size)
2026-06-01 01:13:48+00:00 | (244414 files, 9% size)
2026-06-01 01:13:58+00:00 | (244454 files, 9% size)
2026-06-01 01:14:08+00:00 | (244494 files, 9% size)
2026-06-01 01:14:18+00:00 | (244534 files, 9% size)
2026-06-01 01:14:28+00:00 | (244574 files, 9% size)
2026-06-01 01:14:38+00:00 | (244614 files, 9% size)
2026-06-01 01:14:48+00:00 | (244654 files, 9% size)
2026-06-01 01:14:58+00:00 | (244694 files, 9% size)
2026-06-01 01:15:08+00:00 | (244734 files, 9% size)
2026-06-01 01:15:18+00:00 | (244774 files, 9% size)
2026-06-01 01:15:28+00:00 | (244814 files, 9% size)
2026-06-01 01:15:38+00:00 | (244854 files, 9% size)
2026-06-01 01:15:48+00:00 | (244894 files, 9% size)
2026-06-01 01:15:58+00:00 | (244934 files, 9% size)
2026-06-01 01:16:08+00:00 | (244974 files, 9% size)
2026-06-01 01:16:18+00:00 | (245014 files, 9% size)
2026-06-01 01:16:28+00:00 | (245054 files, 9% size)
2026-06-01 01:16:38+00:00 | (245094 files, 9% size)
2026-06-01 01:16:48+00:00 | (245134 files, 9% size)
2026-06-01 01:16:58+00:00 | (245174 files, 9% size)
2026-06-01 01:17:08+00:00 | (245214 files, 9% size)
2026-06-01 01:17:18+00:00 | (245254 files, 9% size)
2026-06-01 01:17:28+00:00 | (245294 files, 9% size)
2026-06-01 01:17:38+00:00 | (245334 files, 9% size)
2026-06-01 01:17:48+00:00 | (245374 files, 9% size)
2026-06-01 01:17:58+00:00 | (245414 files, 9% size)
2026-06-01 01:18:08+00:00 | (245454 files, 9% size)
2026-06-01 01:18:18+00:00 | (245494 files, 9% size)
2026-06-01 01:18:28+00:00 | (245534 files, 9% size)
2026-06-01 01:18:38+00:00 | (245574 files, 9% size)
2026-06-01 01:18:48+00:00 | (245614 files, 9% size)
2026-06-01 01:18:58+00:00 | (245654 files, 9% size)
2026-06-01 01:19:08+00:00 | (245694 files, 9% size)
2026-06-01 01:19:18+00:00 | (245734 files, 9% size)
2026-06-01 01:19:28+00:00 | (245774 files, 9% size)
2026-06-01 01:19:38+00:00 | (245814 files, 9% size)
2026-06-01 01:19:48+00:00 | (245854 files, 9% size)
2026-06-01 01:19:58+00:00 | (245894 files, 9% size)
2026-06-01 01:20:08+00:00 | (245934 files, 9% size)
2026-06-01 01:20:18+00:00 | (245974 files, 9% size)
2026-06-01 01:20:28+00:00 | (246014 files, 9% size)
2026-06-01 01:20:38+00:00 | (246054 files, 9% size)
2026-06-01 01:20:48+00:00 | (246094 files, 9% size)
2026-06-01 01:20:58+00:00 | (246134 files, 9% size)
2026-06-01 01:21:08+00:00 | (246174 files, 9% size)
2026-06-01 01:21:18+00:00 | (246214 files, 9% size)
2026-06-01 01:21:28+00:00 | (246254 files, 9% size)
2026-06-01 01:21:38+00:00 | (246294 files, 9% size)
2026-06-01 01:21:48+00:00 | (246334 files, 9% size)
2026-06-01 01:21:58+00:00 | (246374 files, 9% size)
2026-06-01 01:22:08+00:00 | (246414 files, 9% size)
2026-06-01 01:22:18+00:00 | (246454 files, 9% size)
2026-06-01 01:22:28+00:00 | (246494 files, 9% size)
2026-06-01 01:22:38+00:00 | (246534 files, 9% size)
2026-06-01 01:22:48+00:00 | (246574 files, 9% size)
2026-06-01 01:22:58+00:00 | (246614 files, 9% size)
2026-06-01 01:23:08+00:00 | (246654 files, 9% size)
2026-06-01 01:23:18+00:00 | (246694 files, 9% size)
2026-06-01 01:23:28+00:00 | (246734 files, 9% size)
2026-06-01 01:23:38+00:00 | (246774 files, 9% size)
2026-06-01 01:23:48+00:00 | (246814 files, 9% size)
2026-06-01 01:23:58+00:00 | (246854 files, 9% size)
2026-06-01 01:24:08+00:00 | (246894 files, 9% size)
2026-06-01 01:24:18+00:00 | (246934 files, 9% size)
2026-06-01 01:24:28+00:00 | (246974 files, 9% size)
2026-06-01 01:24:38+00:00 | (247014 files, 9% size)
2026-06-01 01:24:48+00:00 | (247054 files, 9% size)
2026-06-01 01:24:58+00:00 | (247094 files, 9% size)
2026-06-01 01:25:08+00:00 | (247134 files, 9% size)
2026-06-01 01:25:18+00:00 | (247174 files, 9% size)
2026-06-01 01:25:28+00:00 | (247214 files, 9% size)
2026-06-01 01:25:38+00:00 | (247254 files, 9% size)
2026-06-01 01:25:48+00:00 | (247294 files, 9% size)
2026-06-01 01:25:58+00:00 | (247334 files, 9% size)
2026-06-01 01:26:08+00:00 | (247374 files, 9% size)
2026-06-01 01:26:18+00:00 | (247414 files, 9% size)
2026-06-01 01:26:28+00:00 | (247454 files, 9% size)
2026-06-01 01:26:38+00:00 | (247494 files, 9% size)
2026-06-01 01:26:48+00:00 | (247534 files, 9% size)
2026-06-01 01:26:58+00:00 | (247574 files, 9% size)
2026-06-01 01:27:08+00:00 | (247614 files, 9% size)
2026-06-01 01:27:18+00:00 | (247654 files, 9% size)
2026-06-01 01:27:28+00:00 | (247694 files, 9% size)
2026-06-01 01:27:38+00:00 | (247734 files, 9% size)
2026-06-01 01:27:48+00:00 | (247774 files, 9% size)
2026-06-01 01:27:58+00:00 | (247814 files, 9% size)
2026-06-01 01:28:08+00:00 | (247854 files, 9% size)
2026-06-01 01:28:18+00:00 | (247894 files, 9% size)
2026-06-01 01:28:28+00:00 | (247934 files, 9% size)
2026-06-01 01:28:38+00:00 | (247974 files, 9% size)
2026-06-01 01:28:48+00:00 | (248014 files, 9% size)
2026-06-01 01:28:58+00:00 | (248054 files, 9% size)
2026-06-01 01:29:08+00:00 | (248094 files, 9% size)
2026-06-01 01:29:18+00:00 | (248134 files, 9% size)
2026-06-01 01:29:28+00:00 | (248174 files, 9% size)
2026-06-01 01:29:38+00:00 | (248214 files, 9% size)
2026-06-01 01:29:48+00:00 | (248254 files, 9% size)
2026-06-01 01:29:58+00:00 | (248294 files, 9% size)
2026-06-01 01:30:08+00:00 | (248334 files, 9% size)
2026-06-01 01:30:18+00:00 | (248374 files, 9% size)
2026-06-01 01:30:28+00:00 | (248414 files, 9% size)
2026-06-01 01:30:38+00:00 | (248454 files, 9% size)
2026-06-01 01:30:48+00:00 | (248494 files, 9% size)
2026-06-01 01:30:58+00:00 | (248534 files, 9% size)
2026-06-01 01:31:08+00:00 | (248574 files, 9% size)
2026-06-01 01:31:18+00:00 | (248614 files, 9% size)
2026-06-01 01:31:28+00:00 | (248654 files, 9% size)
2026-06-01 01:31:38+00:00 | (248694 files, 9% size)
2026-06-01 01:31:48+00:00 | (248734 files, 9% size)
2026-06-01 01:31:58+00:00 | (248774 files, 9% size)
2026-06-01 01:32:08+00:00 | (248814 files, 9% size)
2026-06-01 01:32:18+00:00 | (248854 files, 9% size)
2026-06-01 01:32:28+00:00 | (248894 files, 9% size)
2026-06-01 01:32:38+00:00 | (248934 files, 9% size)
2026-06-01 01:32:48+00:00 | (248974 files, 9% size)
2026-06-01 01:32:58+00:00 | (249014 files, 9% size)
2026-06-01 01:33:08+00:00 | (249054 files, 9% size)
2026-06-01 01:33:18+00:00 | (249094 files, 9% size)
2026-06-01 01:33:28+00:00 | (249134 files, 9% size)
2026-06-01 01:33:38+00:00 | (249174 files, 9% size)
2026-06-01 01:33:48+00:00 | (249214 files, 9% size)
2026-06-01 01:33:58+00:00 | (249254 files, 9% size)
2026-06-01 01:34:08+00:00 | (249294 files, 9% size)
2026-06-01 01:34:18+00:00 | (249334 files, 9% size)
2026-06-01 01:34:28+00:00 | (249374 files, 9% size)
2026-06-01 01:34:38+00:00 | (249414 files, 9% size)
2026-06-01 01:34:48+00:00 | (249454 files, 9% size)
2026-06-01 01:34:58+00:00 | (249494 files, 9% size)
2026-06-01 01:35:08+00:00 | (249534 files, 9% size)
2026-06-01 01:35:18+00:00 | (249574 files, 10% size)
2026-06-01 01:35:28+00:00 | (249614 files, 10% size)
2026-06-01 01:35:38+00:00 | (249654 files, 10% size)
2026-06-01 01:35:48+00:00 | (249694 files, 10% size)
2026-06-01 01:35:58+00:00 | (249734 files, 10% size)
2026-06-01 01:36:08+00:00 | (249774 files, 10% size)
2026-06-01 01:36:18+00:00 | (249814 files, 10% size)
2026-06-01 01:36:28+00:00 | (249854 files, 10% size)
2026-06-01 01:36:38+00:00 | (249894 files, 10% size)
2026-06-01 01:36:48+00:00 | (249934 files, 10% size)
2026-06-01 01:36:58+00:00 | (249974 files, 10% size)
2026-06-01 01:37:08+00:00 | (250014 files, 10% size)
2026-06-01 01:37:18+00:00 | (250054 files, 10% size)
2026-06-01 01:37:28+00:00 | (250094 files, 10% size)
2026-06-01 01:37:38+00:00 | (250134 files, 10% size)
2026-06-01 01:37:48+00:00 | (250174 files, 10% size)
2026-06-01 01:37:58+00:00 | (250214 files, 10% size)
2026-06-01 01:38:08+00:00 | (250254 files, 10% size)
2026-06-01 01:38:18+00:00 | (250294 files, 10% size)
2026-06-01 01:38:28+00:00 | (250334 files, 10% size)
2026-06-01 01:38:38+00:00 | (250374 files, 10% size)
2026-06-01 01:38:48+00:00 | (250414 files, 10% size)
2026-06-01 01:38:58+00:00 | (250454 files, 10% size)
2026-06-01 01:39:08+00:00 | (250494 files, 10% size)
2026-06-01 01:39:18+00:00 | (250534 files, 10% size)
2026-06-01 01:39:28+00:00 | (250574 files, 10% size)
2026-06-01 01:39:38+00:00 | (250614 files, 10% size)
2026-06-01 01:39:48+00:00 | (250654 files, 10% size)
2026-06-01 01:39:58+00:00 | (250694 files, 10% size)
2026-06-01 01:40:08+00:00 | (250734 files, 10% size)
2026-06-01 01:40:18+00:00 | (250774 files, 10% size)
2026-06-01 01:40:28+00:00 | (250814 files, 10% size)
2026-06-01 01:40:38+00:00 | (250854 files, 10% size)
2026-06-01 01:40:48+00:00 | (250894 files, 10% size)
2026-06-01 01:40:58+00:00 | (250934 files, 10% size)
2026-06-01 01:41:08+00:00 | (250974 files, 10% size)
2026-06-01 01:41:18+00:00 | (251014 files, 10% size)
2026-06-01 01:41:28+00:00 | (251054 files, 10% size)
2026-06-01 01:41:38+00:00 | (251094 files, 10% size)
2026-06-01 01:41:48+00:00 | (251134 files, 10% size)
2026-06-01 01:41:58+00:00 | (251174 files, 10% size)
2026-06-01 01:42:08+00:00 | (251214 files, 10% size)
2026-06-01 01:42:18+00:00 | (251254 files, 10% size)
2026-06-01 01:42:28+00:00 | (251294 files, 10% size)
2026-06-01 01:42:38+00:00 | (251334 files, 10% size)
2026-06-01 01:42:48+00:00 | (251374 files, 10% size)
2026-06-01 01:43:08+00:00 | (251450 files, 10% size)
2026-06-01 01:43:18+00:00 | (251490 files, 10% size)
2026-06-01 01:43:28+00:00 | (251530 files, 10% size)
2026-06-01 01:43:38+00:00 | (251570 files, 10% size)
2026-06-01 01:43:48+00:00 | (251610 files, 10% size)
2026-06-01 01:43:58+00:00 | (251650 files, 10% size)
2026-06-01 01:44:08+00:00 | (251690 files, 10% size)
2026-06-01 01:44:18+00:00 | (251730 files, 10% size)
2026-06-01 01:44:28+00:00 | (251770 files, 10% size)
2026-06-01 01:44:38+00:00 | (251810 files, 10% size)
2026-06-01 01:44:48+00:00 | (251850 files, 10% size)
2026-06-01 01:44:58+00:00 | (251892 files, 10% size)
2026-06-01 01:45:08+00:00 | (251934 files, 10% size)
2026-06-01 01:45:18+00:00 | (251973 files, 10% size)
2026-06-01 01:45:28+00:00 | (252014 files, 10% size)
2026-06-01 01:45:38+00:00 | (252054 files, 10% size)
2026-06-01 01:45:48+00:00 | (252094 files, 10% size)
2026-06-01 01:45:58+00:00 | (252134 files, 10% size)
2026-06-01 01:46:08+00:00 | (252174 files, 10% size)
2026-06-01 01:46:18+00:00 | (252214 files, 10% size)
2026-06-01 01:46:28+00:00 | (252254 files, 10% size)
2026-06-01 01:46:38+00:00 | (252294 files, 10% size)
2026-06-01 01:46:48+00:00 | (252334 files, 10% size)
2026-06-01 01:46:58+00:00 | (252374 files, 10% size)
2026-06-01 01:47:08+00:00 | (252414 files, 10% size)
2026-06-01 01:47:18+00:00 | (252454 files, 10% size)
2026-06-01 01:47:28+00:00 | (252494 files, 10% size)
2026-06-01 01:47:38+00:00 | (252534 files, 10% size)
2026-06-01 01:47:48+00:00 | (252574 files, 10% size)
2026-06-01 01:47:58+00:00 | (252614 files, 10% size)
2026-06-01 01:48:08+00:00 | (252654 files, 10% size)
2026-06-01 01:48:18+00:00 | (252694 files, 10% size)
2026-06-01 01:48:28+00:00 | (252734 files, 10% size)
2026-06-01 01:48:38+00:00 | (252774 files, 10% size)
2026-06-01 01:48:48+00:00 | (252814 files, 10% size)
2026-06-01 01:48:58+00:00 | (252854 files, 10% size)
2026-06-01 01:49:08+00:00 | (252894 files, 10% size)
2026-06-01 01:49:18+00:00 | (252934 files, 10% size)
2026-06-01 01:49:28+00:00 | (252974 files, 10% size)
2026-06-01 01:49:38+00:00 | (253014 files, 10% size)
2026-06-01 01:49:48+00:00 | (253054 files, 10% size)
2026-06-01 01:49:58+00:00 | (253094 files, 10% size)
2026-06-01 01:50:08+00:00 | (253134 files, 10% size)
2026-06-01 01:50:18+00:00 | (253174 files, 10% size)
2026-06-01 01:50:28+00:00 | (253214 files, 10% size)
2026-06-01 01:50:38+00:00 | (253254 files, 10% size)
2026-06-01 01:50:48+00:00 | (253294 files, 10% size)
2026-06-01 01:50:58+00:00 | (253334 files, 10% size)
2026-06-01 01:51:08+00:00 | (253374 files, 10% size)
2026-06-01 01:51:18+00:00 | (253414 files, 10% size)
2026-06-01 01:51:28+00:00 | (253454 files, 10% size)
2026-06-01 01:51:38+00:00 | (253494 files, 10% size)
2026-06-01 01:51:48+00:00 | (253534 files, 10% size)
2026-06-01 01:51:58+00:00 | (253574 files, 10% size)
2026-06-01 01:52:08+00:00 | (253614 files, 10% size)
2026-06-01 01:52:18+00:00 | (253654 files, 10% size)
2026-06-01 01:52:28+00:00 | (253694 files, 10% size)
2026-06-01 01:52:38+00:00 | (253734 files, 10% size)
2026-06-01 01:52:48+00:00 | (253774 files, 10% size)
2026-06-01 01:52:58+00:00 | (253814 files, 10% size)
2026-06-01 01:53:08+00:00 | (253854 files, 10% size)
2026-06-01 01:53:18+00:00 | (253894 files, 10% size)
2026-06-01 01:53:28+00:00 | (253934 files, 10% size)
2026-06-01 01:53:38+00:00 | (253974 files, 10% size)
2026-06-01 01:53:48+00:00 | (254014 files, 10% size)
2026-06-01 01:53:58+00:00 | (254054 files, 10% size)
2026-06-01 01:54:08+00:00 | (254094 files, 10% size)
2026-06-01 01:54:18+00:00 | (254134 files, 10% size)
2026-06-01 01:54:28+00:00 | (254174 files, 10% size)
2026-06-01 01:54:38+00:00 | (254214 files, 10% size)
2026-06-01 01:54:48+00:00 | (254254 files, 10% size)
2026-06-01 01:54:58+00:00 | (254294 files, 10% size)
2026-06-01 01:55:08+00:00 | (254334 files, 10% size)
2026-06-01 01:55:18+00:00 | (254374 files, 10% size)
2026-06-01 01:55:28+00:00 | (254414 files, 10% size)
2026-06-01 01:55:38+00:00 | (254454 files, 10% size)
2026-06-01 01:55:48+00:00 | (254494 files, 10% size)
2026-06-01 01:55:58+00:00 | (254534 files, 10% size)
2026-06-01 01:56:08+00:00 | (254574 files, 10% size)
2026-06-01 01:56:18+00:00 | (254614 files, 10% size)
2026-06-01 01:56:28+00:00 | (254654 files, 10% size)
2026-06-01 01:56:38+00:00 | (254694 files, 10% size)
2026-06-01 01:56:48+00:00 | (254734 files, 10% size)
2026-06-01 01:56:58+00:00 | (254774 files, 10% size)
2026-06-01 01:57:08+00:00 | (254814 files, 10% size)
2026-06-01 01:57:18+00:00 | (254854 files, 10% size)
2026-06-01 01:57:28+00:00 | (254894 files, 10% size)
2026-06-01 01:57:38+00:00 | (254934 files, 10% size)
2026-06-01 01:57:48+00:00 | (254974 files, 10% size)
2026-06-01 01:57:58+00:00 | (255014 files, 10% size)
2026-06-01 01:58:08+00:00 | (255054 files, 10% size)
2026-06-01 01:58:18+00:00 | (255094 files, 10% size)
2026-06-01 01:58:28+00:00 | (255134 files, 10% size)
2026-06-01 01:58:38+00:00 | (255174 files, 10% size)
2026-06-01 01:58:48+00:00 | (255214 files, 10% size)
2026-06-01 01:58:58+00:00 | (255254 files, 10% size)
2026-06-01 01:59:08+00:00 | (255294 files, 10% size)
2026-06-01 01:59:18+00:00 | (255334 files, 10% size)
2026-06-01 01:59:28+00:00 | (255374 files, 10% size)
2026-06-01 01:59:38+00:00 | (255414 files, 10% size)
2026-06-01 01:59:48+00:00 | (255454 files, 10% size)
2026-06-01 01:59:58+00:00 | (255494 files, 10% size)
2026-06-01 02:00:08+00:00 | (255534 files, 10% size)
2026-06-01 02:00:18+00:00 | (255574 files, 10% size)
2026-06-01 02:00:28+00:00 | (255614 files, 10% size)
2026-06-01 02:00:38+00:00 | (255654 files, 10% size)
2026-06-01 02:00:48+00:00 | (255694 files, 10% size)
2026-06-01 02:00:58+00:00 | (255734 files, 10% size)
2026-06-01 02:01:08+00:00 | (255774 files, 10% size)
2026-06-01 02:01:18+00:00 | (255814 files, 10% size)
2026-06-01 02:01:28+00:00 | (255854 files, 10% size)
2026-06-01 02:01:38+00:00 | (255894 files, 10% size)
2026-06-01 02:01:48+00:00 | (255934 files, 10% size)
2026-06-01 02:01:58+00:00 | (255974 files, 10% size)
2026-06-01 02:02:08+00:00 | (256014 files, 10% size)
2026-06-01 02:02:18+00:00 | (256054 files, 10% size)
2026-06-01 02:02:28+00:00 | (256094 files, 10% size)
2026-06-01 02:02:38+00:00 | (256134 files, 10% size)
2026-06-01 02:02:48+00:00 | (256174 files, 10% size)
2026-06-01 02:02:58+00:00 | (256214 files, 10% size)
2026-06-01 02:03:08+00:00 | (256254 files, 10% size)
2026-06-01 02:03:18+00:00 | (256294 files, 10% size)
2026-06-01 02:03:28+00:00 | (256334 files, 10% size)
2026-06-01 02:03:38+00:00 | (256374 files, 10% size)
2026-06-01 02:03:48+00:00 | (256414 files, 10% size)
2026-06-01 02:03:58+00:00 | (256454 files, 10% size)
2026-06-01 02:04:08+00:00 | (256494 files, 10% size)
2026-06-01 02:04:18+00:00 | (256534 files, 10% size)
2026-06-01 02:04:28+00:00 | (256574 files, 10% size)
2026-06-01 02:04:38+00:00 | (256614 files, 10% size)
2026-06-01 02:04:48+00:00 | (256654 files, 10% size)
2026-06-01 02:04:58+00:00 | (256694 files, 10% size)
2026-06-01 02:05:08+00:00 | (256734 files, 10% size)
2026-06-01 02:05:18+00:00 | (256774 files, 10% size)
2026-06-01 02:05:28+00:00 | (256814 files, 10% size)
2026-06-01 02:05:38+00:00 | (256854 files, 10% size)
2026-06-01 02:05:48+00:00 | (256894 files, 10% size)
2026-06-01 02:05:58+00:00 | (256934 files, 10% size)
2026-06-01 02:06:08+00:00 | (256974 files, 10% size)
2026-06-01 02:06:18+00:00 | (257014 files, 10% size)
2026-06-01 02:06:28+00:00 | (257054 files, 10% size)
2026-06-01 02:06:38+00:00 | (257094 files, 10% size)
2026-06-01 02:06:48+00:00 | (257134 files, 10% size)
2026-06-01 02:06:58+00:00 | (257174 files, 10% size)
2026-06-01 02:07:08+00:00 | (257214 files, 10% size)
2026-06-01 02:07:18+00:00 | (257254 files, 10% size)
2026-06-01 02:07:28+00:00 | (257294 files, 10% size)
2026-06-01 02:07:38+00:00 | (257334 files, 10% size)
2026-06-01 02:07:48+00:00 | (257374 files, 10% size)
2026-06-01 02:07:58+00:00 | (257414 files, 10% size)
2026-06-01 02:08:08+00:00 | (257454 files, 10% size)
2026-06-01 02:08:18+00:00 | (257494 files, 10% size)
2026-06-01 02:08:28+00:00 | (257534 files, 10% size)
2026-06-01 02:08:38+00:00 | (257574 files, 10% size)
2026-06-01 02:08:48+00:00 | (257614 files, 10% size)
2026-06-01 02:08:58+00:00 | (257654 files, 10% size)
2026-06-01 02:09:08+00:00 | (257694 files, 10% size)
2026-06-01 02:09:18+00:00 | (257734 files, 10% size)
2026-06-01 02:09:28+00:00 | (257774 files, 10% size)
2026-06-01 02:09:38+00:00 | (257814 files, 10% size)
2026-06-01 02:09:48+00:00 | (257854 files, 10% size)
2026-06-01 02:09:58+00:00 | (257894 files, 10% size)
2026-06-01 02:10:08+00:00 | (257934 files, 10% size)
2026-06-01 02:10:18+00:00 | (257974 files, 10% size)
2026-06-01 02:10:28+00:00 | (258014 files, 10% size)
2026-06-01 02:10:38+00:00 | (258054 files, 10% size)
2026-06-01 02:10:48+00:00 | (258094 files, 10% size)
2026-06-01 02:10:58+00:00 | (258134 files, 10% size)
2026-06-01 02:11:08+00:00 | (258174 files, 10% size)
2026-06-01 02:11:18+00:00 | (258214 files, 10% size)
2026-06-01 02:11:28+00:00 | (258254 files, 10% size)
2026-06-01 02:11:38+00:00 | (258294 files, 10% size)
2026-06-01 02:11:48+00:00 | (258334 files, 10% size)
2026-06-01 02:11:58+00:00 | (258374 files, 10% size)
2026-06-01 02:12:08+00:00 | (258414 files, 10% size)
2026-06-01 02:12:18+00:00 | (258454 files, 10% size)
2026-06-01 02:12:28+00:00 | (258494 files, 10% size)
2026-06-01 02:12:38+00:00 | (258534 files, 10% size)
2026-06-01 02:12:48+00:00 | (258574 files, 10% size)
2026-06-01 02:12:58+00:00 | (258614 files, 10% size)
2026-06-01 02:13:08+00:00 | (258654 files, 10% size)
2026-06-01 02:13:18+00:00 | (258694 files, 10% size)
2026-06-01 02:13:28+00:00 | (258734 files, 10% size)
2026-06-01 02:13:38+00:00 | (258774 files, 10% size)
2026-06-01 02:13:48+00:00 | (258814 files, 10% size)
2026-06-01 02:13:58+00:00 | (258854 files, 10% size)
2026-06-01 02:14:08+00:00 | (258894 files, 10% size)
2026-06-01 02:14:18+00:00 | (258934 files, 10% size)
2026-06-01 02:14:28+00:00 | (258974 files, 10% size)
2026-06-01 02:14:38+00:00 | (259014 files, 10% size)
2026-06-01 02:14:48+00:00 | (259054 files, 10% size)
2026-06-01 02:14:58+00:00 | (259094 files, 10% size)
2026-06-01 02:15:08+00:00 | (259134 files, 10% size)
2026-06-01 02:15:18+00:00 | (259174 files, 10% size)
2026-06-01 02:15:28+00:00 | (259214 files, 10% size)
2026-06-01 02:15:38+00:00 | (259254 files, 10% size)
2026-06-01 02:15:48+00:00 | (259294 files, 10% size)
2026-06-01 02:15:58+00:00 | (259334 files, 10% size)
2026-06-01 02:16:08+00:00 | (259374 files, 10% size)
2026-06-01 02:16:18+00:00 | (259414 files, 10% size)
2026-06-01 02:16:28+00:00 | (259454 files, 10% size)
2026-06-01 02:16:38+00:00 | (259494 files, 10% size)
2026-06-01 02:16:48+00:00 | (259534 files, 10% size)
2026-06-01 02:16:58+00:00 | (259574 files, 10% size)
2026-06-01 02:17:08+00:00 | (259614 files, 10% size)
2026-06-01 02:17:18+00:00 | (259654 files, 10% size)
2026-06-01 02:17:28+00:00 | (259694 files, 10% size)
2026-06-01 02:17:38+00:00 | (259734 files, 10% size)
2026-06-01 02:17:48+00:00 | (259774 files, 10% size)
2026-06-01 02:17:58+00:00 | (259814 files, 10% size)
2026-06-01 02:18:08+00:00 | (259854 files, 10% size)
2026-06-01 02:18:18+00:00 | (259894 files, 10% size)
2026-06-01 02:18:28+00:00 | (259934 files, 10% size)
2026-06-01 02:18:38+00:00 | (259974 files, 10% size)
2026-06-01 02:18:48+00:00 | (260014 files, 10% size)
2026-06-01 02:18:58+00:00 | (260054 files, 10% size)
2026-06-01 02:19:08+00:00 | (260094 files, 10% size)
2026-06-01 02:19:18+00:00 | (260134 files, 10% size)
2026-06-01 02:19:28+00:00 | (260174 files, 10% size)
2026-06-01 02:19:38+00:00 | (260214 files, 10% size)
2026-06-01 02:19:48+00:00 | (260254 files, 10% size)
2026-06-01 02:19:58+00:00 | (260294 files, 10% size)
2026-06-01 02:20:08+00:00 | (260334 files, 10% size)
2026-06-01 02:20:18+00:00 | (260374 files, 10% size)
2026-06-01 02:20:28+00:00 | (260414 files, 10% size)
2026-06-01 02:20:38+00:00 | (260454 files, 10% size)
2026-06-01 02:20:48+00:00 | (260494 files, 10% size)
2026-06-01 02:20:58+00:00 | (260534 files, 10% size)
2026-06-01 02:21:08+00:00 | (260574 files, 10% size)
2026-06-01 02:21:18+00:00 | (260614 files, 10% size)
2026-06-01 02:21:28+00:00 | (260654 files, 10% size)
2026-06-01 02:21:38+00:00 | (260694 files, 10% size)
2026-06-01 02:21:48+00:00 | (260734 files, 10% size)
2026-06-01 02:21:58+00:00 | (260774 files, 10% size)
2026-06-01 02:22:08+00:00 | (260814 files, 10% size)
2026-06-01 02:22:18+00:00 | (260854 files, 10% size)
2026-06-01 02:22:28+00:00 | (260894 files, 10% size)
2026-06-01 02:22:38+00:00 | (260934 files, 10% size)
2026-06-01 02:22:48+00:00 | (260974 files, 10% size)
2026-06-01 02:22:58+00:00 | (261014 files, 10% size)
2026-06-01 02:23:08+00:00 | (261054 files, 10% size)
2026-06-01 02:23:18+00:00 | (261094 files, 10% size)
2026-06-01 02:23:28+00:00 | (261134 files, 10% size)
2026-06-01 02:23:38+00:00 | (261174 files, 10% size)
2026-06-01 02:23:48+00:00 | (261214 files, 10% size)
2026-06-01 02:23:58+00:00 | (261254 files, 10% size)
2026-06-01 02:24:08+00:00 | (261294 files, 10% size)
2026-06-01 02:24:18+00:00 | (261334 files, 10% size)
2026-06-01 02:24:28+00:00 | (261374 files, 10% size)
2026-06-01 02:24:38+00:00 | (261414 files, 10% size)
2026-06-01 02:24:48+00:00 | (261454 files, 10% size)
2026-06-01 02:24:58+00:00 | (261494 files, 10% size)
2026-06-01 02:25:08+00:00 | (261534 files, 10% size)
2026-06-01 02:25:18+00:00 | (261574 files, 10% size)
2026-06-01 02:25:28+00:00 | (261614 files, 10% size)
2026-06-01 02:25:38+00:00 | (261654 files, 10% size)
2026-06-01 02:25:48+00:00 | (261694 files, 10% size)
2026-06-01 02:25:58+00:00 | (261734 files, 10% size)
2026-06-01 02:26:08+00:00 | (261774 files, 10% size)
2026-06-01 02:26:18+00:00 | (261814 files, 10% size)
2026-06-01 02:26:28+00:00 | (261854 files, 10% size)
2026-06-01 02:26:38+00:00 | (261894 files, 10% size)
2026-06-01 02:26:48+00:00 | (261934 files, 10% size)
2026-06-01 02:26:58+00:00 | (261974 files, 10% size)
2026-06-01 02:27:08+00:00 | (262014 files, 10% size)
2026-06-01 02:27:18+00:00 | (262054 files, 10% size)
2026-06-01 02:27:28+00:00 | (262094 files, 10% size)
2026-06-01 02:27:38+00:00 | (262134 files, 10% size)
2026-06-01 02:27:48+00:00 | (262174 files, 10% size)
2026-06-01 02:27:58+00:00 | (262214 files, 10% size)
2026-06-01 02:28:08+00:00 | (262254 files, 10% size)
2026-06-01 02:28:18+00:00 | (262294 files, 10% size)
2026-06-01 02:28:28+00:00 | (262334 files, 10% size)
2026-06-01 02:28:38+00:00 | (262374 files, 10% size)
2026-06-01 02:28:48+00:00 | (262414 files, 10% size)
2026-06-01 02:28:58+00:00 | (262454 files, 10% size)
2026-06-01 02:29:08+00:00 | (262494 files, 10% size)
2026-06-01 02:29:18+00:00 | (262534 files, 10% size)
2026-06-01 02:29:28+00:00 | (262574 files, 10% size)
2026-06-01 02:29:38+00:00 | (262614 files, 10% size)
2026-06-01 02:29:48+00:00 | (262654 files, 10% size)
2026-06-01 02:29:58+00:00 | (262694 files, 10% size)
2026-06-01 02:30:08+00:00 | (262734 files, 10% size)
2026-06-01 02:30:18+00:00 | (262774 files, 10% size)
2026-06-01 02:30:28+00:00 | (262814 files, 10% size)
2026-06-01 02:30:38+00:00 | (262854 files, 10% size)
2026-06-01 02:30:48+00:00 | (262894 files, 10% size)
2026-06-01 02:30:58+00:00 | (262934 files, 10% size)
2026-06-01 02:31:08+00:00 | (262974 files, 10% size)
2026-06-01 02:31:18+00:00 | (263014 files, 10% size)
2026-06-01 02:31:28+00:00 | (263054 files, 10% size)
2026-06-01 02:31:38+00:00 | (263094 files, 10% size)
2026-06-01 02:31:48+00:00 | (263134 files, 10% size)
2026-06-01 02:31:58+00:00 | (263174 files, 10% size)
2026-06-01 02:32:08+00:00 | (263214 files, 10% size)
2026-06-01 02:32:18+00:00 | (263254 files, 10% size)
2026-06-01 02:32:28+00:00 | (263294 files, 10% size)
2026-06-01 02:32:38+00:00 | (263334 files, 10% size)
2026-06-01 02:32:48+00:00 | (263374 files, 10% size)
2026-06-01 02:32:58+00:00 | (263414 files, 10% size)
2026-06-01 02:33:08+00:00 | (263454 files, 10% size)
2026-06-01 02:33:18+00:00 | (263494 files, 10% size)
2026-06-01 02:33:28+00:00 | (263534 files, 10% size)
2026-06-01 02:33:38+00:00 | (263574 files, 10% size)
2026-06-01 02:33:48+00:00 | (263614 files, 10% size)
2026-06-01 02:33:58+00:00 | (263654 files, 10% size)
2026-06-01 02:34:08+00:00 | (263694 files, 10% size)
2026-06-01 02:34:18+00:00 | (263734 files, 10% size)
2026-06-01 02:34:28+00:00 | (263774 files, 10% size)
2026-06-01 02:34:38+00:00 | (263814 files, 10% size)
2026-06-01 02:34:48+00:00 | (263854 files, 10% size)
2026-06-01 02:34:58+00:00 | (263894 files, 10% size)
2026-06-01 02:35:08+00:00 | (263934 files, 10% size)
2026-06-01 02:35:18+00:00 | (263974 files, 10% size)
2026-06-01 02:35:28+00:00 | (264014 files, 10% size)
2026-06-01 02:35:38+00:00 | (264054 files, 10% size)
2026-06-01 02:35:48+00:00 | (264094 files, 10% size)
2026-06-01 02:35:58+00:00 | (264134 files, 10% size)
2026-06-01 02:36:08+00:00 | (264174 files, 10% size)
2026-06-01 02:36:18+00:00 | (264214 files, 10% size)
2026-06-01 02:36:28+00:00 | (264254 files, 10% size)
2026-06-01 02:36:38+00:00 | (264294 files, 10% size)
2026-06-01 02:36:48+00:00 | (264334 files, 10% size)
2026-06-01 02:36:58+00:00 | (264374 files, 10% size)
2026-06-01 02:37:08+00:00 | (264414 files, 10% size)
2026-06-01 02:37:18+00:00 | (264454 files, 10% size)
2026-06-01 02:37:28+00:00 | (264494 files, 10% size)
2026-06-01 02:37:38+00:00 | (264534 files, 10% size)
2026-06-01 02:37:48+00:00 | (264574 files, 10% size)
2026-06-01 02:37:58+00:00 | (264614 files, 10% size)
2026-06-01 02:38:08+00:00 | (264654 files, 10% size)
2026-06-01 02:38:18+00:00 | (264694 files, 10% size)
2026-06-01 02:38:28+00:00 | (264734 files, 10% size)
2026-06-01 02:38:38+00:00 | (264774 files, 10% size)
2026-06-01 02:38:48+00:00 | (264814 files, 10% size)
2026-06-01 02:38:58+00:00 | (264854 files, 10% size)
2026-06-01 02:39:08+00:00 | (264894 files, 10% size)
2026-06-01 02:39:18+00:00 | (264934 files, 10% size)
2026-06-01 02:39:28+00:00 | (264974 files, 10% size)
2026-06-01 02:39:38+00:00 | (265014 files, 10% size)
2026-06-01 02:39:48+00:00 | (265054 files, 10% size)
2026-06-01 02:39:58+00:00 | (265094 files, 10% size)
2026-06-01 02:40:08+00:00 | (265134 files, 10% size)
2026-06-01 02:40:18+00:00 | (265174 files, 10% size)
2026-06-01 02:40:28+00:00 | (265214 files, 10% size)
2026-06-01 02:40:38+00:00 | (265254 files, 10% size)
2026-06-01 02:40:48+00:00 | (265294 files, 10% size)
2026-06-01 02:40:58+00:00 | (265334 files, 10% size)
2026-06-01 02:41:08+00:00 | (265374 files, 10% size)
2026-06-01 02:41:18+00:00 | (265414 files, 10% size)
2026-06-01 02:41:28+00:00 | (265454 files, 10% size)
2026-06-01 02:41:38+00:00 | (265494 files, 10% size)
2026-06-01 02:41:48+00:00 | (265534 files, 10% size)
2026-06-01 02:41:58+00:00 | (265574 files, 10% size)
2026-06-01 02:42:08+00:00 | (265614 files, 10% size)
2026-06-01 02:42:18+00:00 | (265654 files, 10% size)
2026-06-01 02:42:28+00:00 | (265694 files, 10% size)
2026-06-01 02:42:38+00:00 | (265734 files, 10% size)
2026-06-01 02:42:48+00:00 | (265774 files, 10% size)
2026-06-01 02:42:58+00:00 | (265814 files, 10% size)
2026-06-01 02:43:08+00:00 | (265854 files, 10% size)
2026-06-01 02:43:18+00:00 | (265894 files, 10% size)
2026-06-01 02:43:28+00:00 | (265934 files, 10% size)
2026-06-01 02:43:38+00:00 | (265974 files, 10% size)
2026-06-01 02:43:48+00:00 | (266014 files, 10% size)
2026-06-01 02:43:58+00:00 | (266054 files, 10% size)
2026-06-01 02:44:08+00:00 | (266094 files, 10% size)
2026-06-01 02:44:18+00:00 | (266134 files, 10% size)
2026-06-01 02:44:28+00:00 | (266174 files, 10% size)
2026-06-01 02:44:38+00:00 | (266214 files, 10% size)
2026-06-01 02:44:48+00:00 | (266254 files, 10% size)
2026-06-01 02:44:58+00:00 | (266294 files, 10% size)
2026-06-01 02:45:08+00:00 | (266334 files, 10% size)
2026-06-01 02:45:18+00:00 | (266374 files, 10% size)
2026-06-01 02:45:28+00:00 | (266414 files, 10% size)
2026-06-01 02:45:38+00:00 | (266454 files, 10% size)
2026-06-01 02:45:48+00:00 | (266494 files, 10% size)
2026-06-01 02:45:58+00:00 | (266534 files, 10% size)
2026-06-01 02:46:08+00:00 | (266574 files, 10% size)
2026-06-01 02:46:18+00:00 | (266614 files, 10% size)
2026-06-01 02:46:28+00:00 | (266654 files, 10% size)
2026-06-01 02:46:38+00:00 | (266694 files, 10% size)
2026-06-01 02:46:48+00:00 | (266734 files, 10% size)
2026-06-01 02:46:58+00:00 | (266774 files, 10% size)
2026-06-01 02:47:08+00:00 | (266814 files, 10% size)
2026-06-01 02:47:18+00:00 | (266854 files, 10% size)
2026-06-01 02:47:28+00:00 | (266894 files, 10% size)
2026-06-01 02:47:38+00:00 | (266934 files, 10% size)
2026-06-01 02:47:48+00:00 | (266974 files, 10% size)
2026-06-01 02:47:58+00:00 | (267014 files, 10% size)
2026-06-01 02:48:08+00:00 | (267054 files, 10% size)
2026-06-01 02:48:18+00:00 | (267094 files, 10% size)
2026-06-01 02:48:28+00:00 | (267134 files, 10% size)
2026-06-01 02:48:38+00:00 | (267174 files, 10% size)
2026-06-01 02:48:48+00:00 | (267214 files, 10% size)
2026-06-01 02:48:58+00:00 | (267254 files, 10% size)
2026-06-01 02:49:08+00:00 | (267294 files, 10% size)
2026-06-01 02:49:18+00:00 | (267334 files, 10% size)
2026-06-01 02:49:28+00:00 | (267374 files, 10% size)
2026-06-01 02:49:38+00:00 | (267414 files, 10% size)
2026-06-01 02:49:48+00:00 | (267454 files, 10% size)
2026-06-01 02:49:58+00:00 | (267494 files, 10% size)
2026-06-01 02:50:08+00:00 | (267534 files, 10% size)
2026-06-01 02:50:18+00:00 | (267574 files, 10% size)
2026-06-01 02:50:28+00:00 | (267614 files, 10% size)
2026-06-01 02:50:38+00:00 | (267654 files, 10% size)
2026-06-01 02:50:48+00:00 | (267694 files, 10% size)
2026-06-01 02:50:58+00:00 | (267734 files, 10% size)
2026-06-01 02:51:08+00:00 | (267774 files, 10% size)
2026-06-01 02:51:18+00:00 | (267814 files, 10% size)
2026-06-01 02:51:28+00:00 | (267854 files, 10% size)
2026-06-01 02:51:38+00:00 | (267894 files, 10% size)
2026-06-01 02:51:48+00:00 | (267934 files, 10% size)
2026-06-01 02:51:58+00:00 | (267974 files, 10% size)
2026-06-01 02:52:08+00:00 | (268014 files, 10% size)
2026-06-01 02:52:18+00:00 | (268054 files, 10% size)
2026-06-01 02:52:28+00:00 | (268094 files, 10% size)
2026-06-01 02:52:38+00:00 | (268134 files, 10% size)
2026-06-01 02:52:48+00:00 | (268174 files, 10% size)
2026-06-01 02:52:58+00:00 | (268214 files, 10% size)
2026-06-01 02:53:08+00:00 | (268254 files, 10% size)
2026-06-01 02:53:18+00:00 | (268294 files, 10% size)
2026-06-01 02:53:28+00:00 | (268334 files, 10% size)
2026-06-01 02:53:38+00:00 | (268374 files, 10% size)
2026-06-01 02:53:48+00:00 | (268414 files, 10% size)
2026-06-01 02:53:58+00:00 | (268454 files, 10% size)
2026-06-01 02:54:08+00:00 | (268494 files, 10% size)
2026-06-01 02:54:18+00:00 | (268534 files, 10% size)
2026-06-01 02:54:28+00:00 | (268574 files, 10% size)
2026-06-01 02:54:38+00:00 | (268614 files, 10% size)
2026-06-01 02:54:48+00:00 | (268654 files, 10% size)
2026-06-01 02:54:58+00:00 | (268694 files, 10% size)
2026-06-01 02:55:08+00:00 | (268734 files, 10% size)
2026-06-01 02:55:18+00:00 | (268774 files, 10% size)
2026-06-01 02:55:28+00:00 | (268814 files, 10% size)
2026-06-01 02:55:38+00:00 | (268854 files, 10% size)
2026-06-01 02:55:48+00:00 | (268894 files, 10% size)
2026-06-01 02:55:58+00:00 | (268934 files, 10% size)
2026-06-01 02:56:08+00:00 | (268974 files, 10% size)
2026-06-01 02:56:18+00:00 | (269014 files, 10% size)
2026-06-01 02:56:28+00:00 | (269054 files, 10% size)
2026-06-01 02:56:38+00:00 | (269094 files, 10% size)
2026-06-01 02:56:48+00:00 | (269134 files, 10% size)
2026-06-01 02:56:58+00:00 | (269174 files, 10% size)
2026-06-01 02:57:08+00:00 | (269214 files, 10% size)
2026-06-01 02:57:18+00:00 | (269254 files, 10% size)
2026-06-01 02:57:28+00:00 | (269294 files, 10% size)
2026-06-01 02:57:38+00:00 | (269334 files, 10% size)
2026-06-01 02:57:48+00:00 | (269374 files, 10% size)
2026-06-01 02:57:58+00:00 | (269414 files, 10% size)
2026-06-01 02:58:08+00:00 | (269454 files, 10% size)
2026-06-01 02:58:18+00:00 | (269494 files, 10% size)
2026-06-01 02:58:28+00:00 | (269534 files, 10% size)
2026-06-01 02:58:38+00:00 | (269574 files, 10% size)
2026-06-01 02:58:48+00:00 | (269614 files, 10% size)
2026-06-01 02:58:58+00:00 | (269654 files, 10% size)
2026-06-01 02:59:08+00:00 | (269694 files, 10% size)
2026-06-01 02:59:18+00:00 | (269734 files, 10% size)
2026-06-01 02:59:28+00:00 | (269774 files, 10% size)
2026-06-01 02:59:38+00:00 | (269814 files, 10% size)
2026-06-01 02:59:48+00:00 | (269854 files, 10% size)
2026-06-01 02:59:58+00:00 | (269894 files, 10% size)
2026-06-01 03:00:08+00:00 | (269934 files, 10% size)
2026-06-01 03:00:18+00:00 | (269974 files, 10% size)
2026-06-01 03:00:28+00:00 | (270014 files, 10% size)
2026-06-01 03:00:38+00:00 | (270054 files, 10% size)
2026-06-01 03:00:48+00:00 | (270094 files, 10% size)
2026-06-01 03:00:58+00:00 | (270134 files, 10% size)
2026-06-01 03:01:08+00:00 | (270174 files, 10% size)
2026-06-01 03:01:18+00:00 | (270214 files, 10% size)
2026-06-01 03:01:28+00:00 | (270254 files, 10% size)
2026-06-01 03:01:38+00:00 | (270294 files, 10% size)
2026-06-01 03:01:48+00:00 | (270334 files, 10% size)
2026-06-01 03:01:58+00:00 | (270374 files, 10% size)
2026-06-01 03:02:08+00:00 | (270414 files, 10% size)
2026-06-01 03:02:18+00:00 | (270454 files, 10% size)
2026-06-01 03:02:28+00:00 | (270494 files, 10% size)
2026-06-01 03:02:38+00:00 | (270534 files, 10% size)
2026-06-01 03:02:48+00:00 | (270574 files, 10% size)
2026-06-01 03:02:58+00:00 | (270614 files, 10% size)
2026-06-01 03:03:08+00:00 | (270654 files, 10% size)
2026-06-01 03:03:18+00:00 | (270694 files, 10% size)
2026-06-01 03:03:28+00:00 | (270734 files, 10% size)
2026-06-01 03:03:38+00:00 | (270774 files, 10% size)
2026-06-01 03:03:48+00:00 | (270814 files, 10% size)
2026-06-01 03:03:58+00:00 | (270854 files, 10% size)
2026-06-01 03:04:08+00:00 | (270894 files, 10% size)
2026-06-01 03:04:18+00:00 | (270934 files, 10% size)
2026-06-01 03:04:28+00:00 | (270974 files, 10% size)
2026-06-01 03:04:38+00:00 | (271014 files, 10% size)
2026-06-01 03:04:48+00:00 | (271054 files, 10% size)
2026-06-01 03:04:58+00:00 | (271094 files, 10% size)
2026-06-01 03:05:08+00:00 | (271134 files, 10% size)
2026-06-01 03:05:18+00:00 | (271174 files, 10% size)
2026-06-01 03:05:28+00:00 | (271214 files, 10% size)
2026-06-01 03:05:38+00:00 | (271254 files, 10% size)
2026-06-01 03:05:48+00:00 | (271294 files, 10% size)
2026-06-01 03:05:58+00:00 | (271334 files, 10% size)
2026-06-01 03:06:08+00:00 | (271374 files, 10% size)
2026-06-01 03:06:18+00:00 | (271414 files, 10% size)
2026-06-01 03:06:28+00:00 | (271454 files, 10% size)
2026-06-01 03:06:38+00:00 | (271494 files, 10% size)
2026-06-01 03:06:48+00:00 | (271534 files, 10% size)
2026-06-01 03:06:58+00:00 | (271574 files, 10% size)
2026-06-01 03:07:08+00:00 | (271614 files, 10% size)
2026-06-01 03:07:18+00:00 | (271654 files, 10% size)
2026-06-01 03:07:28+00:00 | (271694 files, 10% size)
2026-06-01 03:07:38+00:00 | (271734 files, 10% size)
2026-06-01 03:07:48+00:00 | (271774 files, 10% size)
2026-06-01 03:07:58+00:00 | (271814 files, 10% size)
2026-06-01 03:08:08+00:00 | (271854 files, 10% size)
2026-06-01 03:08:18+00:00 | (271894 files, 10% size)
2026-06-01 03:08:28+00:00 | (271934 files, 10% size)
2026-06-01 03:08:38+00:00 | (271974 files, 10% size)
2026-06-01 03:08:48+00:00 | (272014 files, 10% size)
2026-06-01 03:08:58+00:00 | (272054 files, 10% size)
2026-06-01 03:09:08+00:00 | (272094 files, 10% size)
2026-06-01 03:09:18+00:00 | (272134 files, 10% size)
2026-06-01 03:09:28+00:00 | (272174 files, 10% size)
2026-06-01 03:09:38+00:00 | (272214 files, 10% size)
2026-06-01 03:09:48+00:00 | (272254 files, 10% size)
2026-06-01 03:09:58+00:00 | (272294 files, 10% size)
2026-06-01 03:10:08+00:00 | (272334 files, 10% size)
2026-06-01 03:10:18+00:00 | (272374 files, 10% size)
2026-06-01 03:10:28+00:00 | (272414 files, 10% size)
2026-06-01 03:10:38+00:00 | (272454 files, 10% size)
2026-06-01 03:10:48+00:00 | (272494 files, 10% size)
2026-06-01 03:10:58+00:00 | (272534 files, 10% size)
2026-06-01 03:11:08+00:00 | (272574 files, 10% size)
2026-06-01 03:11:18+00:00 | (272614 files, 10% size)
2026-06-01 03:11:28+00:00 | (272654 files, 10% size)
2026-06-01 03:11:38+00:00 | (272694 files, 10% size)
2026-06-01 03:11:48+00:00 | (272734 files, 10% size)
2026-06-01 03:11:58+00:00 | (272774 files, 10% size)
2026-06-01 03:12:08+00:00 | (272814 files, 10% size)
2026-06-01 03:12:18+00:00 | (272854 files, 10% size)
2026-06-01 03:12:28+00:00 | (272894 files, 10% size)
2026-06-01 03:12:38+00:00 | (272934 files, 10% size)
2026-06-01 03:12:48+00:00 | (272974 files, 10% size)
2026-06-01 03:12:58+00:00 | (273014 files, 10% size)
2026-06-01 03:13:08+00:00 | (273054 files, 10% size)
2026-06-01 03:13:18+00:00 | (273094 files, 10% size)
2026-06-01 03:13:28+00:00 | (273134 files, 10% size)
2026-06-01 03:13:38+00:00 | (273174 files, 10% size)
2026-06-01 03:13:48+00:00 | (273214 files, 10% size)
2026-06-01 03:13:58+00:00 | (273254 files, 10% size)
2026-06-01 03:14:08+00:00 | (273294 files, 10% size)
2026-06-01 03:14:18+00:00 | (273334 files, 10% size)
2026-06-01 03:14:28+00:00 | (273374 files, 10% size)
2026-06-01 03:14:38+00:00 | (273414 files, 10% size)
2026-06-01 03:14:48+00:00 | (273454 files, 10% size)
2026-06-01 03:14:58+00:00 | (273494 files, 10% size)
2026-06-01 03:15:08+00:00 | (273534 files, 10% size)
2026-06-01 03:15:18+00:00 | (273574 files, 10% size)
2026-06-01 03:15:28+00:00 | (273614 files, 10% size)
2026-06-01 03:15:38+00:00 | (273654 files, 10% size)
2026-06-01 03:15:48+00:00 | (273694 files, 10% size)
2026-06-01 03:15:58+00:00 | (273734 files, 10% size)
2026-06-01 03:16:08+00:00 | (273774 files, 10% size)
2026-06-01 03:16:18+00:00 | (273814 files, 10% size)
2026-06-01 03:16:28+00:00 | (273854 files, 10% size)
2026-06-01 03:16:38+00:00 | (273894 files, 10% size)
2026-06-01 03:16:48+00:00 | (273934 files, 10% size)
2026-06-01 03:16:58+00:00 | (273974 files, 10% size)
2026-06-01 03:17:08+00:00 | (274014 files, 10% size)
2026-06-01 03:17:18+00:00 | (274054 files, 10% size)
2026-06-01 03:17:28+00:00 | (274094 files, 10% size)
2026-06-01 03:17:38+00:00 | (274134 files, 10% size)
2026-06-01 03:17:48+00:00 | (274174 files, 10% size)
2026-06-01 03:17:58+00:00 | (274214 files, 10% size)
2026-06-01 03:18:08+00:00 | (274254 files, 10% size)
2026-06-01 03:18:18+00:00 | (274294 files, 10% size)
2026-06-01 03:18:28+00:00 | (274334 files, 10% size)
2026-06-01 03:18:38+00:00 | (274374 files, 10% size)
2026-06-01 03:18:48+00:00 | (274414 files, 10% size)
2026-06-01 03:18:58+00:00 | (274454 files, 10% size)
2026-06-01 03:19:08+00:00 | (274494 files, 11% size)
2026-06-01 03:19:18+00:00 | (274534 files, 11% size)
2026-06-01 03:19:28+00:00 | (274574 files, 11% size)
2026-06-01 03:19:38+00:00 | (274614 files, 11% size)
2026-06-01 03:19:48+00:00 | (274654 files, 11% size)
2026-06-01 03:19:58+00:00 | (274694 files, 11% size)
2026-06-01 03:20:08+00:00 | (274734 files, 11% size)
2026-06-01 03:20:18+00:00 | (274774 files, 11% size)
2026-06-01 03:20:28+00:00 | (274814 files, 11% size)
2026-06-01 03:20:38+00:00 | (274854 files, 11% size)
2026-06-01 03:20:48+00:00 | (274894 files, 11% size)
2026-06-01 03:20:58+00:00 | (274934 files, 11% size)
2026-06-01 03:21:08+00:00 | (274974 files, 11% size)
2026-06-01 03:21:18+00:00 | (275014 files, 11% size)
2026-06-01 03:21:28+00:00 | (275054 files, 11% size)
2026-06-01 03:21:38+00:00 | (275094 files, 11% size)
2026-06-01 03:21:48+00:00 | (275134 files, 11% size)
2026-06-01 03:21:58+00:00 | (275174 files, 11% size)
2026-06-01 03:22:08+00:00 | (275214 files, 11% size)
2026-06-01 03:22:18+00:00 | (275254 files, 11% size)
2026-06-01 03:22:28+00:00 | (275294 files, 11% size)
2026-06-01 03:22:38+00:00 | (275334 files, 11% size)
2026-06-01 03:22:48+00:00 | (275374 files, 11% size)
2026-06-01 03:22:58+00:00 | (275414 files, 11% size)
2026-06-01 03:23:08+00:00 | (275454 files, 11% size)
2026-06-01 03:23:18+00:00 | (275494 files, 11% size)
2026-06-01 03:23:28+00:00 | (275534 files, 11% size)
2026-06-01 03:23:38+00:00 | (275574 files, 11% size)
2026-06-01 03:23:48+00:00 | (275614 files, 11% size)
2026-06-01 03:23:58+00:00 | (275654 files, 11% size)
2026-06-01 03:24:08+00:00 | (275694 files, 11% size)
2026-06-01 03:24:18+00:00 | (275734 files, 11% size)
2026-06-01 03:24:28+00:00 | (275774 files, 11% size)
2026-06-01 03:24:38+00:00 | (275814 files, 11% size)
2026-06-01 03:24:48+00:00 | (275854 files, 11% size)
2026-06-01 03:24:58+00:00 | (275894 files, 11% size)
2026-06-01 03:25:08+00:00 | (275934 files, 11% size)
2026-06-01 03:25:18+00:00 | (275974 files, 11% size)
2026-06-01 03:25:28+00:00 | (276014 files, 11% size)
2026-06-01 03:25:38+00:00 | (276054 files, 11% size)
2026-06-01 03:25:48+00:00 | (276094 files, 11% size)
2026-06-01 03:25:58+00:00 | (276134 files, 11% size)
2026-06-01 03:26:08+00:00 | (276174 files, 11% size)
2026-06-01 03:26:18+00:00 | (276214 files, 11% size)
2026-06-01 03:26:28+00:00 | (276254 files, 11% size)
2026-06-01 03:26:38+00:00 | (276294 files, 11% size)
2026-06-01 03:26:48+00:00 | (276334 files, 11% size)
2026-06-01 03:26:58+00:00 | (276374 files, 11% size)
2026-06-01 03:27:08+00:00 | (276414 files, 11% size)
2026-06-01 03:27:28+00:00 | (276490 files, 11% size)
2026-06-01 03:27:38+00:00 | (276530 files, 11% size)
2026-06-01 03:27:48+00:00 | (276570 files, 11% size)
2026-06-01 03:27:58+00:00 | (276610 files, 11% size)
2026-06-01 03:28:08+00:00 | (276650 files, 11% size)
2026-06-01 03:28:18+00:00 | (276690 files, 11% size)
2026-06-01 03:28:28+00:00 | (276730 files, 11% size)
2026-06-01 03:28:38+00:00 | (276770 files, 11% size)
2026-06-01 03:28:48+00:00 | (276810 files, 11% size)
2026-06-01 03:28:58+00:00 | (276850 files, 11% size)
2026-06-01 03:29:08+00:00 | (276892 files, 11% size)
2026-06-01 03:29:18+00:00 | (276932 files, 11% size)
2026-06-01 03:29:28+00:00 | (276974 files, 11% size)
2026-06-01 03:29:38+00:00 | (277014 files, 11% size)
2026-06-01 03:29:48+00:00 | (277054 files, 11% size)
2026-06-01 03:29:58+00:00 | (277094 files, 11% size)
2026-06-01 03:30:08+00:00 | (277134 files, 11% size)
2026-06-01 03:30:18+00:00 | (277174 files, 11% size)
2026-06-01 03:30:28+00:00 | (277214 files, 11% size)
2026-06-01 03:30:38+00:00 | (277254 files, 11% size)
2026-06-01 03:30:48+00:00 | (277294 files, 11% size)
2026-06-01 03:30:58+00:00 | (277334 files, 11% size)
2026-06-01 03:31:08+00:00 | (277374 files, 11% size)
2026-06-01 03:31:18+00:00 | (277414 files, 11% size)
2026-06-01 03:31:28+00:00 | (277454 files, 11% size)
2026-06-01 03:31:38+00:00 | (277494 files, 11% size)
2026-06-01 03:31:48+00:00 | (277534 files, 11% size)
2026-06-01 03:31:58+00:00 | (277574 files, 11% size)
2026-06-01 03:32:08+00:00 | (277614 files, 11% size)
2026-06-01 03:32:18+00:00 | (277654 files, 11% size)
2026-06-01 03:32:28+00:00 | (277694 files, 11% size)
2026-06-01 03:32:38+00:00 | (277734 files, 11% size)
2026-06-01 03:32:48+00:00 | (277774 files, 11% size)
2026-06-01 03:32:58+00:00 | (277814 files, 11% size)
2026-06-01 03:33:08+00:00 | (277854 files, 11% size)
2026-06-01 03:33:18+00:00 | (277894 files, 11% size)
2026-06-01 03:33:28+00:00 | (277934 files, 11% size)
2026-06-01 03:33:38+00:00 | (277974 files, 11% size)
2026-06-01 03:33:48+00:00 | (278014 files, 11% size)
2026-06-01 03:33:58+00:00 | (278054 files, 11% size)
2026-06-01 03:34:08+00:00 | (278094 files, 11% size)
2026-06-01 03:34:18+00:00 | (278134 files, 11% size)
2026-06-01 03:34:28+00:00 | (278174 files, 11% size)
2026-06-01 03:34:38+00:00 | (278214 files, 11% size)
2026-06-01 03:34:48+00:00 | (278254 files, 11% size)
2026-06-01 03:34:58+00:00 | (278294 files, 11% size)
2026-06-01 03:35:08+00:00 | (278334 files, 11% size)
2026-06-01 03:35:18+00:00 | (278374 files, 11% size)
2026-06-01 03:35:28+00:00 | (278414 files, 11% size)
2026-06-01 03:35:38+00:00 | (278454 files, 11% size)
2026-06-01 03:35:48+00:00 | (278494 files, 11% size)
2026-06-01 03:35:58+00:00 | (278534 files, 11% size)
2026-06-01 03:36:08+00:00 | (278574 files, 11% size)
2026-06-01 03:36:18+00:00 | (278614 files, 11% size)
2026-06-01 03:36:28+00:00 | (278654 files, 11% size)
2026-06-01 03:36:38+00:00 | (278694 files, 11% size)
2026-06-01 03:36:48+00:00 | (278734 files, 11% size)
2026-06-01 03:36:58+00:00 | (278774 files, 11% size)
2026-06-01 03:37:08+00:00 | (278814 files, 11% size)
2026-06-01 03:37:18+00:00 | (278854 files, 11% size)
2026-06-01 03:37:28+00:00 | (278894 files, 11% size)
2026-06-01 03:37:38+00:00 | (278934 files, 11% size)
2026-06-01 03:37:48+00:00 | (278974 files, 11% size)
2026-06-01 03:37:58+00:00 | (279014 files, 11% size)
2026-06-01 03:38:08+00:00 | (279054 files, 11% size)
2026-06-01 03:38:18+00:00 | (279094 files, 11% size)
2026-06-01 03:38:28+00:00 | (279134 files, 11% size)
2026-06-01 03:38:38+00:00 | (279174 files, 11% size)
2026-06-01 03:38:48+00:00 | (279214 files, 11% size)
2026-06-01 03:38:58+00:00 | (279254 files, 11% size)
2026-06-01 03:39:08+00:00 | (279294 files, 11% size)
2026-06-01 03:39:18+00:00 | (279334 files, 11% size)
2026-06-01 03:39:28+00:00 | (279374 files, 11% size)
2026-06-01 03:39:38+00:00 | (279414 files, 11% size)
2026-06-01 03:39:48+00:00 | (279454 files, 11% size)
2026-06-01 03:39:58+00:00 | (279494 files, 11% size)
2026-06-01 03:40:08+00:00 | (279534 files, 11% size)
2026-06-01 03:40:18+00:00 | (279574 files, 11% size)
2026-06-01 03:40:28+00:00 | (279614 files, 11% size)
2026-06-01 03:40:38+00:00 | (279654 files, 11% size)
2026-06-01 03:40:48+00:00 | (279694 files, 11% size)
2026-06-01 03:40:58+00:00 | (279734 files, 11% size)
2026-06-01 03:41:08+00:00 | (279774 files, 11% size)
2026-06-01 03:41:18+00:00 | (279814 files, 11% size)
2026-06-01 03:41:28+00:00 | (279854 files, 11% size)
2026-06-01 03:41:38+00:00 | (279894 files, 11% size)
2026-06-01 03:41:48+00:00 | (279934 files, 11% size)
2026-06-01 03:41:58+00:00 | (279974 files, 11% size)
2026-06-01 03:42:08+00:00 | (280014 files, 11% size)
2026-06-01 03:42:18+00:00 | (280054 files, 11% size)
2026-06-01 03:42:28+00:00 | (280094 files, 11% size)
2026-06-01 03:42:38+00:00 | (280134 files, 11% size)
2026-06-01 03:42:48+00:00 | (280174 files, 11% size)
2026-06-01 03:42:58+00:00 | (280214 files, 11% size)
2026-06-01 03:43:08+00:00 | (280254 files, 11% size)
2026-06-01 03:43:18+00:00 | (280294 files, 11% size)
2026-06-01 03:43:28+00:00 | (280334 files, 11% size)
2026-06-01 03:43:38+00:00 | (280374 files, 11% size)
2026-06-01 03:43:48+00:00 | (280414 files, 11% size)
2026-06-01 03:43:58+00:00 | (280454 files, 11% size)
2026-06-01 03:44:08+00:00 | (280494 files, 11% size)
2026-06-01 03:44:18+00:00 | (280534 files, 11% size)
2026-06-01 03:44:28+00:00 | (280574 files, 11% size)
2026-06-01 03:44:38+00:00 | (280614 files, 11% size)
2026-06-01 03:44:48+00:00 | (280654 files, 11% size)
2026-06-01 03:44:58+00:00 | (280694 files, 11% size)
2026-06-01 03:45:08+00:00 | (280734 files, 11% size)
2026-06-01 03:45:18+00:00 | (280774 files, 11% size)
2026-06-01 03:45:28+00:00 | (280814 files, 11% size)
2026-06-01 03:45:38+00:00 | (280854 files, 11% size)
2026-06-01 03:45:48+00:00 | (280894 files, 11% size)
2026-06-01 03:45:58+00:00 | (280934 files, 11% size)
2026-06-01 03:46:08+00:00 | (280974 files, 11% size)
2026-06-01 03:46:18+00:00 | (281014 files, 11% size)
2026-06-01 03:46:28+00:00 | (281054 files, 11% size)
2026-06-01 03:46:38+00:00 | (281094 files, 11% size)
2026-06-01 03:46:48+00:00 | (281134 files, 11% size)
2026-06-01 03:46:58+00:00 | (281174 files, 11% size)
2026-06-01 03:47:08+00:00 | (281214 files, 11% size)
2026-06-01 03:47:18+00:00 | (281254 files, 11% size)
2026-06-01 03:47:28+00:00 | (281294 files, 11% size)
2026-06-01 03:47:38+00:00 | (281334 files, 11% size)
2026-06-01 03:47:48+00:00 | (281374 files, 11% size)
2026-06-01 03:47:58+00:00 | (281414 files, 11% size)
2026-06-01 03:48:08+00:00 | (281454 files, 11% size)
2026-06-01 03:48:18+00:00 | (281494 files, 11% size)
2026-06-01 03:48:28+00:00 | (281534 files, 11% size)
2026-06-01 03:48:38+00:00 | (281574 files, 11% size)
2026-06-01 03:48:48+00:00 | (281614 files, 11% size)
2026-06-01 03:48:58+00:00 | (281654 files, 11% size)
2026-06-01 03:49:08+00:00 | (281694 files, 11% size)
2026-06-01 03:49:18+00:00 | (281734 files, 11% size)
2026-06-01 03:49:28+00:00 | (281774 files, 11% size)
2026-06-01 03:49:38+00:00 | (281814 files, 11% size)
2026-06-01 03:49:48+00:00 | (281854 files, 11% size)
2026-06-01 03:49:58+00:00 | (281894 files, 11% size)
2026-06-01 03:50:08+00:00 | (281934 files, 11% size)
2026-06-01 03:50:18+00:00 | (281974 files, 11% size)
2026-06-01 03:50:28+00:00 | (282014 files, 11% size)
2026-06-01 03:50:38+00:00 | (282054 files, 11% size)
2026-06-01 03:50:48+00:00 | (282094 files, 11% size)
2026-06-01 03:50:58+00:00 | (282134 files, 11% size)
2026-06-01 03:51:08+00:00 | (282174 files, 11% size)
2026-06-01 03:51:18+00:00 | (282214 files, 11% size)
2026-06-01 03:51:28+00:00 | (282254 files, 11% size)
2026-06-01 03:51:38+00:00 | (282294 files, 11% size)
2026-06-01 03:51:48+00:00 | (282334 files, 11% size)
2026-06-01 03:51:58+00:00 | (282374 files, 11% size)
2026-06-01 03:52:08+00:00 | (282414 files, 11% size)
2026-06-01 03:52:18+00:00 | (282454 files, 11% size)
2026-06-01 03:52:28+00:00 | (282494 files, 11% size)
2026-06-01 03:52:38+00:00 | (282534 files, 11% size)
2026-06-01 03:52:48+00:00 | (282574 files, 11% size)
2026-06-01 03:52:58+00:00 | (282614 files, 11% size)
2026-06-01 03:53:08+00:00 | (282654 files, 11% size)
2026-06-01 03:53:18+00:00 | (282694 files, 11% size)
2026-06-01 03:53:28+00:00 | (282734 files, 11% size)
2026-06-01 03:53:38+00:00 | (282774 files, 11% size)
2026-06-01 03:53:48+00:00 | (282814 files, 11% size)
2026-06-01 03:53:58+00:00 | (282854 files, 11% size)
2026-06-01 03:54:08+00:00 | (282894 files, 11% size)
2026-06-01 03:54:18+00:00 | (282934 files, 11% size)
2026-06-01 03:54:28+00:00 | (282974 files, 11% size)
2026-06-01 03:54:38+00:00 | (283014 files, 11% size)
2026-06-01 03:54:48+00:00 | (283054 files, 11% size)
2026-06-01 03:54:58+00:00 | (283094 files, 11% size)
2026-06-01 03:55:08+00:00 | (283134 files, 11% size)
2026-06-01 03:55:18+00:00 | (283174 files, 11% size)
2026-06-01 03:55:28+00:00 | (283214 files, 11% size)
2026-06-01 03:55:38+00:00 | (283254 files, 11% size)
2026-06-01 03:55:48+00:00 | (283294 files, 11% size)
2026-06-01 03:55:58+00:00 | (283334 files, 11% size)
2026-06-01 03:56:08+00:00 | (283374 files, 11% size)
2026-06-01 03:56:18+00:00 | (283414 files, 11% size)
2026-06-01 03:56:28+00:00 | (283454 files, 11% size)
2026-06-01 03:56:38+00:00 | (283494 files, 11% size)
2026-06-01 03:56:48+00:00 | (283534 files, 11% size)
2026-06-01 03:56:58+00:00 | (283574 files, 11% size)
2026-06-01 03:57:08+00:00 | (283614 files, 11% size)
2026-06-01 03:57:18+00:00 | (283654 files, 11% size)
2026-06-01 03:57:28+00:00 | (283694 files, 11% size)
2026-06-01 03:57:38+00:00 | (283734 files, 11% size)
2026-06-01 03:57:48+00:00 | (283774 files, 11% size)
2026-06-01 03:57:58+00:00 | (283814 files, 11% size)
2026-06-01 03:58:08+00:00 | (283854 files, 11% size)
2026-06-01 03:58:18+00:00 | (283894 files, 11% size)
2026-06-01 03:58:28+00:00 | (283934 files, 11% size)
2026-06-01 03:58:38+00:00 | (283974 files, 11% size)
2026-06-01 03:58:48+00:00 | (284014 files, 11% size)
2026-06-01 03:58:58+00:00 | (284054 files, 11% size)
2026-06-01 03:59:08+00:00 | (284094 files, 11% size)
2026-06-01 03:59:18+00:00 | (284134 files, 11% size)
2026-06-01 03:59:28+00:00 | (284174 files, 11% size)
2026-06-01 03:59:38+00:00 | (284214 files, 11% size)
2026-06-01 03:59:48+00:00 | (284254 files, 11% size)
2026-06-01 03:59:58+00:00 | (284294 files, 11% size)
2026-06-01 04:00:08+00:00 | (284334 files, 11% size)
2026-06-01 04:00:18+00:00 | (284374 files, 11% size)
2026-06-01 04:00:28+00:00 | (284414 files, 11% size)
2026-06-01 04:00:38+00:00 | (284454 files, 11% size)
2026-06-01 04:00:48+00:00 | (284494 files, 11% size)
2026-06-01 04:00:58+00:00 | (284534 files, 11% size)
2026-06-01 04:01:08+00:00 | (284574 files, 11% size)
2026-06-01 04:01:18+00:00 | (284614 files, 11% size)
2026-06-01 04:01:28+00:00 | (284654 files, 11% size)
2026-06-01 04:01:38+00:00 | (284694 files, 11% size)
2026-06-01 04:01:48+00:00 | (284734 files, 11% size)
2026-06-01 04:01:58+00:00 | (284774 files, 11% size)
2026-06-01 04:02:08+00:00 | (284814 files, 11% size)
2026-06-01 04:02:18+00:00 | (284854 files, 11% size)
2026-06-01 04:02:28+00:00 | (284894 files, 11% size)
2026-06-01 04:02:38+00:00 | (284934 files, 11% size)
2026-06-01 04:02:48+00:00 | (284974 files, 11% size)
2026-06-01 04:02:58+00:00 | (285014 files, 11% size)
2026-06-01 04:03:08+00:00 | (285054 files, 11% size)
2026-06-01 04:03:18+00:00 | (285094 files, 11% size)
2026-06-01 04:03:28+00:00 | (285134 files, 11% size)
2026-06-01 04:03:38+00:00 | (285174 files, 11% size)
2026-06-01 04:03:48+00:00 | (285214 files, 11% size)
2026-06-01 04:03:58+00:00 | (285254 files, 11% size)
2026-06-01 04:04:08+00:00 | (285294 files, 11% size)
2026-06-01 04:04:18+00:00 | (285334 files, 11% size)
2026-06-01 04:04:28+00:00 | (285374 files, 11% size)
2026-06-01 04:04:38+00:00 | (285414 files, 11% size)
2026-06-01 04:04:48+00:00 | (285454 files, 11% size)
2026-06-01 04:04:58+00:00 | (285494 files, 11% size)
2026-06-01 04:05:08+00:00 | (285534 files, 11% size)
2026-06-01 04:05:18+00:00 | (285574 files, 11% size)
2026-06-01 04:05:28+00:00 | (285614 files, 11% size)
2026-06-01 04:05:38+00:00 | (285654 files, 11% size)
2026-06-01 04:05:48+00:00 | (285694 files, 11% size)
2026-06-01 04:05:58+00:00 | (285734 files, 11% size)
2026-06-01 04:06:08+00:00 | (285774 files, 11% size)
2026-06-01 04:06:18+00:00 | (285814 files, 11% size)
2026-06-01 04:06:28+00:00 | (285854 files, 11% size)
2026-06-01 04:06:38+00:00 | (285894 files, 11% size)
2026-06-01 04:06:48+00:00 | (285934 files, 11% size)
2026-06-01 04:06:58+00:00 | (285974 files, 11% size)
2026-06-01 04:07:08+00:00 | (286014 files, 11% size)
2026-06-01 04:07:18+00:00 | (286054 files, 11% size)
2026-06-01 04:07:28+00:00 | (286094 files, 11% size)
2026-06-01 04:07:38+00:00 | (286134 files, 11% size)
2026-06-01 04:07:48+00:00 | (286174 files, 11% size)
2026-06-01 04:07:58+00:00 | (286214 files, 11% size)
2026-06-01 04:08:08+00:00 | (286254 files, 11% size)
2026-06-01 04:08:18+00:00 | (286294 files, 11% size)
2026-06-01 04:08:28+00:00 | (286334 files, 11% size)
2026-06-01 04:08:38+00:00 | (286374 files, 11% size)
2026-06-01 04:08:48+00:00 | (286414 files, 11% size)
2026-06-01 04:08:58+00:00 | (286454 files, 11% size)
2026-06-01 04:09:08+00:00 | (286494 files, 11% size)
2026-06-01 04:09:18+00:00 | (286534 files, 11% size)
2026-06-01 04:09:28+00:00 | (286574 files, 11% size)
2026-06-01 04:09:38+00:00 | (286614 files, 11% size)
2026-06-01 04:09:48+00:00 | (286654 files, 11% size)
2026-06-01 04:09:58+00:00 | (286694 files, 11% size)
2026-06-01 04:10:08+00:00 | (286734 files, 11% size)
2026-06-01 04:10:18+00:00 | (286774 files, 11% size)
2026-06-01 04:10:28+00:00 | (286814 files, 11% size)
2026-06-01 04:10:38+00:00 | (286854 files, 11% size)
2026-06-01 04:10:48+00:00 | (286894 files, 11% size)
2026-06-01 04:10:58+00:00 | (286934 files, 11% size)
2026-06-01 04:11:08+00:00 | (286974 files, 11% size)
2026-06-01 04:11:18+00:00 | (287014 files, 11% size)
2026-06-01 04:11:28+00:00 | (287054 files, 11% size)
2026-06-01 04:11:38+00:00 | (287094 files, 11% size)
2026-06-01 04:11:48+00:00 | (287134 files, 11% size)
2026-06-01 04:11:58+00:00 | (287174 files, 11% size)
2026-06-01 04:12:08+00:00 | (287214 files, 11% size)
2026-06-01 04:12:18+00:00 | (287254 files, 11% size)
2026-06-01 04:12:28+00:00 | (287294 files, 11% size)
2026-06-01 04:12:38+00:00 | (287334 files, 11% size)
2026-06-01 04:12:48+00:00 | (287374 files, 11% size)
2026-06-01 04:12:58+00:00 | (287414 files, 11% size)
2026-06-01 04:13:08+00:00 | (287454 files, 11% size)
2026-06-01 04:13:18+00:00 | (287494 files, 11% size)
2026-06-01 04:13:28+00:00 | (287534 files, 11% size)
2026-06-01 04:13:38+00:00 | (287574 files, 11% size)
2026-06-01 04:13:48+00:00 | (287614 files, 11% size)
2026-06-01 04:13:58+00:00 | (287654 files, 11% size)
2026-06-01 04:14:08+00:00 | (287694 files, 11% size)
2026-06-01 04:14:18+00:00 | (287734 files, 11% size)
2026-06-01 04:14:28+00:00 | (287774 files, 11% size)
2026-06-01 04:14:38+00:00 | (287814 files, 11% size)
2026-06-01 04:14:48+00:00 | (287854 files, 11% size)
2026-06-01 04:14:58+00:00 | (287894 files, 11% size)
2026-06-01 04:15:08+00:00 | (287934 files, 11% size)
2026-06-01 04:15:18+00:00 | (287974 files, 11% size)
2026-06-01 04:15:28+00:00 | (288014 files, 11% size)
2026-06-01 04:15:38+00:00 | (288054 files, 11% size)
2026-06-01 04:15:48+00:00 | (288094 files, 11% size)
2026-06-01 04:15:58+00:00 | (288134 files, 11% size)
2026-06-01 04:16:08+00:00 | (288174 files, 11% size)
2026-06-01 04:16:18+00:00 | (288214 files, 11% size)
2026-06-01 04:16:28+00:00 | (288254 files, 11% size)
2026-06-01 04:16:38+00:00 | (288294 files, 11% size)
2026-06-01 04:16:48+00:00 | (288334 files, 11% size)
2026-06-01 04:16:58+00:00 | (288374 files, 11% size)
2026-06-01 04:17:08+00:00 | (288414 files, 11% size)
2026-06-01 04:17:18+00:00 | (288454 files, 11% size)
2026-06-01 04:17:28+00:00 | (288494 files, 11% size)
2026-06-01 04:17:38+00:00 | (288534 files, 11% size)
2026-06-01 04:17:48+00:00 | (288574 files, 11% size)
2026-06-01 04:17:58+00:00 | (288614 files, 11% size)
2026-06-01 04:18:08+00:00 | (288654 files, 11% size)
2026-06-01 04:18:18+00:00 | (288694 files, 11% size)
2026-06-01 04:18:28+00:00 | (288734 files, 11% size)
2026-06-01 04:18:38+00:00 | (288774 files, 11% size)
2026-06-01 04:18:48+00:00 | (288814 files, 11% size)
2026-06-01 04:18:58+00:00 | (288854 files, 11% size)
2026-06-01 04:19:08+00:00 | (288894 files, 11% size)
2026-06-01 04:19:18+00:00 | (288934 files, 11% size)
2026-06-01 04:19:28+00:00 | (288974 files, 11% size)
2026-06-01 04:19:38+00:00 | (289014 files, 11% size)
2026-06-01 04:19:48+00:00 | (289054 files, 11% size)
2026-06-01 04:19:58+00:00 | (289094 files, 11% size)
2026-06-01 04:20:08+00:00 | (289134 files, 11% size)
2026-06-01 04:20:18+00:00 | (289174 files, 11% size)
2026-06-01 04:20:28+00:00 | (289214 files, 11% size)
2026-06-01 04:20:38+00:00 | (289254 files, 11% size)
2026-06-01 04:20:48+00:00 | (289294 files, 11% size)
2026-06-01 04:20:58+00:00 | (289334 files, 11% size)
2026-06-01 04:21:08+00:00 | (289374 files, 11% size)
2026-06-01 04:21:18+00:00 | (289414 files, 11% size)
2026-06-01 04:21:28+00:00 | (289454 files, 11% size)
2026-06-01 04:21:38+00:00 | (289494 files, 11% size)
2026-06-01 04:21:48+00:00 | (289534 files, 11% size)
2026-06-01 04:21:58+00:00 | (289574 files, 11% size)
2026-06-01 04:22:08+00:00 | (289614 files, 11% size)
2026-06-01 04:22:18+00:00 | (289654 files, 11% size)
2026-06-01 04:22:28+00:00 | (289694 files, 11% size)
2026-06-01 04:22:38+00:00 | (289734 files, 11% size)
2026-06-01 04:22:48+00:00 | (289774 files, 11% size)
2026-06-01 04:22:58+00:00 | (289814 files, 11% size)
2026-06-01 04:23:08+00:00 | (289854 files, 11% size)
2026-06-01 04:23:18+00:00 | (289894 files, 11% size)
2026-06-01 04:23:28+00:00 | (289934 files, 11% size)
2026-06-01 04:23:38+00:00 | (289974 files, 11% size)
2026-06-01 04:23:48+00:00 | (290014 files, 11% size)
2026-06-01 04:23:58+00:00 | (290054 files, 11% size)
2026-06-01 04:24:08+00:00 | (290094 files, 11% size)
2026-06-01 04:24:18+00:00 | (290134 files, 11% size)
2026-06-01 04:24:28+00:00 | (290174 files, 11% size)
2026-06-01 04:24:38+00:00 | (290214 files, 11% size)
2026-06-01 04:24:48+00:00 | (290254 files, 11% size)
2026-06-01 04:24:58+00:00 | (290294 files, 11% size)
2026-06-01 04:25:08+00:00 | (290334 files, 11% size)
2026-06-01 04:25:18+00:00 | (290374 files, 11% size)
2026-06-01 04:25:28+00:00 | (290414 files, 11% size)
2026-06-01 04:25:38+00:00 | (290454 files, 11% size)
2026-06-01 04:25:48+00:00 | (290494 files, 11% size)
2026-06-01 04:25:58+00:00 | (290534 files, 11% size)
2026-06-01 04:26:08+00:00 | (290574 files, 11% size)
2026-06-01 04:26:18+00:00 | (290614 files, 11% size)
2026-06-01 04:26:28+00:00 | (290654 files, 11% size)
2026-06-01 04:26:38+00:00 | (290694 files, 11% size)
2026-06-01 04:26:48+00:00 | (290734 files, 11% size)
2026-06-01 04:26:58+00:00 | (290774 files, 11% size)
2026-06-01 04:27:08+00:00 | (290814 files, 11% size)
2026-06-01 04:27:18+00:00 | (290854 files, 11% size)
2026-06-01 04:27:28+00:00 | (290894 files, 11% size)
2026-06-01 04:27:38+00:00 | (290934 files, 11% size)
2026-06-01 04:27:48+00:00 | (290974 files, 11% size)
2026-06-01 04:27:58+00:00 | (291014 files, 11% size)
2026-06-01 04:28:08+00:00 | (291054 files, 11% size)
2026-06-01 04:28:18+00:00 | (291094 files, 11% size)
2026-06-01 04:28:28+00:00 | (291134 files, 11% size)
2026-06-01 04:28:38+00:00 | (291174 files, 11% size)
2026-06-01 04:28:48+00:00 | (291214 files, 11% size)
2026-06-01 04:28:58+00:00 | (291254 files, 11% size)
2026-06-01 04:29:08+00:00 | (291294 files, 11% size)
2026-06-01 04:29:18+00:00 | (291334 files, 11% size)
2026-06-01 04:29:28+00:00 | (291374 files, 11% size)
2026-06-01 04:29:38+00:00 | (291414 files, 11% size)
2026-06-01 04:29:48+00:00 | (291454 files, 11% size)
2026-06-01 04:29:58+00:00 | (291494 files, 11% size)
2026-06-01 04:30:08+00:00 | (291534 files, 11% size)
2026-06-01 04:30:18+00:00 | (291574 files, 11% size)
2026-06-01 04:30:28+00:00 | (291614 files, 11% size)
2026-06-01 04:30:38+00:00 | (291654 files, 11% size)
2026-06-01 04:30:48+00:00 | (291694 files, 11% size)
2026-06-01 04:30:58+00:00 | (291734 files, 11% size)
2026-06-01 04:31:08+00:00 | (291774 files, 11% size)
2026-06-01 04:31:18+00:00 | (291814 files, 11% size)
2026-06-01 04:31:28+00:00 | (291854 files, 11% size)
2026-06-01 04:31:38+00:00 | (291894 files, 11% size)
2026-06-01 04:31:48+00:00 | (291934 files, 11% size)
2026-06-01 04:31:58+00:00 | (291974 files, 11% size)
2026-06-01 04:32:08+00:00 | (292014 files, 11% size)
2026-06-01 04:32:18+00:00 | (292054 files, 11% size)
2026-06-01 04:32:28+00:00 | (292094 files, 11% size)
2026-06-01 04:32:38+00:00 | (292134 files, 11% size)
2026-06-01 04:32:48+00:00 | (292174 files, 11% size)
2026-06-01 04:32:58+00:00 | (292214 files, 11% size)
2026-06-01 04:33:08+00:00 | (292254 files, 11% size)
2026-06-01 04:33:18+00:00 | (292294 files, 11% size)
2026-06-01 04:33:28+00:00 | (292334 files, 11% size)
2026-06-01 04:33:38+00:00 | (292374 files, 11% size)
2026-06-01 04:33:48+00:00 | (292414 files, 11% size)
2026-06-01 04:33:58+00:00 | (292454 files, 11% size)
2026-06-01 04:34:08+00:00 | (292494 files, 11% size)
2026-06-01 04:34:18+00:00 | (292534 files, 11% size)
2026-06-01 04:34:28+00:00 | (292574 files, 11% size)
2026-06-01 04:34:38+00:00 | (292614 files, 11% size)
2026-06-01 04:34:48+00:00 | (292654 files, 11% size)
2026-06-01 04:34:58+00:00 | (292694 files, 11% size)
2026-06-01 04:35:08+00:00 | (292734 files, 11% size)
2026-06-01 04:35:18+00:00 | (292774 files, 11% size)
2026-06-01 04:35:28+00:00 | (292814 files, 11% size)
2026-06-01 04:35:38+00:00 | (292854 files, 11% size)
2026-06-01 04:35:48+00:00 | (292894 files, 11% size)
2026-06-01 04:35:58+00:00 | (292934 files, 11% size)
2026-06-01 04:36:08+00:00 | (292974 files, 11% size)
2026-06-01 04:36:18+00:00 | (293014 files, 11% size)
2026-06-01 04:36:28+00:00 | (293054 files, 11% size)
2026-06-01 04:36:38+00:00 | (293094 files, 11% size)
2026-06-01 04:36:48+00:00 | (293134 files, 11% size)
2026-06-01 04:36:58+00:00 | (293174 files, 11% size)
2026-06-01 04:37:08+00:00 | (293214 files, 11% size)
2026-06-01 04:37:18+00:00 | (293254 files, 11% size)
2026-06-01 04:37:28+00:00 | (293294 files, 11% size)
2026-06-01 04:37:38+00:00 | (293334 files, 11% size)
2026-06-01 04:37:48+00:00 | (293374 files, 11% size)
2026-06-01 04:37:58+00:00 | (293414 files, 11% size)
2026-06-01 04:38:08+00:00 | (293454 files, 11% size)
2026-06-01 04:38:18+00:00 | (293494 files, 11% size)
2026-06-01 04:38:28+00:00 | (293534 files, 11% size)
2026-06-01 04:38:38+00:00 | (293574 files, 11% size)
2026-06-01 04:38:48+00:00 | (293614 files, 11% size)
2026-06-01 04:38:58+00:00 | (293654 files, 11% size)
2026-06-01 04:39:08+00:00 | (293694 files, 11% size)
2026-06-01 04:39:18+00:00 | (293734 files, 11% size)
2026-06-01 04:39:28+00:00 | (293774 files, 11% size)
2026-06-01 04:39:38+00:00 | (293814 files, 11% size)
2026-06-01 04:39:48+00:00 | (293854 files, 11% size)
2026-06-01 04:39:58+00:00 | (293894 files, 11% size)
2026-06-01 04:40:08+00:00 | (293934 files, 11% size)
2026-06-01 04:40:18+00:00 | (293974 files, 11% size)
2026-06-01 04:40:28+00:00 | (294014 files, 11% size)
2026-06-01 04:40:38+00:00 | (294054 files, 11% size)
2026-06-01 04:40:48+00:00 | (294094 files, 11% size)
2026-06-01 04:40:58+00:00 | (294134 files, 11% size)
2026-06-01 04:41:08+00:00 | (294174 files, 11% size)
2026-06-01 04:41:18+00:00 | (294214 files, 11% size)
2026-06-01 04:41:28+00:00 | (294254 files, 11% size)
2026-06-01 04:41:38+00:00 | (294294 files, 11% size)
2026-06-01 04:41:48+00:00 | (294334 files, 11% size)
2026-06-01 04:41:58+00:00 | (294374 files, 11% size)
2026-06-01 04:42:08+00:00 | (294414 files, 11% size)
2026-06-01 04:42:18+00:00 | (294454 files, 11% size)
2026-06-01 04:42:28+00:00 | (294494 files, 11% size)
2026-06-01 04:42:38+00:00 | (294534 files, 11% size)
2026-06-01 04:42:48+00:00 | (294574 files, 11% size)
2026-06-01 04:42:58+00:00 | (294614 files, 11% size)
2026-06-01 04:43:08+00:00 | (294654 files, 11% size)
2026-06-01 04:43:18+00:00 | (294694 files, 11% size)
2026-06-01 04:43:28+00:00 | (294734 files, 11% size)
2026-06-01 04:43:38+00:00 | (294774 files, 11% size)
2026-06-01 04:43:48+00:00 | (294814 files, 11% size)
2026-06-01 04:43:58+00:00 | (294854 files, 11% size)
2026-06-01 04:44:08+00:00 | (294894 files, 11% size)
2026-06-01 04:44:18+00:00 | (294934 files, 11% size)
2026-06-01 04:44:28+00:00 | (294974 files, 11% size)
2026-06-01 04:44:38+00:00 | (295014 files, 11% size)
2026-06-01 04:44:48+00:00 | (295054 files, 11% size)
2026-06-01 04:44:58+00:00 | (295094 files, 11% size)
2026-06-01 04:45:08+00:00 | (295134 files, 11% size)
2026-06-01 04:45:18+00:00 | (295174 files, 11% size)
2026-06-01 04:45:28+00:00 | (295214 files, 11% size)
2026-06-01 04:45:38+00:00 | (295254 files, 11% size)
2026-06-01 04:45:48+00:00 | (295294 files, 11% size)
2026-06-01 04:45:58+00:00 | (295334 files, 11% size)
2026-06-01 04:46:08+00:00 | (295374 files, 11% size)
2026-06-01 04:46:18+00:00 | (295414 files, 11% size)
2026-06-01 04:46:28+00:00 | (295454 files, 11% size)
2026-06-01 04:46:38+00:00 | (295494 files, 11% size)
2026-06-01 04:46:48+00:00 | (295534 files, 11% size)
2026-06-01 04:46:58+00:00 | (295574 files, 11% size)
2026-06-01 04:47:08+00:00 | (295614 files, 11% size)
2026-06-01 04:47:18+00:00 | (295654 files, 11% size)
2026-06-01 04:47:28+00:00 | (295694 files, 11% size)
2026-06-01 04:47:38+00:00 | (295734 files, 11% size)
2026-06-01 04:47:48+00:00 | (295774 files, 11% size)
2026-06-01 04:47:58+00:00 | (295814 files, 11% size)
2026-06-01 04:48:08+00:00 | (295854 files, 11% size)
2026-06-01 04:48:18+00:00 | (295894 files, 11% size)
2026-06-01 04:48:28+00:00 | (295934 files, 11% size)
2026-06-01 04:48:38+00:00 | (295974 files, 11% size)
2026-06-01 04:48:48+00:00 | (296014 files, 11% size)
2026-06-01 04:48:58+00:00 | (296054 files, 11% size)
2026-06-01 04:49:08+00:00 | (296094 files, 11% size)
2026-06-01 04:49:18+00:00 | (296134 files, 11% size)
2026-06-01 04:49:28+00:00 | (296174 files, 11% size)
2026-06-01 04:49:38+00:00 | (296214 files, 11% size)
2026-06-01 04:49:48+00:00 | (296254 files, 11% size)
2026-06-01 04:49:58+00:00 | (296294 files, 11% size)
2026-06-01 04:50:08+00:00 | (296334 files, 11% size)
2026-06-01 04:50:18+00:00 | (296374 files, 11% size)
2026-06-01 04:50:28+00:00 | (296414 files, 11% size)
2026-06-01 04:50:38+00:00 | (296454 files, 11% size)
2026-06-01 04:50:48+00:00 | (296494 files, 11% size)
2026-06-01 04:50:58+00:00 | (296534 files, 11% size)
2026-06-01 04:51:08+00:00 | (296574 files, 11% size)
2026-06-01 04:51:18+00:00 | (296614 files, 11% size)
2026-06-01 04:51:28+00:00 | (296654 files, 11% size)
2026-06-01 04:51:38+00:00 | (296694 files, 11% size)
2026-06-01 04:51:48+00:00 | (296734 files, 11% size)
2026-06-01 04:51:58+00:00 | (296774 files, 11% size)
2026-06-01 04:52:08+00:00 | (296814 files, 11% size)
2026-06-01 04:52:18+00:00 | (296854 files, 11% size)
2026-06-01 04:52:28+00:00 | (296894 files, 11% size)
2026-06-01 04:52:38+00:00 | (296934 files, 11% size)
2026-06-01 04:52:48+00:00 | (296974 files, 11% size)
2026-06-01 04:52:58+00:00 | (297014 files, 11% size)
2026-06-01 04:53:08+00:00 | (297054 files, 11% size)
2026-06-01 04:53:18+00:00 | (297094 files, 11% size)
2026-06-01 04:53:28+00:00 | (297134 files, 11% size)
2026-06-01 04:53:38+00:00 | (297174 files, 11% size)
2026-06-01 04:53:48+00:00 | (297214 files, 11% size)
2026-06-01 04:53:58+00:00 | (297254 files, 11% size)
2026-06-01 04:54:08+00:00 | (297294 files, 11% size)
2026-06-01 04:54:18+00:00 | (297334 files, 11% size)
2026-06-01 04:54:28+00:00 | (297374 files, 11% size)
2026-06-01 04:54:38+00:00 | (297414 files, 11% size)
2026-06-01 04:54:48+00:00 | (297454 files, 11% size)
2026-06-01 04:54:58+00:00 | (297494 files, 11% size)
2026-06-01 04:55:08+00:00 | (297534 files, 11% size)
2026-06-01 04:55:18+00:00 | (297574 files, 11% size)
2026-06-01 04:55:28+00:00 | (297614 files, 11% size)
2026-06-01 04:55:38+00:00 | (297654 files, 11% size)
2026-06-01 04:55:48+00:00 | (297694 files, 11% size)
2026-06-01 04:55:58+00:00 | (297734 files, 11% size)
2026-06-01 04:56:08+00:00 | (297774 files, 11% size)
2026-06-01 04:56:18+00:00 | (297814 files, 11% size)
2026-06-01 04:56:28+00:00 | (297854 files, 11% size)
2026-06-01 04:56:38+00:00 | (297894 files, 11% size)
2026-06-01 04:56:48+00:00 | (297934 files, 11% size)
2026-06-01 04:56:58+00:00 | (297974 files, 11% size)
2026-06-01 04:57:08+00:00 | (298014 files, 11% size)
2026-06-01 04:57:18+00:00 | (298054 files, 11% size)
2026-06-01 04:57:28+00:00 | (298094 files, 11% size)
2026-06-01 04:57:38+00:00 | (298134 files, 11% size)
2026-06-01 04:57:48+00:00 | (298174 files, 11% size)
2026-06-01 04:57:58+00:00 | (298214 files, 11% size)
2026-06-01 04:58:08+00:00 | (298254 files, 11% size)
2026-06-01 04:58:18+00:00 | (298294 files, 11% size)
2026-06-01 04:58:28+00:00 | (298334 files, 11% size)
2026-06-01 04:58:38+00:00 | (298374 files, 11% size)
2026-06-01 04:58:48+00:00 | (298414 files, 11% size)
2026-06-01 04:58:58+00:00 | (298454 files, 11% size)
2026-06-01 04:59:08+00:00 | (298494 files, 11% size)
2026-06-01 04:59:18+00:00 | (298534 files, 11% size)
2026-06-01 04:59:28+00:00 | (298574 files, 11% size)
2026-06-01 04:59:38+00:00 | (298614 files, 11% size)
2026-06-01 04:59:48+00:00 | (298654 files, 11% size)
2026-06-01 04:59:58+00:00 | (298694 files, 11% size)
2026-06-01 05:00:08+00:00 | (298734 files, 11% size)
2026-06-01 05:00:18+00:00 | (298774 files, 11% size)
2026-06-01 05:00:28+00:00 | (298814 files, 11% size)
2026-06-01 05:00:38+00:00 | (298854 files, 11% size)
2026-06-01 05:00:48+00:00 | (298894 files, 11% size)
2026-06-01 05:00:58+00:00 | (298934 files, 11% size)
2026-06-01 05:01:08+00:00 | (298974 files, 11% size)
2026-06-01 05:01:18+00:00 | (299014 files, 11% size)
2026-06-01 05:01:28+00:00 | (299054 files, 11% size)
2026-06-01 05:01:38+00:00 | (299094 files, 11% size)
2026-06-01 05:01:48+00:00 | (299134 files, 11% size)
2026-06-01 05:01:58+00:00 | (299174 files, 11% size)
2026-06-01 05:02:08+00:00 | (299214 files, 11% size)
2026-06-01 05:02:18+00:00 | (299254 files, 11% size)
2026-06-01 05:02:28+00:00 | (299294 files, 11% size)
2026-06-01 05:02:38+00:00 | (299334 files, 11% size)
2026-06-01 05:02:48+00:00 | (299374 files, 11% size)
2026-06-01 05:02:58+00:00 | (299414 files, 11% size)
2026-06-01 05:03:08+00:00 | (299454 files, 12% size)
2026-06-01 05:03:18+00:00 | (299494 files, 12% size)
2026-06-01 05:03:28+00:00 | (299534 files, 12% size)
2026-06-01 05:03:38+00:00 | (299574 files, 12% size)
2026-06-01 05:03:48+00:00 | (299614 files, 12% size)
2026-06-01 05:03:58+00:00 | (299654 files, 12% size)
2026-06-01 05:04:08+00:00 | (299694 files, 12% size)
2026-06-01 05:04:18+00:00 | (299734 files, 12% size)
2026-06-01 05:04:28+00:00 | (299774 files, 12% size)
2026-06-01 05:04:38+00:00 | (299814 files, 12% size)
2026-06-01 05:04:48+00:00 | (299854 files, 12% size)
2026-06-01 05:04:58+00:00 | (299894 files, 12% size)
2026-06-01 05:05:08+00:00 | (299934 files, 12% size)
2026-06-01 05:05:18+00:00 | (299974 files, 12% size)
2026-06-01 05:05:28+00:00 | (300014 files, 12% size)
2026-06-01 05:05:38+00:00 | (300054 files, 12% size)
2026-06-01 05:05:48+00:00 | (300094 files, 12% size)
2026-06-01 05:05:58+00:00 | (300134 files, 12% size)
2026-06-01 05:06:08+00:00 | (300174 files, 12% size)
2026-06-01 05:06:18+00:00 | (300214 files, 12% size)
2026-06-01 05:06:28+00:00 | (300254 files, 12% size)
2026-06-01 05:06:38+00:00 | (300294 files, 12% size)
2026-06-01 05:06:48+00:00 | (300334 files, 12% size)
2026-06-01 05:06:58+00:00 | (300374 files, 12% size)
2026-06-01 05:07:08+00:00 | (300414 files, 12% size)
2026-06-01 05:07:18+00:00 | (300454 files, 12% size)
2026-06-01 05:07:28+00:00 | (300494 files, 12% size)
2026-06-01 05:07:38+00:00 | (300534 files, 12% size)
2026-06-01 05:07:48+00:00 | (300574 files, 12% size)
2026-06-01 05:07:58+00:00 | (300614 files, 12% size)
2026-06-01 05:08:08+00:00 | (300654 files, 12% size)
2026-06-01 05:08:18+00:00 | (300694 files, 12% size)
2026-06-01 05:08:28+00:00 | (300734 files, 12% size)
2026-06-01 05:08:38+00:00 | (300774 files, 12% size)
2026-06-01 05:08:48+00:00 | (300814 files, 12% size)
2026-06-01 05:08:58+00:00 | (300854 files, 12% size)
2026-06-01 05:09:08+00:00 | (300894 files, 12% size)
2026-06-01 05:09:18+00:00 | (300934 files, 12% size)
2026-06-01 05:09:28+00:00 | (300974 files, 12% size)
2026-06-01 05:09:38+00:00 | (301014 files, 12% size)
2026-06-01 05:09:48+00:00 | (301054 files, 12% size)
2026-06-01 05:09:58+00:00 | (301094 files, 12% size)
2026-06-01 05:10:08+00:00 | (301134 files, 12% size)
2026-06-01 05:10:18+00:00 | (301174 files, 12% size)
2026-06-01 05:10:28+00:00 | (301214 files, 12% size)
2026-06-01 05:10:38+00:00 | (301254 files, 12% size)
2026-06-01 05:10:48+00:00 | (301294 files, 12% size)
2026-06-01 05:10:58+00:00 | (301334 files, 12% size)
2026-06-01 05:11:08+00:00 | (301374 files, 12% size)
2026-06-01 05:11:18+00:00 | (301414 files, 12% size)
2026-06-01 05:11:28+00:00 | (301454 files, 12% size)
2026-06-01 05:11:38+00:00 | (301490 files, 12% size)
2026-06-01 05:11:48+00:00 | (301530 files, 12% size)
2026-06-01 05:11:58+00:00 | (301570 files, 12% size)
2026-06-01 05:12:08+00:00 | (301610 files, 12% size)
2026-06-01 05:12:18+00:00 | (301650 files, 12% size)
2026-06-01 05:12:28+00:00 | (301690 files, 12% size)
2026-06-01 05:12:38+00:00 | (301730 files, 12% size)
2026-06-01 05:12:48+00:00 | (301770 files, 12% size)
2026-06-01 05:12:58+00:00 | (301810 files, 12% size)
2026-06-01 05:13:08+00:00 | (301850 files, 12% size)
2026-06-01 05:13:18+00:00 | (301890 files, 12% size)
2026-06-01 05:13:28+00:00 | (301932 files, 12% size)
2026-06-01 05:13:38+00:00 | (301974 files, 12% size)
2026-06-01 05:13:48+00:00 | (302014 files, 12% size)
2026-06-01 05:13:58+00:00 | (302054 files, 12% size)
2026-06-01 05:14:08+00:00 | (302094 files, 12% size)
2026-06-01 05:14:18+00:00 | (302134 files, 12% size)
2026-06-01 05:14:28+00:00 | (302174 files, 12% size)
2026-06-01 05:14:38+00:00 | (302214 files, 12% size)
2026-06-01 05:14:48+00:00 | (302254 files, 12% size)
2026-06-01 05:14:58+00:00 | (302294 files, 12% size)
2026-06-01 05:15:08+00:00 | (302334 files, 12% size)
2026-06-01 05:15:18+00:00 | (302374 files, 12% size)
2026-06-01 05:15:28+00:00 | (302414 files, 12% size)
2026-06-01 05:15:38+00:00 | (302454 files, 12% size)
2026-06-01 05:15:48+00:00 | (302494 files, 12% size)
2026-06-01 05:15:58+00:00 | (302534 files, 12% size)
2026-06-01 05:16:08+00:00 | (302574 files, 12% size)
2026-06-01 05:16:18+00:00 | (302614 files, 12% size)
2026-06-01 05:16:28+00:00 | (302654 files, 12% size)
2026-06-01 05:16:38+00:00 | (302694 files, 12% size)
2026-06-01 05:16:48+00:00 | (302734 files, 12% size)
2026-06-01 05:16:58+00:00 | (302774 files, 12% size)
2026-06-01 05:17:08+00:00 | (302814 files, 12% size)
2026-06-01 05:17:18+00:00 | (302854 files, 12% size)
2026-06-01 05:17:28+00:00 | (302894 files, 12% size)
2026-06-01 05:17:38+00:00 | (302934 files, 12% size)
2026-06-01 05:17:48+00:00 | (302974 files, 12% size)
2026-06-01 05:17:58+00:00 | (303014 files, 12% size)
2026-06-01 05:18:08+00:00 | (303054 files, 12% size)
2026-06-01 05:18:18+00:00 | (303094 files, 12% size)
2026-06-01 05:18:28+00:00 | (303134 files, 12% size)
2026-06-01 05:18:38+00:00 | (303174 files, 12% size)
2026-06-01 05:18:48+00:00 | (303214 files, 12% size)
2026-06-01 05:18:58+00:00 | (303254 files, 12% size)
2026-06-01 05:19:08+00:00 | (303294 files, 12% size)
2026-06-01 05:19:18+00:00 | (303334 files, 12% size)
2026-06-01 05:19:28+00:00 | (303374 files, 12% size)
2026-06-01 05:19:38+00:00 | (303414 files, 12% size)
2026-06-01 05:19:48+00:00 | (303454 files, 12% size)
2026-06-01 05:19:58+00:00 | (303494 files, 12% size)
2026-06-01 05:20:08+00:00 | (303534 files, 12% size)
2026-06-01 05:20:18+00:00 | (303574 files, 12% size)
2026-06-01 05:20:28+00:00 | (303614 files, 12% size)
2026-06-01 05:20:38+00:00 | (303654 files, 12% size)
2026-06-01 05:20:48+00:00 | (303694 files, 12% size)
2026-06-01 05:20:58+00:00 | (303734 files, 12% size)
2026-06-01 05:21:08+00:00 | (303774 files, 12% size)
2026-06-01 05:21:18+00:00 | (303814 files, 12% size)
2026-06-01 05:21:28+00:00 | (303854 files, 12% size)
2026-06-01 05:21:38+00:00 | (303894 files, 12% size)
2026-06-01 05:21:48+00:00 | (303934 files, 12% size)
2026-06-01 05:21:58+00:00 | (303974 files, 12% size)
2026-06-01 05:22:08+00:00 | (304014 files, 12% size)
2026-06-01 05:22:18+00:00 | (304054 files, 12% size)
2026-06-01 05:22:28+00:00 | (304094 files, 12% size)
2026-06-01 05:22:38+00:00 | (304130 files, 12% size)
2026-06-01 05:22:48+00:00 | (304174 files, 12% size)
2026-06-01 05:22:58+00:00 | (304214 files, 12% size)
2026-06-01 05:23:08+00:00 | (304254 files, 12% size)
2026-06-01 05:23:18+00:00 | (304294 files, 12% size)
2026-06-01 05:23:28+00:00 | (304334 files, 12% size)
2026-06-01 05:23:38+00:00 | (304374 files, 12% size)
2026-06-01 05:23:48+00:00 | (304414 files, 12% size)
2026-06-01 05:23:58+00:00 | (304454 files, 12% size)
2026-06-01 05:24:08+00:00 | (304494 files, 12% size)
2026-06-01 05:24:18+00:00 | (304534 files, 12% size)
2026-06-01 05:24:28+00:00 | (304574 files, 12% size)
2026-06-01 05:24:38+00:00 | (304614 files, 12% size)
2026-06-01 05:24:48+00:00 | (304654 files, 12% size)
2026-06-01 05:24:58+00:00 | (304694 files, 12% size)
2026-06-01 05:25:08+00:00 | (304734 files, 12% size)
2026-06-01 05:25:18+00:00 | (304774 files, 12% size)
2026-06-01 05:25:28+00:00 | (304814 files, 12% size)
2026-06-01 05:25:38+00:00 | (304854 files, 12% size)
2026-06-01 05:25:48+00:00 | (304894 files, 12% size)
2026-06-01 05:25:58+00:00 | (304934 files, 12% size)
2026-06-01 05:26:08+00:00 | (304974 files, 12% size)
2026-06-01 05:26:18+00:00 | (305014 files, 12% size)
2026-06-01 05:26:28+00:00 | (305054 files, 12% size)
2026-06-01 05:26:38+00:00 | (305094 files, 12% size)
2026-06-01 05:26:48+00:00 | (305134 files, 12% size)
2026-06-01 05:26:58+00:00 | (305174 files, 12% size)
2026-06-01 05:27:08+00:00 | (305214 files, 12% size)
2026-06-01 05:27:18+00:00 | (305254 files, 12% size)
2026-06-01 05:27:28+00:00 | (305294 files, 12% size)
2026-06-01 05:27:38+00:00 | (305334 files, 12% size)
2026-06-01 05:27:48+00:00 | (305374 files, 12% size)
2026-06-01 05:27:58+00:00 | (305414 files, 12% size)
2026-06-01 05:28:08+00:00 | (305454 files, 12% size)
2026-06-01 05:28:18+00:00 | (305494 files, 12% size)
2026-06-01 05:28:28+00:00 | (305534 files, 12% size)
2026-06-01 05:28:38+00:00 | (305574 files, 12% size)
2026-06-01 05:28:48+00:00 | (305614 files, 12% size)
2026-06-01 05:28:58+00:00 | (305654 files, 12% size)
2026-06-01 05:29:08+00:00 | (305694 files, 12% size)
2026-06-01 05:29:18+00:00 | (305734 files, 12% size)
2026-06-01 05:29:28+00:00 | (305774 files, 12% size)
2026-06-01 05:29:38+00:00 | (305814 files, 12% size)
2026-06-01 05:29:48+00:00 | (305854 files, 12% size)
2026-06-01 05:29:58+00:00 | (305894 files, 12% size)
2026-06-01 05:30:08+00:00 | (305934 files, 12% size)
2026-06-01 05:30:18+00:00 | (305974 files, 12% size)
2026-06-01 05:30:28+00:00 | (306014 files, 12% size)
2026-06-01 05:30:38+00:00 | (306054 files, 12% size)
2026-06-01 05:30:48+00:00 | (306094 files, 12% size)
2026-06-01 05:30:58+00:00 | (306134 files, 12% size)
2026-06-01 05:31:08+00:00 | (306174 files, 12% size)
2026-06-01 05:31:18+00:00 | (306214 files, 12% size)
2026-06-01 05:31:28+00:00 | (306254 files, 12% size)
2026-06-01 05:31:38+00:00 | (306294 files, 12% size)
2026-06-01 05:31:48+00:00 | (306334 files, 12% size)
2026-06-01 05:31:58+00:00 | (306374 files, 12% size)
2026-06-01 05:32:08+00:00 | (306414 files, 12% size)
2026-06-01 05:32:18+00:00 | (306454 files, 12% size)
2026-06-01 05:32:28+00:00 | (306494 files, 12% size)
2026-06-01 05:32:38+00:00 | (306534 files, 12% size)
2026-06-01 05:32:48+00:00 | (306574 files, 12% size)
2026-06-01 05:32:58+00:00 | (306614 files, 12% size)
2026-06-01 05:33:08+00:00 | (306654 files, 12% size)
2026-06-01 05:33:18+00:00 | (306694 files, 12% size)
2026-06-01 05:33:28+00:00 | (306734 files, 12% size)
2026-06-01 05:33:38+00:00 | (306774 files, 12% size)
2026-06-01 05:33:48+00:00 | (306814 files, 12% size)
2026-06-01 05:33:58+00:00 | (306854 files, 12% size)
2026-06-01 05:34:08+00:00 | (306894 files, 12% size)
2026-06-01 05:34:18+00:00 | (306934 files, 12% size)
2026-06-01 05:34:28+00:00 | (306974 files, 12% size)
2026-06-01 05:34:38+00:00 | (307014 files, 12% size)
2026-06-01 05:34:48+00:00 | (307054 files, 12% size)
2026-06-01 05:34:58+00:00 | (307094 files, 12% size)
2026-06-01 05:35:08+00:00 | (307134 files, 12% size)
2026-06-01 05:35:18+00:00 | (307174 files, 12% size)
2026-06-01 05:35:28+00:00 | (307214 files, 12% size)
2026-06-01 05:35:38+00:00 | (307254 files, 12% size)
2026-06-01 05:35:48+00:00 | (307294 files, 12% size)
2026-06-01 05:35:58+00:00 | (307334 files, 12% size)
2026-06-01 05:36:08+00:00 | (307374 files, 12% size)
2026-06-01 05:36:18+00:00 | (307414 files, 12% size)
2026-06-01 05:36:28+00:00 | (307454 files, 12% size)
2026-06-01 05:36:38+00:00 | (307494 files, 12% size)
2026-06-01 05:36:48+00:00 | (307534 files, 12% size)
2026-06-01 05:36:58+00:00 | (307574 files, 12% size)
2026-06-01 05:37:08+00:00 | (307614 files, 12% size)
2026-06-01 05:37:18+00:00 | (307654 files, 12% size)
2026-06-01 05:37:28+00:00 | (307694 files, 12% size)
2026-06-01 05:37:38+00:00 | (307734 files, 12% size)
2026-06-01 05:37:48+00:00 | (307774 files, 12% size)
2026-06-01 05:37:58+00:00 | (307814 files, 12% size)
2026-06-01 05:38:08+00:00 | (307854 files, 12% size)
2026-06-01 05:38:18+00:00 | (307894 files, 12% size)
2026-06-01 05:38:28+00:00 | (307934 files, 12% size)
2026-06-01 05:38:38+00:00 | (307974 files, 12% size)
2026-06-01 05:38:48+00:00 | (308014 files, 12% size)
2026-06-01 05:38:58+00:00 | (308054 files, 12% size)
2026-06-01 05:39:08+00:00 | (308094 files, 12% size)
2026-06-01 05:39:18+00:00 | (308134 files, 12% size)
2026-06-01 05:39:28+00:00 | (308174 files, 12% size)
2026-06-01 05:39:38+00:00 | (308214 files, 12% size)
2026-06-01 05:39:48+00:00 | (308254 files, 12% size)
2026-06-01 05:39:58+00:00 | (308294 files, 12% size)
2026-06-01 05:40:08+00:00 | (308334 files, 12% size)
2026-06-01 05:40:18+00:00 | (308374 files, 12% size)
2026-06-01 05:40:28+00:00 | (308414 files, 12% size)
2026-06-01 05:40:38+00:00 | (308454 files, 12% size)
2026-06-01 05:40:48+00:00 | (308494 files, 12% size)
2026-06-01 05:40:58+00:00 | (308534 files, 12% size)
2026-06-01 05:41:08+00:00 | (308574 files, 12% size)
2026-06-01 05:41:18+00:00 | (308614 files, 12% size)
2026-06-01 05:41:28+00:00 | (308654 files, 12% size)
2026-06-01 05:41:38+00:00 | (308694 files, 12% size)
2026-06-01 05:41:48+00:00 | (308734 files, 12% size)
2026-06-01 05:41:58+00:00 | (308774 files, 12% size)
2026-06-01 05:42:08+00:00 | (308814 files, 12% size)
2026-06-01 05:42:18+00:00 | (308854 files, 12% size)
2026-06-01 05:42:28+00:00 | (308894 files, 12% size)
2026-06-01 05:42:38+00:00 | (308934 files, 12% size)
2026-06-01 05:42:48+00:00 | (308974 files, 12% size)
2026-06-01 05:42:58+00:00 | (309014 files, 12% size)
2026-06-01 05:43:08+00:00 | (309054 files, 12% size)
2026-06-01 05:43:18+00:00 | (309094 files, 12% size)
2026-06-01 05:43:28+00:00 | (309134 files, 12% size)
2026-06-01 05:43:38+00:00 | (309174 files, 12% size)
2026-06-01 05:43:48+00:00 | (309214 files, 12% size)
2026-06-01 05:43:58+00:00 | (309254 files, 12% size)
2026-06-01 05:44:08+00:00 | (309294 files, 12% size)
2026-06-01 05:44:18+00:00 | (309334 files, 12% size)
2026-06-01 05:44:28+00:00 | (309374 files, 12% size)
2026-06-01 05:44:38+00:00 | (309414 files, 12% size)
2026-06-01 05:44:48+00:00 | (309454 files, 12% size)
2026-06-01 05:44:58+00:00 | (309494 files, 12% size)
2026-06-01 05:45:08+00:00 | (309534 files, 12% size)
2026-06-01 05:45:18+00:00 | (309574 files, 12% size)
2026-06-01 05:45:28+00:00 | (309614 files, 12% size)
2026-06-01 05:45:38+00:00 | (309654 files, 12% size)
2026-06-01 05:45:48+00:00 | (309694 files, 12% size)
2026-06-01 05:45:58+00:00 | (309734 files, 12% size)
2026-06-01 05:46:08+00:00 | (309774 files, 12% size)
2026-06-01 05:46:18+00:00 | (309814 files, 12% size)
2026-06-01 05:46:28+00:00 | (309854 files, 12% size)
2026-06-01 05:46:38+00:00 | (309894 files, 12% size)
2026-06-01 05:46:48+00:00 | (309934 files, 12% size)
2026-06-01 05:46:58+00:00 | (309974 files, 12% size)
2026-06-01 05:47:08+00:00 | (310014 files, 12% size)
2026-06-01 05:47:18+00:00 | (310054 files, 12% size)
2026-06-01 05:47:28+00:00 | (310094 files, 12% size)
2026-06-01 05:47:38+00:00 | (310134 files, 12% size)
2026-06-01 05:47:48+00:00 | (310174 files, 12% size)
2026-06-01 05:47:58+00:00 | (310214 files, 12% size)
2026-06-01 05:48:08+00:00 | (310254 files, 12% size)
2026-06-01 05:48:18+00:00 | (310294 files, 12% size)
2026-06-01 05:48:28+00:00 | (310334 files, 12% size)
2026-06-01 05:48:38+00:00 | (310374 files, 12% size)
2026-06-01 05:48:48+00:00 | (310414 files, 12% size)
2026-06-01 05:48:58+00:00 | (310454 files, 12% size)
2026-06-01 05:49:08+00:00 | (310494 files, 12% size)
2026-06-01 05:49:18+00:00 | (310534 files, 12% size)
2026-06-01 05:49:28+00:00 | (310574 files, 12% size)
2026-06-01 05:49:38+00:00 | (310614 files, 12% size)
2026-06-01 05:49:48+00:00 | (310654 files, 12% size)
2026-06-01 05:49:58+00:00 | (310694 files, 12% size)
2026-06-01 05:50:08+00:00 | (310734 files, 12% size)
2026-06-01 05:50:18+00:00 | (310774 files, 12% size)
2026-06-01 05:50:28+00:00 | (310814 files, 12% size)
2026-06-01 05:50:38+00:00 | (310854 files, 12% size)
2026-06-01 05:50:48+00:00 | (310894 files, 12% size)
2026-06-01 05:50:58+00:00 | (310934 files, 12% size)
2026-06-01 05:51:08+00:00 | (310974 files, 12% size)
2026-06-01 05:51:18+00:00 | (311014 files, 12% size)
2026-06-01 05:51:28+00:00 | (311054 files, 12% size)
2026-06-01 05:51:38+00:00 | (311094 files, 12% size)
2026-06-01 05:51:48+00:00 | (311134 files, 12% size)
2026-06-01 05:51:58+00:00 | (311174 files, 12% size)
2026-06-01 05:52:08+00:00 | (311214 files, 12% size)
2026-06-01 05:52:18+00:00 | (311254 files, 12% size)
2026-06-01 05:52:28+00:00 | (311294 files, 12% size)
2026-06-01 05:52:38+00:00 | (311334 files, 12% size)
2026-06-01 05:52:48+00:00 | (311374 files, 12% size)
2026-06-01 05:52:58+00:00 | (311414 files, 12% size)
2026-06-01 05:53:08+00:00 | (311454 files, 12% size)
2026-06-01 05:53:18+00:00 | (311494 files, 12% size)
2026-06-01 05:53:28+00:00 | (311534 files, 12% size)
2026-06-01 05:53:38+00:00 | (311574 files, 12% size)
2026-06-01 05:53:48+00:00 | (311614 files, 12% size)
2026-06-01 05:53:58+00:00 | (311654 files, 12% size)
2026-06-01 05:54:08+00:00 | (311694 files, 12% size)
2026-06-01 05:54:18+00:00 | (311734 files, 12% size)
2026-06-01 05:54:28+00:00 | (311774 files, 12% size)
2026-06-01 05:54:38+00:00 | (311814 files, 12% size)
2026-06-01 05:54:48+00:00 | (311854 files, 12% size)
2026-06-01 05:54:58+00:00 | (311894 files, 12% size)
2026-06-01 05:55:08+00:00 | (311934 files, 12% size)
2026-06-01 05:55:18+00:00 | (311974 files, 12% size)
2026-06-01 05:55:28+00:00 | (312014 files, 12% size)
2026-06-01 05:55:38+00:00 | (312054 files, 12% size)
2026-06-01 05:55:48+00:00 | (312094 files, 12% size)
2026-06-01 05:55:58+00:00 | (312134 files, 12% size)
2026-06-01 05:56:08+00:00 | (312174 files, 12% size)
2026-06-01 05:56:18+00:00 | (312214 files, 12% size)
2026-06-01 05:56:28+00:00 | (312254 files, 12% size)
2026-06-01 05:56:38+00:00 | (312294 files, 12% size)
2026-06-01 05:56:48+00:00 | (312334 files, 12% size)
2026-06-01 05:56:58+00:00 | (312374 files, 12% size)
2026-06-01 05:57:08+00:00 | (312414 files, 12% size)
2026-06-01 05:57:18+00:00 | (312453 files, 12% size)
2026-06-01 05:57:28+00:00 | (312494 files, 12% size)
2026-06-01 05:57:38+00:00 | (312534 files, 12% size)
2026-06-01 05:57:48+00:00 | (312574 files, 12% size)
2026-06-01 05:57:58+00:00 | (312614 files, 12% size)
2026-06-01 05:58:08+00:00 | (312654 files, 12% size)
2026-06-01 05:58:18+00:00 | (312694 files, 12% size)
2026-06-01 05:58:28+00:00 | (312734 files, 12% size)
2026-06-01 05:58:38+00:00 | (312774 files, 12% size)
2026-06-01 05:58:48+00:00 | (312814 files, 12% size)
2026-06-01 05:58:58+00:00 | (312854 files, 12% size)
2026-06-01 05:59:08+00:00 | (312894 files, 12% size)
2026-06-01 05:59:18+00:00 | (312934 files, 12% size)
2026-06-01 05:59:28+00:00 | (312974 files, 12% size)
2026-06-01 05:59:38+00:00 | (313014 files, 12% size)
2026-06-01 05:59:48+00:00 | (313054 files, 12% size)
2026-06-01 05:59:58+00:00 | (313094 files, 12% size)
2026-06-01 06:00:08+00:00 | (313134 files, 12% size)
2026-06-01 06:00:18+00:00 | (313174 files, 12% size)
2026-06-01 06:00:28+00:00 | (313214 files, 12% size)
2026-06-01 06:00:38+00:00 | (313254 files, 12% size)
2026-06-01 06:00:48+00:00 | (313294 files, 12% size)
2026-06-01 06:00:58+00:00 | (313334 files, 12% size)
2026-06-01 06:01:08+00:00 | (313374 files, 12% size)
2026-06-01 06:01:18+00:00 | (313414 files, 12% size)
2026-06-01 06:01:28+00:00 | (313454 files, 12% size)
2026-06-01 06:01:38+00:00 | (313494 files, 12% size)
2026-06-01 06:01:48+00:00 | (313532 files, 12% size)
2026-06-01 06:01:58+00:00 | (313574 files, 12% size)
2026-06-01 06:02:08+00:00 | (313614 files, 12% size)
2026-06-01 06:02:18+00:00 | (313654 files, 12% size)
2026-06-01 06:02:28+00:00 | (313694 files, 12% size)
2026-06-01 06:02:38+00:00 | (313734 files, 12% size)
2026-06-01 06:02:48+00:00 | (313774 files, 12% size)
2026-06-01 06:02:58+00:00 | (313814 files, 12% size)
2026-06-01 06:03:08+00:00 | (313854 files, 12% size)
2026-06-01 06:03:18+00:00 | (313894 files, 12% size)
2026-06-01 06:03:28+00:00 | (313934 files, 12% size)
2026-06-01 06:03:38+00:00 | (313974 files, 12% size)
2026-06-01 06:03:48+00:00 | (314014 files, 12% size)
2026-06-01 06:03:58+00:00 | (314054 files, 12% size)
2026-06-01 06:04:08+00:00 | (314094 files, 12% size)
2026-06-01 06:04:18+00:00 | (314134 files, 12% size)
2026-06-01 06:04:28+00:00 | (314174 files, 12% size)
2026-06-01 06:04:38+00:00 | (314214 files, 12% size)
2026-06-01 06:04:48+00:00 | (314254 files, 12% size)
2026-06-01 06:04:58+00:00 | (314294 files, 12% size)
2026-06-01 06:05:08+00:00 | (314334 files, 12% size)
2026-06-01 06:05:18+00:00 | (314374 files, 12% size)
2026-06-01 06:05:28+00:00 | (314414 files, 12% size)
2026-06-01 06:05:38+00:00 | (314454 files, 12% size)
2026-06-01 06:05:48+00:00 | (314494 files, 12% size)
2026-06-01 06:05:58+00:00 | (314534 files, 12% size)
2026-06-01 06:06:08+00:00 | (314574 files, 12% size)
2026-06-01 06:06:18+00:00 | (314614 files, 12% size)
2026-06-01 06:06:28+00:00 | (314654 files, 12% size)
2026-06-01 06:06:38+00:00 | (314694 files, 12% size)
2026-06-01 06:06:48+00:00 | (314734 files, 12% size)
2026-06-01 06:06:58+00:00 | (314774 files, 12% size)
2026-06-01 06:07:08+00:00 | (314814 files, 12% size)
2026-06-01 06:07:18+00:00 | (314854 files, 12% size)
2026-06-01 06:07:28+00:00 | (314894 files, 12% size)
2026-06-01 06:07:38+00:00 | (314934 files, 12% size)
2026-06-01 06:07:48+00:00 | (314974 files, 12% size)
2026-06-01 06:07:58+00:00 | (315014 files, 12% size)
2026-06-01 06:08:08+00:00 | (315054 files, 12% size)
2026-06-01 06:08:18+00:00 | (315094 files, 12% size)
2026-06-01 06:08:28+00:00 | (315134 files, 12% size)
2026-06-01 06:08:38+00:00 | (315174 files, 12% size)
2026-06-01 06:08:48+00:00 | (315214 files, 12% size)
2026-06-01 06:08:58+00:00 | (315254 files, 12% size)
2026-06-01 06:09:08+00:00 | (315294 files, 12% size)
2026-06-01 06:09:18+00:00 | (315334 files, 12% size)
2026-06-01 06:09:28+00:00 | (315374 files, 12% size)
2026-06-01 06:09:38+00:00 | (315414 files, 12% size)
2026-06-01 06:09:48+00:00 | (315454 files, 12% size)
2026-06-01 06:09:58+00:00 | (315494 files, 12% size)
2026-06-01 06:10:08+00:00 | (315534 files, 12% size)
2026-06-01 06:10:18+00:00 | (315574 files, 12% size)
2026-06-01 06:10:28+00:00 | (315614 files, 12% size)
2026-06-01 06:10:38+00:00 | (315654 files, 12% size)
2026-06-01 06:10:48+00:00 | (315694 files, 12% size)
2026-06-01 06:10:58+00:00 | (315734 files, 12% size)
2026-06-01 06:11:08+00:00 | (315774 files, 12% size)
2026-06-01 06:11:18+00:00 | (315814 files, 12% size)
2026-06-01 06:11:28+00:00 | (315854 files, 12% size)
2026-06-01 06:11:38+00:00 | (315894 files, 12% size)
2026-06-01 06:11:48+00:00 | (315934 files, 12% size)
2026-06-01 06:11:58+00:00 | (315974 files, 12% size)
2026-06-01 06:12:08+00:00 | (316014 files, 12% size)
2026-06-01 06:12:18+00:00 | (316054 files, 12% size)
2026-06-01 06:12:28+00:00 | (316094 files, 12% size)
2026-06-01 06:12:38+00:00 | (316134 files, 12% size)
2026-06-01 06:12:48+00:00 | (316174 files, 12% size)
2026-06-01 06:12:58+00:00 | (316214 files, 12% size)
2026-06-01 06:13:08+00:00 | (316254 files, 12% size)
2026-06-01 06:13:18+00:00 | (316294 files, 12% size)
2026-06-01 06:13:28+00:00 | (316334 files, 12% size)
2026-06-01 06:13:38+00:00 | (316374 files, 12% size)
2026-06-01 06:13:48+00:00 | (316414 files, 12% size)
2026-06-01 06:13:58+00:00 | (316454 files, 12% size)
2026-06-01 06:14:08+00:00 | (316494 files, 12% size)
2026-06-01 06:14:18+00:00 | (316534 files, 12% size)
2026-06-01 06:14:28+00:00 | (316574 files, 12% size)
2026-06-01 06:14:38+00:00 | (316614 files, 12% size)
2026-06-01 06:14:48+00:00 | (316654 files, 12% size)
2026-06-01 06:14:58+00:00 | (316694 files, 12% size)
2026-06-01 06:15:08+00:00 | (316734 files, 12% size)
2026-06-01 06:15:18+00:00 | (316774 files, 12% size)
2026-06-01 06:15:28+00:00 | (316814 files, 12% size)
2026-06-01 06:15:38+00:00 | (316854 files, 12% size)
2026-06-01 06:15:48+00:00 | (316894 files, 12% size)
2026-06-01 06:15:58+00:00 | (316934 files, 12% size)
2026-06-01 06:16:08+00:00 | (316974 files, 12% size)
2026-06-01 06:16:18+00:00 | (317014 files, 12% size)
2026-06-01 06:16:28+00:00 | (317054 files, 12% size)
2026-06-01 06:16:38+00:00 | (317094 files, 12% size)
2026-06-01 06:16:48+00:00 | (317134 files, 12% size)
2026-06-01 06:16:58+00:00 | (317174 files, 12% size)
2026-06-01 06:17:08+00:00 | (317214 files, 12% size)
2026-06-01 06:17:18+00:00 | (317254 files, 12% size)
2026-06-01 06:17:28+00:00 | (317294 files, 12% size)
2026-06-01 06:17:38+00:00 | (317334 files, 12% size)
2026-06-01 06:17:48+00:00 | (317374 files, 12% size)
2026-06-01 06:17:58+00:00 | (317414 files, 12% size)
2026-06-01 06:18:08+00:00 | (317454 files, 12% size)
2026-06-01 06:18:18+00:00 | (317494 files, 12% size)
2026-06-01 06:18:28+00:00 | (317534 files, 12% size)
2026-06-01 06:18:38+00:00 | (317574 files, 12% size)
2026-06-01 06:18:48+00:00 | (317614 files, 12% size)
2026-06-01 06:18:58+00:00 | (317654 files, 12% size)
2026-06-01 06:19:08+00:00 | (317694 files, 12% size)
2026-06-01 06:19:18+00:00 | (317734 files, 12% size)
2026-06-01 06:19:28+00:00 | (317774 files, 12% size)
2026-06-01 06:19:38+00:00 | (317814 files, 12% size)
2026-06-01 06:19:48+00:00 | (317854 files, 12% size)
2026-06-01 06:19:58+00:00 | (317894 files, 12% size)
2026-06-01 06:20:08+00:00 | (317934 files, 12% size)
2026-06-01 06:20:18+00:00 | (317974 files, 12% size)
2026-06-01 06:20:28+00:00 | (318014 files, 12% size)
2026-06-01 06:20:38+00:00 | (318054 files, 12% size)
2026-06-01 06:20:48+00:00 | (318094 files, 12% size)
2026-06-01 06:20:58+00:00 | (318134 files, 12% size)
2026-06-01 06:21:08+00:00 | (318174 files, 12% size)
2026-06-01 06:21:18+00:00 | (318214 files, 12% size)
2026-06-01 06:21:28+00:00 | (318254 files, 12% size)
2026-06-01 06:21:38+00:00 | (318294 files, 12% size)
2026-06-01 06:21:48+00:00 | (318334 files, 12% size)
2026-06-01 06:21:58+00:00 | (318374 files, 12% size)
2026-06-01 06:22:08+00:00 | (318414 files, 12% size)
2026-06-01 06:22:18+00:00 | (318454 files, 12% size)
2026-06-01 06:22:28+00:00 | (318494 files, 12% size)
2026-06-01 06:22:38+00:00 | (318534 files, 12% size)
2026-06-01 06:22:48+00:00 | (318574 files, 12% size)
2026-06-01 06:22:58+00:00 | (318614 files, 12% size)
2026-06-01 06:23:08+00:00 | (318654 files, 12% size)
2026-06-01 06:23:18+00:00 | (318694 files, 12% size)
2026-06-01 06:23:28+00:00 | (318734 files, 12% size)
2026-06-01 06:23:38+00:00 | (318774 files, 12% size)
2026-06-01 06:23:48+00:00 | (318814 files, 12% size)
2026-06-01 06:23:58+00:00 | (318854 files, 12% size)
2026-06-01 06:24:08+00:00 | (318894 files, 12% size)
2026-06-01 06:24:18+00:00 | (318934 files, 12% size)
2026-06-01 06:24:28+00:00 | (318974 files, 12% size)
2026-06-01 06:24:38+00:00 | (319014 files, 12% size)
2026-06-01 06:24:48+00:00 | (319054 files, 12% size)
2026-06-01 06:24:58+00:00 | (319094 files, 12% size)
2026-06-01 06:25:08+00:00 | (319134 files, 12% size)
2026-06-01 06:25:18+00:00 | (319174 files, 12% size)
2026-06-01 06:25:28+00:00 | (319214 files, 12% size)
2026-06-01 06:25:38+00:00 | (319254 files, 12% size)
2026-06-01 06:25:48+00:00 | (319294 files, 12% size)
2026-06-01 06:25:58+00:00 | (319334 files, 12% size)
2026-06-01 06:26:08+00:00 | (319374 files, 12% size)
2026-06-01 06:26:18+00:00 | (319414 files, 12% size)
2026-06-01 06:26:28+00:00 | (319454 files, 12% size)
2026-06-01 06:26:38+00:00 | (319494 files, 12% size)
2026-06-01 06:26:48+00:00 | (319534 files, 12% size)
2026-06-01 06:26:58+00:00 | (319574 files, 12% size)
2026-06-01 06:27:08+00:00 | (319614 files, 12% size)
2026-06-01 06:27:18+00:00 | (319654 files, 12% size)
2026-06-01 06:27:28+00:00 | (319694 files, 12% size)
2026-06-01 06:27:38+00:00 | (319734 files, 12% size)
2026-06-01 06:27:48+00:00 | (319774 files, 12% size)
2026-06-01 06:27:58+00:00 | (319814 files, 12% size)
2026-06-01 06:28:08+00:00 | (319854 files, 12% size)
2026-06-01 06:28:18+00:00 | (319894 files, 12% size)
2026-06-01 06:28:28+00:00 | (319934 files, 12% size)
2026-06-01 06:28:38+00:00 | (319974 files, 12% size)
2026-06-01 06:28:48+00:00 | (320014 files, 12% size)
2026-06-01 06:28:58+00:00 | (320054 files, 12% size)
2026-06-01 06:29:08+00:00 | (320094 files, 12% size)
2026-06-01 06:29:18+00:00 | (320134 files, 12% size)
2026-06-01 06:29:28+00:00 | (320174 files, 12% size)
2026-06-01 06:29:38+00:00 | (320214 files, 12% size)
2026-06-01 06:29:48+00:00 | (320254 files, 12% size)
2026-06-01 06:29:58+00:00 | (320294 files, 12% size)
2026-06-01 06:30:08+00:00 | (320334 files, 12% size)
2026-06-01 06:30:18+00:00 | (320374 files, 12% size)
2026-06-01 06:30:28+00:00 | (320414 files, 12% size)
2026-06-01 06:30:38+00:00 | (320454 files, 12% size)
2026-06-01 06:30:48+00:00 | (320494 files, 12% size)
2026-06-01 06:30:58+00:00 | (320534 files, 12% size)
2026-06-01 06:31:08+00:00 | (320574 files, 12% size)
2026-06-01 06:31:18+00:00 | (320614 files, 12% size)
2026-06-01 06:31:28+00:00 | (320654 files, 12% size)
2026-06-01 06:31:38+00:00 | (320694 files, 12% size)
2026-06-01 06:31:48+00:00 | (320734 files, 12% size)
2026-06-01 06:31:58+00:00 | (320774 files, 12% size)
2026-06-01 06:32:08+00:00 | (320814 files, 12% size)
2026-06-01 06:32:18+00:00 | (320854 files, 12% size)
2026-06-01 06:32:28+00:00 | (320894 files, 12% size)
2026-06-01 06:32:38+00:00 | (320934 files, 12% size)
2026-06-01 06:32:48+00:00 | (320974 files, 12% size)
2026-06-01 06:32:58+00:00 | (321014 files, 12% size)
2026-06-01 06:33:08+00:00 | (321054 files, 12% size)
2026-06-01 06:33:18+00:00 | (321094 files, 12% size)
2026-06-01 06:33:28+00:00 | (321134 files, 12% size)
2026-06-01 06:33:38+00:00 | (321174 files, 12% size)
2026-06-01 06:33:48+00:00 | (321214 files, 12% size)
2026-06-01 06:33:58+00:00 | (321254 files, 12% size)
2026-06-01 06:34:08+00:00 | (321294 files, 12% size)
2026-06-01 06:34:18+00:00 | (321334 files, 12% size)
2026-06-01 06:34:28+00:00 | (321374 files, 12% size)
2026-06-01 06:34:38+00:00 | (321414 files, 12% size)
2026-06-01 06:34:48+00:00 | (321454 files, 12% size)
2026-06-01 06:34:58+00:00 | (321494 files, 12% size)
2026-06-01 06:35:08+00:00 | (321534 files, 12% size)
2026-06-01 06:35:18+00:00 | (321574 files, 12% size)
2026-06-01 06:35:28+00:00 | (321614 files, 12% size)
2026-06-01 06:35:38+00:00 | (321654 files, 12% size)
2026-06-01 06:35:48+00:00 | (321694 files, 12% size)
2026-06-01 06:35:58+00:00 | (321734 files, 12% size)
2026-06-01 06:36:08+00:00 | (321774 files, 12% size)
2026-06-01 06:36:18+00:00 | (321814 files, 12% size)
2026-06-01 06:36:28+00:00 | (321854 files, 12% size)
2026-06-01 06:36:38+00:00 | (321894 files, 12% size)
2026-06-01 06:36:48+00:00 | (321934 files, 12% size)
2026-06-01 06:36:58+00:00 | (321974 files, 12% size)
2026-06-01 06:37:08+00:00 | (322014 files, 12% size)
2026-06-01 06:37:18+00:00 | (322054 files, 12% size)
2026-06-01 06:37:28+00:00 | (322094 files, 12% size)
2026-06-01 06:37:38+00:00 | (322134 files, 12% size)
2026-06-01 06:37:48+00:00 | (322174 files, 12% size)
2026-06-01 06:37:58+00:00 | (322214 files, 12% size)
2026-06-01 06:38:08+00:00 | (322254 files, 12% size)
2026-06-01 06:38:18+00:00 | (322294 files, 12% size)
2026-06-01 06:38:28+00:00 | (322334 files, 12% size)
2026-06-01 06:38:38+00:00 | (322374 files, 12% size)
2026-06-01 06:38:48+00:00 | (322414 files, 12% size)
2026-06-01 06:38:58+00:00 | (322454 files, 12% size)
2026-06-01 06:39:08+00:00 | (322494 files, 12% size)
2026-06-01 06:39:18+00:00 | (322534 files, 12% size)
2026-06-01 06:39:28+00:00 | (322574 files, 12% size)
2026-06-01 06:39:38+00:00 | (322614 files, 12% size)
2026-06-01 06:39:48+00:00 | (322654 files, 12% size)
2026-06-01 06:39:58+00:00 | (322694 files, 12% size)
2026-06-01 06:40:08+00:00 | (322734 files, 12% size)
2026-06-01 06:40:18+00:00 | (322774 files, 12% size)
2026-06-01 06:40:28+00:00 | (322814 files, 12% size)
2026-06-01 06:40:38+00:00 | (322854 files, 12% size)
2026-06-01 06:40:48+00:00 | (322894 files, 12% size)
2026-06-01 06:40:58+00:00 | (322934 files, 12% size)
2026-06-01 06:41:08+00:00 | (322974 files, 12% size)
2026-06-01 06:41:18+00:00 | (323014 files, 12% size)
2026-06-01 06:41:28+00:00 | (323054 files, 12% size)
2026-06-01 06:41:38+00:00 | (323094 files, 12% size)
2026-06-01 06:41:48+00:00 | (323134 files, 12% size)
2026-06-01 06:41:58+00:00 | (323174 files, 12% size)
2026-06-01 06:42:08+00:00 | (323214 files, 12% size)
2026-06-01 06:42:18+00:00 | (323254 files, 12% size)
2026-06-01 06:42:28+00:00 | (323294 files, 12% size)
2026-06-01 06:42:38+00:00 | (323334 files, 12% size)
2026-06-01 06:42:48+00:00 | (323374 files, 12% size)
2026-06-01 06:42:58+00:00 | (323414 files, 12% size)
2026-06-01 06:43:08+00:00 | (323454 files, 12% size)
2026-06-01 06:43:18+00:00 | (323494 files, 12% size)
2026-06-01 06:43:28+00:00 | (323534 files, 12% size)
2026-06-01 06:43:38+00:00 | (323574 files, 12% size)
2026-06-01 06:43:48+00:00 | (323614 files, 12% size)
2026-06-01 06:43:58+00:00 | (323654 files, 12% size)
2026-06-01 06:44:08+00:00 | (323694 files, 12% size)
2026-06-01 06:44:18+00:00 | (323734 files, 12% size)
2026-06-01 06:44:28+00:00 | (323774 files, 12% size)
2026-06-01 06:44:38+00:00 | (323814 files, 12% size)
2026-06-01 06:44:48+00:00 | (323854 files, 12% size)
2026-06-01 06:44:58+00:00 | (323894 files, 12% size)
2026-06-01 06:45:08+00:00 | (323934 files, 12% size)
2026-06-01 06:45:18+00:00 | (323974 files, 12% size)
2026-06-01 06:45:28+00:00 | (324014 files, 12% size)
2026-06-01 06:45:38+00:00 | (324054 files, 12% size)
2026-06-01 06:45:48+00:00 | (324094 files, 12% size)
2026-06-01 06:45:58+00:00 | (324134 files, 12% size)
2026-06-01 06:46:08+00:00 | (324174 files, 12% size)
2026-06-01 06:46:18+00:00 | (324214 files, 12% size)
2026-06-01 06:46:28+00:00 | (324254 files, 12% size)
2026-06-01 06:46:38+00:00 | (324294 files, 12% size)
2026-06-01 06:46:48+00:00 | (324334 files, 12% size)
2026-06-01 06:46:58+00:00 | (324374 files, 12% size)
2026-06-01 06:47:08+00:00 | (324414 files, 13% size)
2026-06-01 06:47:18+00:00 | (324454 files, 13% size)
2026-06-01 06:47:28+00:00 | (324494 files, 13% size)
2026-06-01 06:47:38+00:00 | (324534 files, 13% size)
2026-06-01 06:47:48+00:00 | (324574 files, 13% size)
2026-06-01 06:47:58+00:00 | (324614 files, 13% size)
2026-06-01 06:48:08+00:00 | (324654 files, 13% size)
2026-06-01 06:48:18+00:00 | (324694 files, 13% size)
2026-06-01 06:48:28+00:00 | (324734 files, 13% size)
2026-06-01 06:48:38+00:00 | (324774 files, 13% size)
2026-06-01 06:48:48+00:00 | (324814 files, 13% size)
2026-06-01 06:48:58+00:00 | (324854 files, 13% size)
2026-06-01 06:49:08+00:00 | (324894 files, 13% size)
2026-06-01 06:49:18+00:00 | (324934 files, 13% size)
2026-06-01 06:49:28+00:00 | (324974 files, 13% size)
2026-06-01 06:49:38+00:00 | (325014 files, 13% size)
2026-06-01 06:49:48+00:00 | (325054 files, 13% size)
2026-06-01 06:49:58+00:00 | (325094 files, 13% size)
2026-06-01 06:50:08+00:00 | (325134 files, 13% size)
2026-06-01 06:50:18+00:00 | (325174 files, 13% size)
2026-06-01 06:50:28+00:00 | (325214 files, 13% size)
2026-06-01 06:50:38+00:00 | (325254 files, 13% size)
2026-06-01 06:50:48+00:00 | (325294 files, 13% size)
2026-06-01 06:50:58+00:00 | (325334 files, 13% size)
2026-06-01 06:51:08+00:00 | (325374 files, 13% size)
2026-06-01 06:51:18+00:00 | (325414 files, 13% size)
2026-06-01 06:51:28+00:00 | (325454 files, 13% size)
2026-06-01 06:51:38+00:00 | (325494 files, 13% size)
2026-06-01 06:51:48+00:00 | (325534 files, 13% size)
2026-06-01 06:51:58+00:00 | (325574 files, 13% size)
2026-06-01 06:52:08+00:00 | (325614 files, 13% size)
2026-06-01 06:52:18+00:00 | (325654 files, 13% size)
2026-06-01 06:52:28+00:00 | (325694 files, 13% size)
2026-06-01 06:52:38+00:00 | (325734 files, 13% size)
2026-06-01 06:52:48+00:00 | (325774 files, 13% size)
2026-06-01 06:52:58+00:00 | (325814 files, 13% size)
2026-06-01 06:53:08+00:00 | (325854 files, 13% size)
2026-06-01 06:53:18+00:00 | (325894 files, 13% size)
2026-06-01 06:53:28+00:00 | (325934 files, 13% size)
2026-06-01 06:53:38+00:00 | (325974 files, 13% size)
2026-06-01 06:53:48+00:00 | (326014 files, 13% size)
2026-06-01 06:53:58+00:00 | (326054 files, 13% size)
2026-06-01 06:54:08+00:00 | (326094 files, 13% size)
2026-06-01 06:54:18+00:00 | (326134 files, 13% size)
2026-06-01 06:54:28+00:00 | (326174 files, 13% size)
2026-06-01 06:54:38+00:00 | (326214 files, 13% size)
2026-06-01 06:54:48+00:00 | (326254 files, 13% size)
2026-06-01 06:54:58+00:00 | (326294 files, 13% size)
2026-06-01 06:55:08+00:00 | (326334 files, 13% size)
2026-06-01 06:55:18+00:00 | (326374 files, 13% size)
2026-06-01 06:55:28+00:00 | (326414 files, 13% size)
2026-06-01 06:55:38+00:00 | (326454 files, 13% size)
2026-06-01 06:55:48+00:00 | (326490 files, 13% size)
2026-06-01 06:55:58+00:00 | (326530 files, 13% size)
2026-06-01 06:56:08+00:00 | (326570 files, 13% size)
2026-06-01 06:56:18+00:00 | (326610 files, 13% size)
2026-06-01 06:56:28+00:00 | (326650 files, 13% size)
2026-06-01 06:56:38+00:00 | (326690 files, 13% size)
2026-06-01 06:56:48+00:00 | (326730 files, 13% size)
2026-06-01 06:56:58+00:00 | (326770 files, 13% size)
2026-06-01 06:57:08+00:00 | (326810 files, 13% size)
2026-06-01 06:57:18+00:00 | (326850 files, 13% size)
2026-06-01 06:57:28+00:00 | (326890 files, 13% size)
2026-06-01 06:57:38+00:00 | (326930 files, 13% size)
2026-06-01 06:57:48+00:00 | (326974 files, 13% size)
2026-06-01 06:57:58+00:00 | (327014 files, 13% size)
2026-06-01 06:58:08+00:00 | (327054 files, 13% size)
2026-06-01 06:58:18+00:00 | (327094 files, 13% size)
2026-06-01 06:58:28+00:00 | (327134 files, 13% size)
2026-06-01 06:58:38+00:00 | (327174 files, 13% size)
2026-06-01 06:58:48+00:00 | (327214 files, 13% size)
2026-06-01 06:58:58+00:00 | (327254 files, 13% size)
2026-06-01 06:59:08+00:00 | (327294 files, 13% size)
2026-06-01 06:59:18+00:00 | (327334 files, 13% size)
2026-06-01 06:59:28+00:00 | (327374 files, 13% size)
2026-06-01 06:59:38+00:00 | (327414 files, 13% size)
2026-06-01 06:59:48+00:00 | (327454 files, 13% size)
2026-06-01 06:59:58+00:00 | (327494 files, 13% size)
2026-06-01 07:00:08+00:00 | (327534 files, 13% size)
2026-06-01 07:00:18+00:00 | (327574 files, 13% size)
2026-06-01 07:00:28+00:00 | (327614 files, 13% size)
2026-06-01 07:00:38+00:00 | (327654 files, 13% size)
2026-06-01 07:00:48+00:00 | (327694 files, 13% size)
2026-06-01 07:00:58+00:00 | (327734 files, 13% size)
2026-06-01 07:01:08+00:00 | (327774 files, 13% size)
2026-06-01 07:01:18+00:00 | (327814 files, 13% size)
2026-06-01 07:01:28+00:00 | (327854 files, 13% size)
2026-06-01 07:01:38+00:00 | (327894 files, 13% size)
2026-06-01 07:01:48+00:00 | (327934 files, 13% size)
2026-06-01 07:01:58+00:00 | (327974 files, 13% size)
2026-06-01 07:02:08+00:00 | (328014 files, 13% size)
2026-06-01 07:02:18+00:00 | (328054 files, 13% size)
2026-06-01 07:02:28+00:00 | (328094 files, 13% size)
2026-06-01 07:02:38+00:00 | (328134 files, 13% size)
2026-06-01 07:02:48+00:00 | (328174 files, 13% size)
2026-06-01 07:02:58+00:00 | (328214 files, 13% size)
2026-06-01 07:03:08+00:00 | (328254 files, 13% size)
2026-06-01 07:03:18+00:00 | (328294 files, 13% size)
2026-06-01 07:03:28+00:00 | (328334 files, 13% size)
2026-06-01 07:03:38+00:00 | (328374 files, 13% size)
2026-06-01 07:03:48+00:00 | (328414 files, 13% size)
2026-06-01 07:03:58+00:00 | (328454 files, 13% size)
2026-06-01 07:04:08+00:00 | (328494 files, 13% size)
2026-06-01 07:04:18+00:00 | (328534 files, 13% size)
2026-06-01 07:04:28+00:00 | (328574 files, 13% size)
2026-06-01 07:04:38+00:00 | (328614 files, 13% size)
2026-06-01 07:04:48+00:00 | (328654 files, 13% size)
2026-06-01 07:04:58+00:00 | (328694 files, 13% size)
2026-06-01 07:05:08+00:00 | (328734 files, 13% size)
2026-06-01 07:05:18+00:00 | (328774 files, 13% size)
2026-06-01 07:05:28+00:00 | (328814 files, 13% size)
2026-06-01 07:05:38+00:00 | (328854 files, 13% size)
2026-06-01 07:05:48+00:00 | (328894 files, 13% size)
2026-06-01 07:05:58+00:00 | (328934 files, 13% size)
2026-06-01 07:06:08+00:00 | (328974 files, 13% size)
2026-06-01 07:06:18+00:00 | (329014 files, 13% size)
2026-06-01 07:06:28+00:00 | (329054 files, 13% size)
2026-06-01 07:06:38+00:00 | (329094 files, 13% size)
2026-06-01 07:06:48+00:00 | (329134 files, 13% size)
2026-06-01 07:06:58+00:00 | (329174 files, 13% size)
2026-06-01 07:07:08+00:00 | (329214 files, 13% size)
2026-06-01 07:07:18+00:00 | (329254 files, 13% size)
2026-06-01 07:07:28+00:00 | (329294 files, 13% size)
2026-06-01 07:07:38+00:00 | (329334 files, 13% size)
2026-06-01 07:07:48+00:00 | (329374 files, 13% size)
2026-06-01 07:07:58+00:00 | (329414 files, 13% size)
2026-06-01 07:08:08+00:00 | (329454 files, 13% size)
2026-06-01 07:08:18+00:00 | (329494 files, 13% size)
2026-06-01 07:08:28+00:00 | (329534 files, 13% size)
2026-06-01 07:08:38+00:00 | (329574 files, 13% size)
2026-06-01 07:08:48+00:00 | (329614 files, 13% size)
2026-06-01 07:08:58+00:00 | (329654 files, 13% size)
2026-06-01 07:09:08+00:00 | (329694 files, 13% size)
2026-06-01 07:09:18+00:00 | (329734 files, 13% size)
2026-06-01 07:09:28+00:00 | (329774 files, 13% size)
2026-06-01 07:09:38+00:00 | (329814 files, 13% size)
2026-06-01 07:09:48+00:00 | (329854 files, 13% size)
2026-06-01 07:09:58+00:00 | (329894 files, 13% size)
2026-06-01 07:10:08+00:00 | (329934 files, 13% size)
2026-06-01 07:10:18+00:00 | (329974 files, 13% size)
2026-06-01 07:10:28+00:00 | (330014 files, 13% size)
2026-06-01 07:10:38+00:00 | (330054 files, 13% size)
2026-06-01 07:10:48+00:00 | (330094 files, 13% size)
2026-06-01 07:10:58+00:00 | (330134 files, 13% size)
2026-06-01 07:11:08+00:00 | (330174 files, 13% size)
2026-06-01 07:11:18+00:00 | (330214 files, 13% size)
2026-06-01 07:11:28+00:00 | (330254 files, 13% size)
2026-06-01 07:11:38+00:00 | (330294 files, 13% size)
2026-06-01 07:11:48+00:00 | (330334 files, 13% size)
2026-06-01 07:11:58+00:00 | (330374 files, 13% size)
2026-06-01 07:12:08+00:00 | (330414 files, 13% size)
2026-06-01 07:12:18+00:00 | (330454 files, 13% size)
2026-06-01 07:12:28+00:00 | (330494 files, 13% size)
2026-06-01 07:12:38+00:00 | (330534 files, 13% size)
2026-06-01 07:12:48+00:00 | (330574 files, 13% size)
2026-06-01 07:12:58+00:00 | (330614 files, 13% size)
2026-06-01 07:13:08+00:00 | (330654 files, 13% size)
2026-06-01 07:13:18+00:00 | (330694 files, 13% size)
2026-06-01 07:13:28+00:00 | (330734 files, 13% size)
2026-06-01 07:13:38+00:00 | (330774 files, 13% size)
2026-06-01 07:13:48+00:00 | (330814 files, 13% size)
2026-06-01 07:13:58+00:00 | (330854 files, 13% size)
2026-06-01 07:14:08+00:00 | (330894 files, 13% size)
2026-06-01 07:14:18+00:00 | (330934 files, 13% size)
2026-06-01 07:14:28+00:00 | (330974 files, 13% size)
2026-06-01 07:14:38+00:00 | (331014 files, 13% size)
2026-06-01 07:14:48+00:00 | (331054 files, 13% size)
2026-06-01 07:14:58+00:00 | (331094 files, 13% size)
2026-06-01 07:15:08+00:00 | (331134 files, 13% size)
2026-06-01 07:15:18+00:00 | (331174 files, 13% size)
2026-06-01 07:15:28+00:00 | (331214 files, 13% size)
2026-06-01 07:15:38+00:00 | (331254 files, 13% size)
2026-06-01 07:15:48+00:00 | (331294 files, 13% size)
2026-06-01 07:15:58+00:00 | (331334 files, 13% size)
2026-06-01 07:16:08+00:00 | (331374 files, 13% size)
2026-06-01 07:16:18+00:00 | (331414 files, 13% size)
2026-06-01 07:16:28+00:00 | (331454 files, 13% size)
2026-06-01 07:16:38+00:00 | (331494 files, 13% size)
2026-06-01 07:16:48+00:00 | (331534 files, 13% size)
2026-06-01 07:16:58+00:00 | (331574 files, 13% size)
2026-06-01 07:17:08+00:00 | (331614 files, 13% size)
2026-06-01 07:17:18+00:00 | (331654 files, 13% size)
2026-06-01 07:17:28+00:00 | (331694 files, 13% size)
2026-06-01 07:17:38+00:00 | (331734 files, 13% size)
2026-06-01 07:17:48+00:00 | (331774 files, 13% size)
2026-06-01 07:17:58+00:00 | (331814 files, 13% size)
2026-06-01 07:18:08+00:00 | (331854 files, 13% size)
2026-06-01 07:18:18+00:00 | (331894 files, 13% size)
2026-06-01 07:18:28+00:00 | (331934 files, 13% size)
2026-06-01 07:18:38+00:00 | (331974 files, 13% size)
2026-06-01 07:18:48+00:00 | (332014 files, 13% size)
2026-06-01 07:18:58+00:00 | (332054 files, 13% size)
2026-06-01 07:19:08+00:00 | (332094 files, 13% size)
2026-06-01 07:19:18+00:00 | (332134 files, 13% size)
2026-06-01 07:19:28+00:00 | (332174 files, 13% size)
2026-06-01 07:19:38+00:00 | (332214 files, 13% size)
2026-06-01 07:19:48+00:00 | (332254 files, 13% size)
2026-06-01 07:19:58+00:00 | (332294 files, 13% size)
2026-06-01 07:20:08+00:00 | (332334 files, 13% size)
2026-06-01 07:20:18+00:00 | (332374 files, 13% size)
2026-06-01 07:20:28+00:00 | (332414 files, 13% size)
2026-06-01 07:20:38+00:00 | (332454 files, 13% size)
2026-06-01 07:20:48+00:00 | (332494 files, 13% size)
2026-06-01 07:20:58+00:00 | (332534 files, 13% size)
2026-06-01 07:21:08+00:00 | (332574 files, 13% size)
2026-06-01 07:21:18+00:00 | (332614 files, 13% size)
2026-06-01 07:21:28+00:00 | (332654 files, 13% size)
2026-06-01 07:21:38+00:00 | (332694 files, 13% size)
2026-06-01 07:21:48+00:00 | (332734 files, 13% size)
2026-06-01 07:21:58+00:00 | (332774 files, 13% size)
2026-06-01 07:22:08+00:00 | (332814 files, 13% size)
2026-06-01 07:22:18+00:00 | (332854 files, 13% size)
2026-06-01 07:22:28+00:00 | (332894 files, 13% size)
2026-06-01 07:22:38+00:00 | (332934 files, 13% size)
2026-06-01 07:22:48+00:00 | (332974 files, 13% size)
2026-06-01 07:22:58+00:00 | (333014 files, 13% size)
2026-06-01 07:23:08+00:00 | (333054 files, 13% size)
2026-06-01 07:23:18+00:00 | (333094 files, 13% size)
2026-06-01 07:23:28+00:00 | (333134 files, 13% size)
2026-06-01 07:23:38+00:00 | (333174 files, 13% size)
2026-06-01 07:23:48+00:00 | (333214 files, 13% size)
2026-06-01 07:23:58+00:00 | (333254 files, 13% size)
2026-06-01 07:24:08+00:00 | (333294 files, 13% size)
2026-06-01 07:24:18+00:00 | (333334 files, 13% size)
2026-06-01 07:24:28+00:00 | (333374 files, 13% size)
2026-06-01 07:24:38+00:00 | (333414 files, 13% size)
2026-06-01 07:24:48+00:00 | (333454 files, 13% size)
2026-06-01 07:24:58+00:00 | (333494 files, 13% size)
2026-06-01 07:25:08+00:00 | (333534 files, 13% size)
2026-06-01 07:25:18+00:00 | (333574 files, 13% size)
2026-06-01 07:25:28+00:00 | (333614 files, 13% size)
2026-06-01 07:25:38+00:00 | (333654 files, 13% size)
2026-06-01 07:25:48+00:00 | (333694 files, 13% size)
2026-06-01 07:25:58+00:00 | (333734 files, 13% size)
2026-06-01 07:26:08+00:00 | (333774 files, 13% size)
2026-06-01 07:26:18+00:00 | (333814 files, 13% size)
2026-06-01 07:26:28+00:00 | (333854 files, 13% size)
2026-06-01 07:26:38+00:00 | (333894 files, 13% size)
2026-06-01 07:26:48+00:00 | (333934 files, 13% size)
2026-06-01 07:26:58+00:00 | (333974 files, 13% size)
2026-06-01 07:27:08+00:00 | (334014 files, 13% size)
2026-06-01 07:27:18+00:00 | (334054 files, 13% size)
2026-06-01 07:27:28+00:00 | (334094 files, 13% size)
2026-06-01 07:27:38+00:00 | (334134 files, 13% size)
2026-06-01 07:27:48+00:00 | (334174 files, 13% size)
2026-06-01 07:27:58+00:00 | (334214 files, 13% size)
2026-06-01 07:28:08+00:00 | (334254 files, 13% size)
2026-06-01 07:28:18+00:00 | (334294 files, 13% size)
2026-06-01 07:28:28+00:00 | (334334 files, 13% size)
2026-06-01 07:28:38+00:00 | (334374 files, 13% size)
2026-06-01 07:28:48+00:00 | (334414 files, 13% size)
2026-06-01 07:28:58+00:00 | (334454 files, 13% size)
2026-06-01 07:29:08+00:00 | (334494 files, 13% size)
2026-06-01 07:29:18+00:00 | (334534 files, 13% size)
2026-06-01 07:29:28+00:00 | (334574 files, 13% size)
2026-06-01 07:29:38+00:00 | (334614 files, 13% size)
2026-06-01 07:29:48+00:00 | (334654 files, 13% size)
2026-06-01 07:29:58+00:00 | (334694 files, 13% size)
2026-06-01 07:30:08+00:00 | (334734 files, 13% size)
2026-06-01 07:30:18+00:00 | (334774 files, 13% size)
2026-06-01 07:30:28+00:00 | (334814 files, 13% size)
2026-06-01 07:30:38+00:00 | (334854 files, 13% size)
2026-06-01 07:30:48+00:00 | (334894 files, 13% size)
2026-06-01 07:30:58+00:00 | (334934 files, 13% size)
2026-06-01 07:31:08+00:00 | (334974 files, 13% size)
2026-06-01 07:31:18+00:00 | (335014 files, 13% size)
2026-06-01 07:31:28+00:00 | (335054 files, 13% size)
2026-06-01 07:31:38+00:00 | (335094 files, 13% size)
2026-06-01 07:31:48+00:00 | (335134 files, 13% size)
2026-06-01 07:31:58+00:00 | (335174 files, 13% size)
2026-06-01 07:32:08+00:00 | (335214 files, 13% size)
2026-06-01 07:32:18+00:00 | (335254 files, 13% size)
2026-06-01 07:32:28+00:00 | (335294 files, 13% size)
2026-06-01 07:32:38+00:00 | (335334 files, 13% size)
2026-06-01 07:32:48+00:00 | (335374 files, 13% size)
2026-06-01 07:32:58+00:00 | (335414 files, 13% size)
2026-06-01 07:33:08+00:00 | (335454 files, 13% size)
2026-06-01 07:33:18+00:00 | (335494 files, 13% size)
2026-06-01 07:33:28+00:00 | (335534 files, 13% size)
2026-06-01 07:33:38+00:00 | (335574 files, 13% size)
2026-06-01 07:33:48+00:00 | (335614 files, 13% size)
2026-06-01 07:33:58+00:00 | (335654 files, 13% size)
2026-06-01 07:34:08+00:00 | (335694 files, 13% size)
2026-06-01 07:34:18+00:00 | (335734 files, 13% size)
2026-06-01 07:34:28+00:00 | (335774 files, 13% size)
2026-06-01 07:34:38+00:00 | (335814 files, 13% size)
2026-06-01 07:34:48+00:00 | (335854 files, 13% size)
2026-06-01 07:34:58+00:00 | (335894 files, 13% size)
2026-06-01 07:35:08+00:00 | (335934 files, 13% size)
2026-06-01 07:35:18+00:00 | (335974 files, 13% size)
2026-06-01 07:35:28+00:00 | (336014 files, 13% size)
2026-06-01 07:35:38+00:00 | (336054 files, 13% size)
2026-06-01 07:35:48+00:00 | (336094 files, 13% size)
2026-06-01 07:35:58+00:00 | (336134 files, 13% size)
2026-06-01 07:36:08+00:00 | (336174 files, 13% size)
2026-06-01 07:36:18+00:00 | (336214 files, 13% size)
2026-06-01 07:36:28+00:00 | (336254 files, 13% size)
2026-06-01 07:36:38+00:00 | (336294 files, 13% size)
2026-06-01 07:36:48+00:00 | (336334 files, 13% size)
2026-06-01 07:36:58+00:00 | (336374 files, 13% size)
2026-06-01 07:37:08+00:00 | (336414 files, 13% size)
2026-06-01 07:37:18+00:00 | (336454 files, 13% size)
2026-06-01 07:37:28+00:00 | (336494 files, 13% size)
2026-06-01 07:37:38+00:00 | (336534 files, 13% size)
2026-06-01 07:37:48+00:00 | (336574 files, 13% size)
2026-06-01 07:37:58+00:00 | (336614 files, 13% size)
2026-06-01 07:38:08+00:00 | (336654 files, 13% size)
2026-06-01 07:38:18+00:00 | (336694 files, 13% size)
2026-06-01 07:38:28+00:00 | (336734 files, 13% size)
2026-06-01 07:38:38+00:00 | (336774 files, 13% size)
2026-06-01 07:38:48+00:00 | (336814 files, 13% size)
2026-06-01 07:38:58+00:00 | (336854 files, 13% size)
2026-06-01 07:39:08+00:00 | (336894 files, 13% size)
2026-06-01 07:39:18+00:00 | (336934 files, 13% size)
2026-06-01 07:39:28+00:00 | (336974 files, 13% size)
2026-06-01 07:39:38+00:00 | (337014 files, 13% size)
2026-06-01 07:39:48+00:00 | (337054 files, 13% size)
2026-06-01 07:39:58+00:00 | (337094 files, 13% size)
2026-06-01 07:40:08+00:00 | (337134 files, 13% size)
2026-06-01 07:40:18+00:00 | (337174 files, 13% size)
2026-06-01 07:40:28+00:00 | (337214 files, 13% size)
2026-06-01 07:40:38+00:00 | (337254 files, 13% size)
2026-06-01 07:40:48+00:00 | (337294 files, 13% size)
2026-06-01 07:40:58+00:00 | (337334 files, 13% size)
2026-06-01 07:41:08+00:00 | (337374 files, 13% size)
2026-06-01 07:41:18+00:00 | (337414 files, 13% size)
2026-06-01 07:41:28+00:00 | (337454 files, 13% size)
2026-06-01 07:41:38+00:00 | (337494 files, 13% size)
2026-06-01 07:41:48+00:00 | (337534 files, 13% size)
2026-06-01 07:41:58+00:00 | (337574 files, 13% size)
2026-06-01 07:42:08+00:00 | (337614 files, 13% size)
2026-06-01 07:42:18+00:00 | (337654 files, 13% size)
2026-06-01 07:42:28+00:00 | (337694 files, 13% size)
2026-06-01 07:42:38+00:00 | (337734 files, 13% size)
2026-06-01 07:42:48+00:00 | (337774 files, 13% size)
2026-06-01 07:42:58+00:00 | (337814 files, 13% size)
2026-06-01 07:43:08+00:00 | (337854 files, 13% size)
2026-06-01 07:43:18+00:00 | (337894 files, 13% size)
2026-06-01 07:43:28+00:00 | (337934 files, 13% size)
2026-06-01 07:43:38+00:00 | (337974 files, 13% size)
2026-06-01 07:43:48+00:00 | (338014 files, 13% size)
2026-06-01 07:43:58+00:00 | (338054 files, 13% size)
2026-06-01 07:44:08+00:00 | (338094 files, 13% size)
2026-06-01 07:44:18+00:00 | (338134 files, 13% size)
2026-06-01 07:44:28+00:00 | (338174 files, 13% size)
2026-06-01 07:44:38+00:00 | (338214 files, 13% size)
2026-06-01 07:44:48+00:00 | (338254 files, 13% size)
2026-06-01 07:44:58+00:00 | (338294 files, 13% size)
2026-06-01 07:45:08+00:00 | (338334 files, 13% size)
2026-06-01 07:45:18+00:00 | (338374 files, 13% size)
2026-06-01 07:45:28+00:00 | (338414 files, 13% size)
2026-06-01 07:45:38+00:00 | (338454 files, 13% size)
2026-06-01 07:45:48+00:00 | (338494 files, 13% size)
2026-06-01 07:45:58+00:00 | (338534 files, 13% size)
2026-06-01 07:46:08+00:00 | (338574 files, 13% size)
2026-06-01 07:46:18+00:00 | (338614 files, 13% size)
2026-06-01 07:46:28+00:00 | (338654 files, 13% size)
2026-06-01 07:46:38+00:00 | (338694 files, 13% size)
2026-06-01 07:46:48+00:00 | (338734 files, 13% size)
2026-06-01 07:46:58+00:00 | (338774 files, 13% size)
2026-06-01 07:47:08+00:00 | (338814 files, 13% size)
2026-06-01 07:47:18+00:00 | (338854 files, 13% size)
2026-06-01 07:47:28+00:00 | (338894 files, 13% size)
2026-06-01 07:47:38+00:00 | (338934 files, 13% size)
2026-06-01 07:47:48+00:00 | (338974 files, 13% size)
2026-06-01 07:47:58+00:00 | (339014 files, 13% size)
2026-06-01 07:48:08+00:00 | (339054 files, 13% size)
2026-06-01 07:48:18+00:00 | (339094 files, 13% size)
2026-06-01 07:48:28+00:00 | (339134 files, 13% size)
2026-06-01 07:48:38+00:00 | (339174 files, 13% size)
2026-06-01 07:48:48+00:00 | (339214 files, 13% size)
2026-06-01 07:48:58+00:00 | (339254 files, 13% size)
2026-06-01 07:49:08+00:00 | (339294 files, 13% size)
2026-06-01 07:49:18+00:00 | (339334 files, 13% size)
2026-06-01 07:49:28+00:00 | (339374 files, 13% size)
2026-06-01 07:49:38+00:00 | (339414 files, 13% size)
2026-06-01 07:49:48+00:00 | (339454 files, 13% size)
2026-06-01 07:49:58+00:00 | (339494 files, 13% size)
2026-06-01 07:50:08+00:00 | (339534 files, 13% size)
2026-06-01 07:50:18+00:00 | (339574 files, 13% size)
2026-06-01 07:50:28+00:00 | (339614 files, 13% size)
2026-06-01 07:50:38+00:00 | (339654 files, 13% size)
2026-06-01 07:50:48+00:00 | (339694 files, 13% size)
2026-06-01 07:50:58+00:00 | (339734 files, 13% size)
2026-06-01 07:51:08+00:00 | (339774 files, 13% size)
2026-06-01 07:51:18+00:00 | (339814 files, 13% size)
2026-06-01 07:51:28+00:00 | (339854 files, 13% size)
2026-06-01 07:51:38+00:00 | (339894 files, 13% size)
2026-06-01 07:51:48+00:00 | (339934 files, 13% size)
2026-06-01 07:51:58+00:00 | (339974 files, 13% size)
2026-06-01 07:52:08+00:00 | (340014 files, 13% size)
2026-06-01 07:52:18+00:00 | (340054 files, 13% size)
2026-06-01 07:52:28+00:00 | (340094 files, 13% size)
2026-06-01 07:52:38+00:00 | (340134 files, 13% size)
2026-06-01 07:52:48+00:00 | (340174 files, 13% size)
2026-06-01 07:52:58+00:00 | (340214 files, 13% size)
2026-06-01 07:53:08+00:00 | (340254 files, 13% size)
2026-06-01 07:53:18+00:00 | (340294 files, 13% size)
2026-06-01 07:53:28+00:00 | (340334 files, 13% size)
2026-06-01 07:53:38+00:00 | (340374 files, 13% size)
2026-06-01 07:53:48+00:00 | (340414 files, 13% size)
2026-06-01 07:53:58+00:00 | (340454 files, 13% size)
2026-06-01 07:54:08+00:00 | (340494 files, 13% size)
2026-06-01 07:54:18+00:00 | (340534 files, 13% size)
2026-06-01 07:54:28+00:00 | (340574 files, 13% size)
2026-06-01 07:54:38+00:00 | (340614 files, 13% size)
2026-06-01 07:54:48+00:00 | (340654 files, 13% size)
2026-06-01 07:54:58+00:00 | (340694 files, 13% size)
2026-06-01 07:55:08+00:00 | (340734 files, 13% size)
2026-06-01 07:55:18+00:00 | (340774 files, 13% size)
2026-06-01 07:55:28+00:00 | (340814 files, 13% size)
2026-06-01 07:55:38+00:00 | (340854 files, 13% size)
2026-06-01 07:55:48+00:00 | (340894 files, 13% size)
2026-06-01 07:55:58+00:00 | (340934 files, 13% size)
2026-06-01 07:56:08+00:00 | (340974 files, 13% size)
2026-06-01 07:56:18+00:00 | (341014 files, 13% size)
2026-06-01 07:56:28+00:00 | (341054 files, 13% size)
2026-06-01 07:56:38+00:00 | (341094 files, 13% size)
2026-06-01 07:56:48+00:00 | (341134 files, 13% size)
2026-06-01 07:56:58+00:00 | (341174 files, 13% size)
2026-06-01 07:57:08+00:00 | (341214 files, 13% size)
2026-06-01 07:57:18+00:00 | (341254 files, 13% size)
2026-06-01 07:57:28+00:00 | (341294 files, 13% size)
2026-06-01 07:57:38+00:00 | (341334 files, 13% size)
2026-06-01 07:57:48+00:00 | (341374 files, 13% size)
2026-06-01 07:57:58+00:00 | (341414 files, 13% size)
2026-06-01 07:58:08+00:00 | (341454 files, 13% size)
2026-06-01 07:58:18+00:00 | (341494 files, 13% size)
2026-06-01 07:58:28+00:00 | (341534 files, 13% size)
2026-06-01 07:58:38+00:00 | (341574 files, 13% size)
2026-06-01 07:58:48+00:00 | (341614 files, 13% size)
2026-06-01 07:58:58+00:00 | (341654 files, 13% size)
2026-06-01 07:59:08+00:00 | (341694 files, 13% size)
2026-06-01 07:59:18+00:00 | (341734 files, 13% size)
2026-06-01 07:59:28+00:00 | (341774 files, 13% size)
2026-06-01 07:59:38+00:00 | (341814 files, 13% size)
2026-06-01 07:59:48+00:00 | (341854 files, 13% size)
2026-06-01 07:59:58+00:00 | (341894 files, 13% size)
2026-06-01 08:00:08+00:00 | (341934 files, 13% size)
2026-06-01 08:00:18+00:00 | (341974 files, 13% size)
2026-06-01 08:00:28+00:00 | (342014 files, 13% size)
2026-06-01 08:00:38+00:00 | (342054 files, 13% size)
2026-06-01 08:00:48+00:00 | (342094 files, 13% size)
2026-06-01 08:00:58+00:00 | (342134 files, 13% size)
2026-06-01 08:01:08+00:00 | (342174 files, 13% size)
2026-06-01 08:01:18+00:00 | (342214 files, 13% size)
2026-06-01 08:01:28+00:00 | (342254 files, 13% size)
2026-06-01 08:01:38+00:00 | (342294 files, 13% size)
2026-06-01 08:01:48+00:00 | (342334 files, 13% size)
2026-06-01 08:01:58+00:00 | (342374 files, 13% size)
2026-06-01 08:02:08+00:00 | (342414 files, 13% size)
2026-06-01 08:02:18+00:00 | (342454 files, 13% size)
2026-06-01 08:02:28+00:00 | (342494 files, 13% size)
2026-06-01 08:02:38+00:00 | (342534 files, 13% size)
2026-06-01 08:02:48+00:00 | (342574 files, 13% size)
2026-06-01 08:02:58+00:00 | (342614 files, 13% size)
2026-06-01 08:03:08+00:00 | (342654 files, 13% size)
2026-06-01 08:03:18+00:00 | (342694 files, 13% size)
2026-06-01 08:03:28+00:00 | (342734 files, 13% size)
2026-06-01 08:03:38+00:00 | (342774 files, 13% size)
2026-06-01 08:03:48+00:00 | (342814 files, 13% size)
2026-06-01 08:03:58+00:00 | (342854 files, 13% size)
2026-06-01 08:04:08+00:00 | (342894 files, 13% size)
2026-06-01 08:04:18+00:00 | (342934 files, 13% size)
2026-06-01 08:04:28+00:00 | (342974 files, 13% size)
2026-06-01 08:04:38+00:00 | (343014 files, 13% size)
2026-06-01 08:04:48+00:00 | (343054 files, 13% size)
2026-06-01 08:04:58+00:00 | (343094 files, 13% size)
2026-06-01 08:05:08+00:00 | (343134 files, 13% size)
2026-06-01 08:05:18+00:00 | (343174 files, 13% size)
2026-06-01 08:05:28+00:00 | (343214 files, 13% size)
2026-06-01 08:05:38+00:00 | (343254 files, 13% size)
2026-06-01 08:05:48+00:00 | (343294 files, 13% size)
2026-06-01 08:05:58+00:00 | (343334 files, 13% size)
2026-06-01 08:06:08+00:00 | (343374 files, 13% size)
2026-06-01 08:06:18+00:00 | (343414 files, 13% size)
2026-06-01 08:06:28+00:00 | (343454 files, 13% size)
2026-06-01 08:06:38+00:00 | (343494 files, 13% size)
2026-06-01 08:06:48+00:00 | (343534 files, 13% size)
2026-06-01 08:06:58+00:00 | (343574 files, 13% size)
2026-06-01 08:07:08+00:00 | (343614 files, 13% size)
2026-06-01 08:07:18+00:00 | (343654 files, 13% size)
2026-06-01 08:07:28+00:00 | (343694 files, 13% size)
2026-06-01 08:07:38+00:00 | (343734 files, 13% size)
2026-06-01 08:07:48+00:00 | (343774 files, 13% size)
2026-06-01 08:07:58+00:00 | (343814 files, 13% size)
2026-06-01 08:08:08+00:00 | (343854 files, 13% size)
2026-06-01 08:08:18+00:00 | (343894 files, 13% size)
2026-06-01 08:08:28+00:00 | (343934 files, 13% size)
2026-06-01 08:08:38+00:00 | (343974 files, 13% size)
2026-06-01 08:08:48+00:00 | (344014 files, 13% size)
2026-06-01 08:08:58+00:00 | (344054 files, 13% size)
2026-06-01 08:09:08+00:00 | (344094 files, 13% size)
2026-06-01 08:09:18+00:00 | (344134 files, 13% size)
2026-06-01 08:09:28+00:00 | (344174 files, 13% size)
2026-06-01 08:09:38+00:00 | (344214 files, 13% size)
2026-06-01 08:09:48+00:00 | (344254 files, 13% size)
2026-06-01 08:09:58+00:00 | (344294 files, 13% size)
2026-06-01 08:10:08+00:00 | (344334 files, 13% size)
2026-06-01 08:10:18+00:00 | (344374 files, 13% size)
2026-06-01 08:10:28+00:00 | (344414 files, 13% size)
2026-06-01 08:10:38+00:00 | (344454 files, 13% size)
2026-06-01 08:10:48+00:00 | (344494 files, 13% size)
2026-06-01 08:10:58+00:00 | (344534 files, 13% size)
2026-06-01 08:11:08+00:00 | (344574 files, 13% size)
2026-06-01 08:11:18+00:00 | (344614 files, 13% size)
2026-06-01 08:11:28+00:00 | (344654 files, 13% size)
2026-06-01 08:11:38+00:00 | (344694 files, 13% size)
2026-06-01 08:11:48+00:00 | (344734 files, 13% size)
2026-06-01 08:11:58+00:00 | (344774 files, 13% size)
2026-06-01 08:12:08+00:00 | (344814 files, 13% size)
2026-06-01 08:12:18+00:00 | (344854 files, 13% size)
2026-06-01 08:12:28+00:00 | (344894 files, 13% size)
2026-06-01 08:12:38+00:00 | (344934 files, 13% size)
2026-06-01 08:12:48+00:00 | (344974 files, 13% size)
2026-06-01 08:12:58+00:00 | (345014 files, 13% size)
2026-06-01 08:13:08+00:00 | (345054 files, 13% size)
2026-06-01 08:13:18+00:00 | (345094 files, 13% size)
2026-06-01 08:13:28+00:00 | (345134 files, 13% size)
2026-06-01 08:13:38+00:00 | (345174 files, 13% size)
2026-06-01 08:13:48+00:00 | (345214 files, 13% size)
2026-06-01 08:13:58+00:00 | (345254 files, 13% size)
2026-06-01 08:14:08+00:00 | (345294 files, 13% size)
2026-06-01 08:14:18+00:00 | (345334 files, 13% size)
2026-06-01 08:14:28+00:00 | (345374 files, 13% size)
2026-06-01 08:14:38+00:00 | (345414 files, 13% size)
2026-06-01 08:14:48+00:00 | (345454 files, 13% size)
2026-06-01 08:14:58+00:00 | (345494 files, 13% size)
2026-06-01 08:15:08+00:00 | (345534 files, 13% size)
2026-06-01 08:15:18+00:00 | (345574 files, 13% size)
2026-06-01 08:15:28+00:00 | (345614 files, 13% size)
2026-06-01 08:15:38+00:00 | (345654 files, 13% size)
2026-06-01 08:15:48+00:00 | (345694 files, 13% size)
2026-06-01 08:15:58+00:00 | (345734 files, 13% size)
2026-06-01 08:16:08+00:00 | (345774 files, 13% size)
2026-06-01 08:16:18+00:00 | (345814 files, 13% size)
2026-06-01 08:16:28+00:00 | (345854 files, 13% size)
2026-06-01 08:16:38+00:00 | (345894 files, 13% size)
2026-06-01 08:16:48+00:00 | (345934 files, 13% size)
2026-06-01 08:16:58+00:00 | (345974 files, 13% size)
2026-06-01 08:17:08+00:00 | (346014 files, 13% size)
2026-06-01 08:17:18+00:00 | (346054 files, 13% size)
2026-06-01 08:17:28+00:00 | (346094 files, 13% size)
2026-06-01 08:17:38+00:00 | (346134 files, 13% size)
2026-06-01 08:17:48+00:00 | (346174 files, 13% size)
2026-06-01 08:17:58+00:00 | (346214 files, 13% size)
2026-06-01 08:18:08+00:00 | (346254 files, 13% size)
2026-06-01 08:18:18+00:00 | (346294 files, 13% size)
2026-06-01 08:18:28+00:00 | (346334 files, 13% size)
2026-06-01 08:18:38+00:00 | (346374 files, 13% size)
2026-06-01 08:18:48+00:00 | (346414 files, 13% size)
2026-06-01 08:18:58+00:00 | (346454 files, 13% size)
2026-06-01 08:19:08+00:00 | (346494 files, 13% size)
2026-06-01 08:19:18+00:00 | (346534 files, 13% size)
2026-06-01 08:19:28+00:00 | (346574 files, 13% size)
2026-06-01 08:19:38+00:00 | (346614 files, 13% size)
2026-06-01 08:19:48+00:00 | (346654 files, 13% size)
2026-06-01 08:19:58+00:00 | (346694 files, 13% size)
2026-06-01 08:20:08+00:00 | (346734 files, 13% size)
2026-06-01 08:20:18+00:00 | (346774 files, 13% size)
2026-06-01 08:20:28+00:00 | (346814 files, 13% size)
2026-06-01 08:20:38+00:00 | (346854 files, 13% size)
2026-06-01 08:20:48+00:00 | (346894 files, 13% size)
2026-06-01 08:20:58+00:00 | (346934 files, 13% size)
2026-06-01 08:21:08+00:00 | (346974 files, 13% size)
2026-06-01 08:21:18+00:00 | (347014 files, 13% size)
2026-06-01 08:21:28+00:00 | (347054 files, 13% size)
2026-06-01 08:21:38+00:00 | (347094 files, 13% size)
2026-06-01 08:21:48+00:00 | (347134 files, 13% size)
2026-06-01 08:21:58+00:00 | (347174 files, 13% size)
2026-06-01 08:22:08+00:00 | (347214 files, 13% size)
2026-06-01 08:22:18+00:00 | (347254 files, 13% size)
2026-06-01 08:22:28+00:00 | (347294 files, 13% size)
2026-06-01 08:22:38+00:00 | (347334 files, 13% size)
2026-06-01 08:22:48+00:00 | (347374 files, 13% size)
2026-06-01 08:22:58+00:00 | (347414 files, 13% size)
2026-06-01 08:23:08+00:00 | (347454 files, 13% size)
2026-06-01 08:23:18+00:00 | (347494 files, 13% size)
2026-06-01 08:23:28+00:00 | (347534 files, 13% size)
2026-06-01 08:23:38+00:00 | (347574 files, 13% size)
2026-06-01 08:23:48+00:00 | (347614 files, 13% size)
2026-06-01 08:23:58+00:00 | (347654 files, 13% size)
2026-06-01 08:24:08+00:00 | (347694 files, 13% size)
2026-06-01 08:24:18+00:00 | (347734 files, 13% size)
2026-06-01 08:24:28+00:00 | (347774 files, 13% size)
2026-06-01 08:24:38+00:00 | (347814 files, 13% size)
2026-06-01 08:24:48+00:00 | (347854 files, 13% size)
2026-06-01 08:24:58+00:00 | (347894 files, 13% size)
2026-06-01 08:25:08+00:00 | (347934 files, 13% size)
2026-06-01 08:25:18+00:00 | (347974 files, 13% size)
2026-06-01 08:25:28+00:00 | (348014 files, 13% size)
2026-06-01 08:25:38+00:00 | (348054 files, 13% size)
2026-06-01 08:25:48+00:00 | (348094 files, 13% size)
2026-06-01 08:25:58+00:00 | (348134 files, 13% size)
2026-06-01 08:26:08+00:00 | (348174 files, 13% size)
2026-06-01 08:26:18+00:00 | (348214 files, 13% size)
2026-06-01 08:26:28+00:00 | (348254 files, 13% size)
2026-06-01 08:26:38+00:00 | (348294 files, 13% size)
2026-06-01 08:26:48+00:00 | (348334 files, 13% size)
2026-06-01 08:26:58+00:00 | (348374 files, 13% size)
2026-06-01 08:27:08+00:00 | (348414 files, 13% size)
2026-06-01 08:27:18+00:00 | (348454 files, 13% size)
2026-06-01 08:27:28+00:00 | (348494 files, 13% size)
2026-06-01 08:27:38+00:00 | (348534 files, 13% size)
2026-06-01 08:27:48+00:00 | (348574 files, 13% size)
2026-06-01 08:27:58+00:00 | (348614 files, 13% size)
2026-06-01 08:28:08+00:00 | (348654 files, 13% size)
2026-06-01 08:28:18+00:00 | (348694 files, 13% size)
2026-06-01 08:28:28+00:00 | (348734 files, 13% size)
2026-06-01 08:28:38+00:00 | (348774 files, 13% size)
2026-06-01 08:28:48+00:00 | (348814 files, 13% size)
2026-06-01 08:28:58+00:00 | (348854 files, 13% size)
2026-06-01 08:29:08+00:00 | (348894 files, 13% size)
2026-06-01 08:29:18+00:00 | (348934 files, 13% size)
2026-06-01 08:29:28+00:00 | (348974 files, 13% size)
2026-06-01 08:29:38+00:00 | (349014 files, 13% size)
2026-06-01 08:29:48+00:00 | (349054 files, 13% size)
2026-06-01 08:29:58+00:00 | (349094 files, 13% size)
2026-06-01 08:30:08+00:00 | (349134 files, 13% size)
2026-06-01 08:30:18+00:00 | (349174 files, 13% size)
2026-06-01 08:30:28+00:00 | (349214 files, 13% size)
2026-06-01 08:30:38+00:00 | (349254 files, 13% size)
2026-06-01 08:30:48+00:00 | (349294 files, 13% size)
2026-06-01 08:30:58+00:00 | (349334 files, 13% size)
2026-06-01 08:31:08+00:00 | (349374 files, 14% size)
2026-06-01 08:31:18+00:00 | (349414 files, 14% size)
2026-06-01 08:31:28+00:00 | (349454 files, 14% size)
2026-06-01 08:31:38+00:00 | (349494 files, 14% size)
2026-06-01 08:31:48+00:00 | (349534 files, 14% size)
2026-06-01 08:31:58+00:00 | (349574 files, 14% size)
2026-06-01 08:32:08+00:00 | (349614 files, 14% size)
2026-06-01 08:32:18+00:00 | (349654 files, 14% size)
2026-06-01 08:32:28+00:00 | (349694 files, 14% size)
2026-06-01 08:32:38+00:00 | (349734 files, 14% size)
2026-06-01 08:32:48+00:00 | (349774 files, 14% size)
2026-06-01 08:32:58+00:00 | (349814 files, 14% size)
2026-06-01 08:33:08+00:00 | (349854 files, 14% size)
2026-06-01 08:33:18+00:00 | (349894 files, 14% size)
2026-06-01 08:33:28+00:00 | (349934 files, 14% size)
2026-06-01 08:33:38+00:00 | (349974 files, 14% size)
2026-06-01 08:33:48+00:00 | (350014 files, 14% size)
2026-06-01 08:33:58+00:00 | (350054 files, 14% size)
2026-06-01 08:34:08+00:00 | (350094 files, 14% size)
2026-06-01 08:34:18+00:00 | (350134 files, 14% size)
2026-06-01 08:34:28+00:00 | (350174 files, 14% size)
2026-06-01 08:34:38+00:00 | (350214 files, 14% size)
2026-06-01 08:34:48+00:00 | (350254 files, 14% size)
2026-06-01 08:34:58+00:00 | (350294 files, 14% size)
2026-06-01 08:35:08+00:00 | (350334 files, 14% size)
2026-06-01 08:35:18+00:00 | (350374 files, 14% size)
2026-06-01 08:35:28+00:00 | (350414 files, 14% size)
2026-06-01 08:35:38+00:00 | (350454 files, 14% size)
2026-06-01 08:35:48+00:00 | (350494 files, 14% size)
2026-06-01 08:35:58+00:00 | (350534 files, 14% size)
2026-06-01 08:36:08+00:00 | (350574 files, 14% size)
2026-06-01 08:36:18+00:00 | (350614 files, 14% size)
2026-06-01 08:36:28+00:00 | (350654 files, 14% size)
2026-06-01 08:36:38+00:00 | (350694 files, 14% size)
2026-06-01 08:36:48+00:00 | (350734 files, 14% size)
2026-06-01 08:36:58+00:00 | (350774 files, 14% size)
2026-06-01 08:37:08+00:00 | (350814 files, 14% size)
2026-06-01 08:37:18+00:00 | (350854 files, 14% size)
2026-06-01 08:37:28+00:00 | (350894 files, 14% size)
2026-06-01 08:37:38+00:00 | (350934 files, 14% size)
2026-06-01 08:37:48+00:00 | (350970 files, 14% size)
2026-06-01 08:37:58+00:00 | (351010 files, 14% size)
2026-06-01 08:38:08+00:00 | (351050 files, 14% size)
2026-06-01 08:38:18+00:00 | (351090 files, 14% size)
2026-06-01 08:38:28+00:00 | (351130 files, 14% size)
2026-06-01 08:38:38+00:00 | (351170 files, 14% size)
2026-06-01 08:38:48+00:00 | (351210 files, 14% size)
2026-06-01 08:38:58+00:00 | (351250 files, 14% size)
2026-06-01 08:39:08+00:00 | (351290 files, 14% size)
2026-06-01 08:39:18+00:00 | (351330 files, 14% size)
2026-06-01 08:39:28+00:00 | (351370 files, 14% size)
2026-06-01 08:39:38+00:00 | (351412 files, 14% size)
2026-06-01 08:39:48+00:00 | (351454 files, 14% size)
2026-06-01 08:39:58+00:00 | (351494 files, 14% size)
2026-06-01 08:40:08+00:00 | (351534 files, 14% size)
2026-06-01 08:40:18+00:00 | (351574 files, 14% size)
2026-06-01 08:40:28+00:00 | (351614 files, 14% size)
2026-06-01 08:40:38+00:00 | (351654 files, 14% size)
2026-06-01 08:40:48+00:00 | (351694 files, 14% size)
2026-06-01 08:40:58+00:00 | (351734 files, 14% size)
2026-06-01 08:41:08+00:00 | (351774 files, 14% size)
2026-06-01 08:41:18+00:00 | (351814 files, 14% size)
2026-06-01 08:41:28+00:00 | (351854 files, 14% size)
2026-06-01 08:41:38+00:00 | (351894 files, 14% size)
2026-06-01 08:41:48+00:00 | (351934 files, 14% size)
2026-06-01 08:41:58+00:00 | (351974 files, 14% size)
2026-06-01 08:42:08+00:00 | (352014 files, 14% size)
2026-06-01 08:42:18+00:00 | (352054 files, 14% size)
2026-06-01 08:42:28+00:00 | (352094 files, 14% size)
2026-06-01 08:42:38+00:00 | (352134 files, 14% size)
2026-06-01 08:42:48+00:00 | (352174 files, 14% size)
2026-06-01 08:42:58+00:00 | (352212 files, 14% size)
2026-06-01 08:43:08+00:00 | (352254 files, 14% size)
2026-06-01 08:43:18+00:00 | (352294 files, 14% size)
2026-06-01 08:43:28+00:00 | (352334 files, 14% size)
2026-06-01 08:43:38+00:00 | (352374 files, 14% size)
2026-06-01 08:43:48+00:00 | (352414 files, 14% size)
2026-06-01 08:43:58+00:00 | (352454 files, 14% size)
2026-06-01 08:44:08+00:00 | (352494 files, 14% size)
2026-06-01 08:44:18+00:00 | (352534 files, 14% size)
2026-06-01 08:44:28+00:00 | (352574 files, 14% size)
2026-06-01 08:44:38+00:00 | (352614 files, 14% size)
2026-06-01 08:44:48+00:00 | (352654 files, 14% size)
2026-06-01 08:44:58+00:00 | (352694 files, 14% size)
2026-06-01 08:45:08+00:00 | (352734 files, 14% size)
2026-06-01 08:45:18+00:00 | (352774 files, 14% size)
2026-06-01 08:45:28+00:00 | (352814 files, 14% size)
2026-06-01 08:45:38+00:00 | (352854 files, 14% size)
2026-06-01 08:45:48+00:00 | (352894 files, 14% size)
2026-06-01 08:45:58+00:00 | (352934 files, 14% size)
2026-06-01 08:46:08+00:00 | (352974 files, 14% size)
2026-06-01 08:46:18+00:00 | (353014 files, 14% size)
2026-06-01 08:46:28+00:00 | (353054 files, 14% size)
2026-06-01 08:46:38+00:00 | (353094 files, 14% size)
2026-06-01 08:46:48+00:00 | (353134 files, 14% size)
2026-06-01 08:46:58+00:00 | (353174 files, 14% size)
2026-06-01 08:47:08+00:00 | (353214 files, 14% size)
2026-06-01 08:47:18+00:00 | (353254 files, 14% size)
2026-06-01 08:47:28+00:00 | (353294 files, 14% size)
2026-06-01 08:47:38+00:00 | (353334 files, 14% size)
2026-06-01 08:47:48+00:00 | (353374 files, 14% size)
2026-06-01 08:47:58+00:00 | (353414 files, 14% size)
2026-06-01 08:48:08+00:00 | (353454 files, 14% size)
2026-06-01 08:48:18+00:00 | (353494 files, 14% size)
2026-06-01 08:48:28+00:00 | (353534 files, 14% size)
2026-06-01 08:48:38+00:00 | (353574 files, 14% size)
2026-06-01 08:48:48+00:00 | (353614 files, 14% size)
2026-06-01 08:48:58+00:00 | (353654 files, 14% size)
2026-06-01 08:49:08+00:00 | (353694 files, 14% size)
2026-06-01 08:49:18+00:00 | (353734 files, 14% size)
2026-06-01 08:49:28+00:00 | (353774 files, 14% size)
2026-06-01 08:49:38+00:00 | (353814 files, 14% size)
2026-06-01 08:49:48+00:00 | (353854 files, 14% size)
2026-06-01 08:49:58+00:00 | (353894 files, 14% size)
2026-06-01 08:50:08+00:00 | (353934 files, 14% size)
2026-06-01 08:50:18+00:00 | (353974 files, 14% size)
2026-06-01 08:50:28+00:00 | (354014 files, 14% size)
2026-06-01 08:50:38+00:00 | (354054 files, 14% size)
2026-06-01 08:50:48+00:00 | (354094 files, 14% size)
2026-06-01 08:50:58+00:00 | (354134 files, 14% size)
2026-06-01 08:51:08+00:00 | (354174 files, 14% size)
2026-06-01 08:51:18+00:00 | (354214 files, 14% size)
2026-06-01 08:51:28+00:00 | (354254 files, 14% size)
2026-06-01 08:51:38+00:00 | (354294 files, 14% size)
2026-06-01 08:51:48+00:00 | (354334 files, 14% size)
2026-06-01 08:51:58+00:00 | (354374 files, 14% size)
2026-06-01 08:52:08+00:00 | (354414 files, 14% size)
2026-06-01 08:52:18+00:00 | (354454 files, 14% size)
2026-06-01 08:52:28+00:00 | (354494 files, 14% size)
2026-06-01 08:52:38+00:00 | (354534 files, 14% size)
2026-06-01 08:52:48+00:00 | (354574 files, 14% size)
2026-06-01 08:52:58+00:00 | (354614 files, 14% size)
2026-06-01 08:53:08+00:00 | (354654 files, 14% size)
2026-06-01 08:53:18+00:00 | (354694 files, 14% size)
2026-06-01 08:53:28+00:00 | (354734 files, 14% size)
2026-06-01 08:53:38+00:00 | (354774 files, 14% size)
2026-06-01 08:53:48+00:00 | (354814 files, 14% size)
2026-06-01 08:53:58+00:00 | (354854 files, 14% size)
2026-06-01 08:54:08+00:00 | (354894 files, 14% size)
2026-06-01 08:54:18+00:00 | (354934 files, 14% size)
2026-06-01 08:54:28+00:00 | (354974 files, 14% size)
2026-06-01 08:54:38+00:00 | (355014 files, 14% size)
2026-06-01 08:54:48+00:00 | (355054 files, 14% size)
2026-06-01 08:54:58+00:00 | (355094 files, 14% size)
2026-06-01 08:55:08+00:00 | (355134 files, 14% size)
2026-06-01 08:55:18+00:00 | (355174 files, 14% size)
2026-06-01 08:55:28+00:00 | (355214 files, 14% size)
2026-06-01 08:55:38+00:00 | (355254 files, 14% size)
2026-06-01 08:55:48+00:00 | (355294 files, 14% size)
2026-06-01 08:55:58+00:00 | (355334 files, 14% size)
2026-06-01 08:56:08+00:00 | (355374 files, 14% size)
2026-06-01 08:56:18+00:00 | (355414 files, 14% size)
2026-06-01 08:56:28+00:00 | (355454 files, 14% size)
2026-06-01 08:56:38+00:00 | (355494 files, 14% size)
2026-06-01 08:56:48+00:00 | (355534 files, 14% size)
2026-06-01 08:56:58+00:00 | (355574 files, 14% size)
2026-06-01 08:57:08+00:00 | (355614 files, 14% size)
2026-06-01 08:57:18+00:00 | (355654 files, 14% size)
2026-06-01 08:57:28+00:00 | (355694 files, 14% size)
2026-06-01 08:57:38+00:00 | (355734 files, 14% size)
2026-06-01 08:57:48+00:00 | (355774 files, 14% size)
2026-06-01 08:57:58+00:00 | (355814 files, 14% size)
2026-06-01 08:58:08+00:00 | (355854 files, 14% size)
2026-06-01 08:58:18+00:00 | (355894 files, 14% size)
2026-06-01 08:58:28+00:00 | (355934 files, 14% size)
2026-06-01 08:58:38+00:00 | (355974 files, 14% size)
2026-06-01 08:58:48+00:00 | (356014 files, 14% size)
2026-06-01 08:58:58+00:00 | (356054 files, 14% size)
2026-06-01 08:59:08+00:00 | (356094 files, 14% size)
2026-06-01 08:59:18+00:00 | (356134 files, 14% size)
2026-06-01 08:59:28+00:00 | (356174 files, 14% size)
2026-06-01 08:59:38+00:00 | (356214 files, 14% size)
2026-06-01 08:59:48+00:00 | (356254 files, 14% size)
2026-06-01 08:59:58+00:00 | (356294 files, 14% size)
2026-06-01 09:00:08+00:00 | (356334 files, 14% size)
2026-06-01 09:00:18+00:00 | (356374 files, 14% size)
2026-06-01 09:00:28+00:00 | (356414 files, 14% size)
2026-06-01 09:00:38+00:00 | (356454 files, 14% size)
2026-06-01 09:00:48+00:00 | (356494 files, 14% size)
2026-06-01 09:00:58+00:00 | (356534 files, 14% size)
2026-06-01 09:01:08+00:00 | (356574 files, 14% size)
2026-06-01 09:01:18+00:00 | (356614 files, 14% size)
2026-06-01 09:01:28+00:00 | (356654 files, 14% size)
2026-06-01 09:01:38+00:00 | (356694 files, 14% size)
2026-06-01 09:01:48+00:00 | (356734 files, 14% size)
2026-06-01 09:01:58+00:00 | (356774 files, 14% size)
2026-06-01 09:02:08+00:00 | (356814 files, 14% size)
2026-06-01 09:02:18+00:00 | (356854 files, 14% size)
2026-06-01 09:02:28+00:00 | (356894 files, 14% size)
2026-06-01 09:02:38+00:00 | (356934 files, 14% size)
2026-06-01 09:02:48+00:00 | (356974 files, 14% size)
2026-06-01 09:02:58+00:00 | (357014 files, 14% size)
2026-06-01 09:03:08+00:00 | (357054 files, 14% size)
2026-06-01 09:03:18+00:00 | (357094 files, 14% size)
2026-06-01 09:03:28+00:00 | (357134 files, 14% size)
2026-06-01 09:03:38+00:00 | (357174 files, 14% size)
2026-06-01 09:03:48+00:00 | (357214 files, 14% size)
2026-06-01 09:03:58+00:00 | (357254 files, 14% size)
2026-06-01 09:04:08+00:00 | (357293 files, 14% size)
2026-06-01 09:04:18+00:00 | (357334 files, 14% size)
2026-06-01 09:04:28+00:00 | (357374 files, 14% size)
2026-06-01 09:04:38+00:00 | (357414 files, 14% size)
2026-06-01 09:04:48+00:00 | (357454 files, 14% size)
2026-06-01 09:04:58+00:00 | (357494 files, 14% size)
2026-06-01 09:05:08+00:00 | (357534 files, 14% size)
2026-06-01 09:05:18+00:00 | (357574 files, 14% size)
2026-06-01 09:05:28+00:00 | (357614 files, 14% size)
2026-06-01 09:05:38+00:00 | (357654 files, 14% size)
2026-06-01 09:05:48+00:00 | (357694 files, 14% size)
2026-06-01 09:05:58+00:00 | (357734 files, 14% size)
2026-06-01 09:06:08+00:00 | (357774 files, 14% size)
2026-06-01 09:06:18+00:00 | (357814 files, 14% size)
2026-06-01 09:06:28+00:00 | (357854 files, 14% size)
2026-06-01 09:06:38+00:00 | (357894 files, 14% size)
2026-06-01 09:06:48+00:00 | (357934 files, 14% size)
2026-06-01 09:06:58+00:00 | (357974 files, 14% size)
2026-06-01 09:07:08+00:00 | (358014 files, 14% size)
2026-06-01 09:07:18+00:00 | (358054 files, 14% size)
2026-06-01 09:07:28+00:00 | (358094 files, 14% size)
2026-06-01 09:07:38+00:00 | (358134 files, 14% size)
2026-06-01 09:07:48+00:00 | (358174 files, 14% size)
2026-06-01 09:07:58+00:00 | (358214 files, 14% size)
2026-06-01 09:08:08+00:00 | (358254 files, 14% size)
2026-06-01 09:08:18+00:00 | (358294 files, 14% size)
2026-06-01 09:08:28+00:00 | (358334 files, 14% size)
2026-06-01 09:08:38+00:00 | (358374 files, 14% size)
2026-06-01 09:08:48+00:00 | (358414 files, 14% size)
2026-06-01 09:08:58+00:00 | (358454 files, 14% size)
2026-06-01 09:09:08+00:00 | (358494 files, 14% size)
2026-06-01 09:09:18+00:00 | (358534 files, 14% size)
2026-06-01 09:09:28+00:00 | (358574 files, 14% size)
2026-06-01 09:09:38+00:00 | (358614 files, 14% size)
2026-06-01 09:09:48+00:00 | (358654 files, 14% size)
2026-06-01 09:09:58+00:00 | (358694 files, 14% size)
2026-06-01 09:10:08+00:00 | (358734 files, 14% size)
2026-06-01 09:10:18+00:00 | (358774 files, 14% size)
2026-06-01 09:10:28+00:00 | (358814 files, 14% size)
2026-06-01 09:10:38+00:00 | (358854 files, 14% size)
2026-06-01 09:10:48+00:00 | (358894 files, 14% size)
2026-06-01 09:10:58+00:00 | (358934 files, 14% size)
2026-06-01 09:11:08+00:00 | (358974 files, 14% size)
2026-06-01 09:11:18+00:00 | (359014 files, 14% size)
2026-06-01 09:11:28+00:00 | (359054 files, 14% size)
2026-06-01 09:11:38+00:00 | (359094 files, 14% size)
2026-06-01 09:11:48+00:00 | (359134 files, 14% size)
2026-06-01 09:11:58+00:00 | (359174 files, 14% size)
2026-06-01 09:12:08+00:00 | (359214 files, 14% size)
2026-06-01 09:12:18+00:00 | (359254 files, 14% size)
2026-06-01 09:12:28+00:00 | (359294 files, 14% size)
2026-06-01 09:12:38+00:00 | (359334 files, 14% size)
2026-06-01 09:12:48+00:00 | (359374 files, 14% size)
2026-06-01 09:12:58+00:00 | (359414 files, 14% size)
2026-06-01 09:13:08+00:00 | (359454 files, 14% size)
2026-06-01 09:13:18+00:00 | (359494 files, 14% size)
2026-06-01 09:13:28+00:00 | (359534 files, 14% size)
2026-06-01 09:13:38+00:00 | (359574 files, 14% size)
2026-06-01 09:13:48+00:00 | (359614 files, 14% size)
2026-06-01 09:13:58+00:00 | (359654 files, 14% size)
2026-06-01 09:14:08+00:00 | (359694 files, 14% size)
2026-06-01 09:14:18+00:00 | (359734 files, 14% size)
2026-06-01 09:14:28+00:00 | (359774 files, 14% size)
2026-06-01 09:14:38+00:00 | (359814 files, 14% size)
2026-06-01 09:14:48+00:00 | (359854 files, 14% size)
2026-06-01 09:14:58+00:00 | (359894 files, 14% size)
2026-06-01 09:15:08+00:00 | (359934 files, 14% size)
2026-06-01 09:15:18+00:00 | (359974 files, 14% size)
2026-06-01 09:15:28+00:00 | (360014 files, 14% size)
2026-06-01 09:15:38+00:00 | (360054 files, 14% size)
2026-06-01 09:15:48+00:00 | (360094 files, 14% size)
2026-06-01 09:15:58+00:00 | (360134 files, 14% size)
2026-06-01 09:16:08+00:00 | (360174 files, 14% size)
2026-06-01 09:16:18+00:00 | (360214 files, 14% size)
2026-06-01 09:16:28+00:00 | (360254 files, 14% size)
2026-06-01 09:16:38+00:00 | (360294 files, 14% size)
2026-06-01 09:16:48+00:00 | (360334 files, 14% size)
2026-06-01 09:16:58+00:00 | (360374 files, 14% size)
2026-06-01 09:17:08+00:00 | (360414 files, 14% size)
2026-06-01 09:17:18+00:00 | (360454 files, 14% size)
2026-06-01 09:17:28+00:00 | (360494 files, 14% size)
2026-06-01 09:17:38+00:00 | (360534 files, 14% size)
2026-06-01 09:17:48+00:00 | (360574 files, 14% size)
2026-06-01 09:17:58+00:00 | (360614 files, 14% size)
2026-06-01 09:18:08+00:00 | (360654 files, 14% size)
2026-06-01 09:18:18+00:00 | (360694 files, 14% size)
2026-06-01 09:18:28+00:00 | (360734 files, 14% size)
2026-06-01 09:18:38+00:00 | (360774 files, 14% size)
2026-06-01 09:18:48+00:00 | (360814 files, 14% size)
2026-06-01 09:18:58+00:00 | (360854 files, 14% size)
2026-06-01 09:19:08+00:00 | (360894 files, 14% size)
2026-06-01 09:19:18+00:00 | (360934 files, 14% size)
2026-06-01 09:19:28+00:00 | (360974 files, 14% size)
2026-06-01 09:19:38+00:00 | (361014 files, 14% size)
2026-06-01 09:19:48+00:00 | (361054 files, 14% size)
2026-06-01 09:19:58+00:00 | (361094 files, 14% size)
2026-06-01 09:20:08+00:00 | (361134 files, 14% size)
2026-06-01 09:20:18+00:00 | (361174 files, 14% size)
2026-06-01 09:20:28+00:00 | (361214 files, 14% size)
2026-06-01 09:20:38+00:00 | (361254 files, 14% size)
2026-06-01 09:20:48+00:00 | (361294 files, 14% size)
2026-06-01 09:20:58+00:00 | (361334 files, 14% size)
2026-06-01 09:21:08+00:00 | (361374 files, 14% size)
2026-06-01 09:21:18+00:00 | (361414 files, 14% size)
2026-06-01 09:21:28+00:00 | (361454 files, 14% size)
2026-06-01 09:21:38+00:00 | (361494 files, 14% size)
2026-06-01 09:21:48+00:00 | (361534 files, 14% size)
2026-06-01 09:21:58+00:00 | (361574 files, 14% size)
2026-06-01 09:22:08+00:00 | (361614 files, 14% size)
2026-06-01 09:22:18+00:00 | (361654 files, 14% size)
2026-06-01 09:22:28+00:00 | (361694 files, 14% size)
2026-06-01 09:22:38+00:00 | (361734 files, 14% size)
2026-06-01 09:22:48+00:00 | (361774 files, 14% size)
2026-06-01 09:22:58+00:00 | (361814 files, 14% size)
2026-06-01 09:23:08+00:00 | (361854 files, 14% size)
2026-06-01 09:23:18+00:00 | (361894 files, 14% size)
2026-06-01 09:23:28+00:00 | (361934 files, 14% size)
2026-06-01 09:23:38+00:00 | (361974 files, 14% size)
2026-06-01 09:23:48+00:00 | (362014 files, 14% size)
2026-06-01 09:23:58+00:00 | (362054 files, 14% size)
2026-06-01 09:24:08+00:00 | (362094 files, 14% size)
2026-06-01 09:24:18+00:00 | (362134 files, 14% size)
2026-06-01 09:24:28+00:00 | (362174 files, 14% size)
2026-06-01 09:24:38+00:00 | (362214 files, 14% size)
2026-06-01 09:24:48+00:00 | (362254 files, 14% size)
2026-06-01 09:24:58+00:00 | (362294 files, 14% size)
2026-06-01 09:25:08+00:00 | (362334 files, 14% size)
2026-06-01 09:25:18+00:00 | (362374 files, 14% size)
2026-06-01 09:25:28+00:00 | (362414 files, 14% size)
2026-06-01 09:25:38+00:00 | (362454 files, 14% size)
2026-06-01 09:25:48+00:00 | (362494 files, 14% size)
2026-06-01 09:25:58+00:00 | (362534 files, 14% size)
2026-06-01 09:26:08+00:00 | (362574 files, 14% size)
2026-06-01 09:26:18+00:00 | (362614 files, 14% size)
2026-06-01 09:26:28+00:00 | (362654 files, 14% size)
2026-06-01 09:26:38+00:00 | (362694 files, 14% size)
2026-06-01 09:26:48+00:00 | (362734 files, 14% size)
2026-06-01 09:26:58+00:00 | (362774 files, 14% size)
2026-06-01 09:27:08+00:00 | (362814 files, 14% size)
2026-06-01 09:27:18+00:00 | (362854 files, 14% size)
2026-06-01 09:27:28+00:00 | (362894 files, 14% size)
2026-06-01 09:27:38+00:00 | (362934 files, 14% size)
2026-06-01 09:27:48+00:00 | (362974 files, 14% size)
2026-06-01 09:27:58+00:00 | (363014 files, 14% size)
2026-06-01 09:28:08+00:00 | (363054 files, 14% size)
2026-06-01 09:28:18+00:00 | (363094 files, 14% size)
2026-06-01 09:28:28+00:00 | (363134 files, 14% size)
2026-06-01 09:28:38+00:00 | (363174 files, 14% size)
2026-06-01 09:28:48+00:00 | (363214 files, 14% size)
2026-06-01 09:28:58+00:00 | (363254 files, 14% size)
2026-06-01 09:29:08+00:00 | (363294 files, 14% size)
2026-06-01 09:29:18+00:00 | (363334 files, 14% size)
2026-06-01 09:29:28+00:00 | (363374 files, 14% size)
2026-06-01 09:29:38+00:00 | (363414 files, 14% size)
2026-06-01 09:29:48+00:00 | (363454 files, 14% size)
2026-06-01 09:29:58+00:00 | (363494 files, 14% size)
2026-06-01 09:30:08+00:00 | (363534 files, 14% size)
2026-06-01 09:30:18+00:00 | (363574 files, 14% size)
2026-06-01 09:30:28+00:00 | (363614 files, 14% size)
2026-06-01 09:30:38+00:00 | (363654 files, 14% size)
2026-06-01 09:30:48+00:00 | (363694 files, 14% size)
2026-06-01 09:30:58+00:00 | (363734 files, 14% size)
2026-06-01 09:31:08+00:00 | (363774 files, 14% size)
2026-06-01 09:31:18+00:00 | (363814 files, 14% size)
2026-06-01 09:31:28+00:00 | (363854 files, 14% size)
2026-06-01 09:31:38+00:00 | (363894 files, 14% size)
2026-06-01 09:31:48+00:00 | (363934 files, 14% size)
2026-06-01 09:31:58+00:00 | (363974 files, 14% size)
2026-06-01 09:32:08+00:00 | (364014 files, 14% size)
2026-06-01 09:32:18+00:00 | (364054 files, 14% size)
2026-06-01 09:32:28+00:00 | (364094 files, 14% size)
2026-06-01 09:32:38+00:00 | (364134 files, 14% size)
2026-06-01 09:32:48+00:00 | (364174 files, 14% size)
2026-06-01 09:32:58+00:00 | (364214 files, 14% size)
2026-06-01 09:33:08+00:00 | (364254 files, 14% size)
2026-06-01 09:33:18+00:00 | (364294 files, 14% size)
2026-06-01 09:33:28+00:00 | (364334 files, 14% size)
2026-06-01 09:33:38+00:00 | (364374 files, 14% size)
2026-06-01 09:33:48+00:00 | (364414 files, 14% size)
2026-06-01 09:33:58+00:00 | (364454 files, 14% size)
2026-06-01 09:34:08+00:00 | (364494 files, 14% size)
2026-06-01 09:34:18+00:00 | (364534 files, 14% size)
2026-06-01 09:34:28+00:00 | (364574 files, 14% size)
2026-06-01 09:34:38+00:00 | (364614 files, 14% size)
2026-06-01 09:34:48+00:00 | (364654 files, 14% size)
2026-06-01 09:34:58+00:00 | (364694 files, 14% size)
2026-06-01 09:35:08+00:00 | (364734 files, 14% size)
2026-06-01 09:35:18+00:00 | (364774 files, 14% size)
2026-06-01 09:35:28+00:00 | (364814 files, 14% size)
2026-06-01 09:35:38+00:00 | (364854 files, 14% size)
2026-06-01 09:35:48+00:00 | (364894 files, 14% size)
2026-06-01 09:35:58+00:00 | (364934 files, 14% size)
2026-06-01 09:36:08+00:00 | (364974 files, 14% size)
2026-06-01 09:36:18+00:00 | (365014 files, 14% size)
2026-06-01 09:36:28+00:00 | (365054 files, 14% size)
2026-06-01 09:36:38+00:00 | (365094 files, 14% size)
2026-06-01 09:36:48+00:00 | (365134 files, 14% size)
2026-06-01 09:36:58+00:00 | (365174 files, 14% size)
2026-06-01 09:37:08+00:00 | (365214 files, 14% size)
2026-06-01 09:37:18+00:00 | (365254 files, 14% size)
2026-06-01 09:37:28+00:00 | (365294 files, 14% size)
2026-06-01 09:37:38+00:00 | (365334 files, 14% size)
2026-06-01 09:37:48+00:00 | (365374 files, 14% size)
2026-06-01 09:37:58+00:00 | (365414 files, 14% size)
2026-06-01 09:38:08+00:00 | (365454 files, 14% size)
2026-06-01 09:38:18+00:00 | (365494 files, 14% size)
2026-06-01 09:38:28+00:00 | (365534 files, 14% size)
2026-06-01 09:38:38+00:00 | (365574 files, 14% size)
2026-06-01 09:38:48+00:00 | (365614 files, 14% size)
2026-06-01 09:38:58+00:00 | (365654 files, 14% size)
2026-06-01 09:39:08+00:00 | (365694 files, 14% size)
2026-06-01 09:39:18+00:00 | (365734 files, 14% size)
2026-06-01 09:39:28+00:00 | (365774 files, 14% size)
2026-06-01 09:39:38+00:00 | (365814 files, 14% size)
2026-06-01 09:39:48+00:00 | (365854 files, 14% size)
2026-06-01 09:39:58+00:00 | (365894 files, 14% size)
2026-06-01 09:40:08+00:00 | (365934 files, 14% size)
2026-06-01 09:40:18+00:00 | (365974 files, 14% size)
2026-06-01 09:40:28+00:00 | (366014 files, 14% size)
2026-06-01 09:40:38+00:00 | (366054 files, 14% size)
2026-06-01 09:40:48+00:00 | (366094 files, 14% size)
2026-06-01 09:40:58+00:00 | (366134 files, 14% size)
2026-06-01 09:41:08+00:00 | (366174 files, 14% size)
2026-06-01 09:41:18+00:00 | (366214 files, 14% size)
2026-06-01 09:41:28+00:00 | (366254 files, 14% size)
2026-06-01 09:41:38+00:00 | (366294 files, 14% size)
2026-06-01 09:41:48+00:00 | (366334 files, 14% size)
2026-06-01 09:41:58+00:00 | (366374 files, 14% size)
2026-06-01 09:42:08+00:00 | (366414 files, 14% size)
2026-06-01 09:42:18+00:00 | (366454 files, 14% size)
2026-06-01 09:42:28+00:00 | (366494 files, 14% size)
2026-06-01 09:42:38+00:00 | (366534 files, 14% size)
2026-06-01 09:42:48+00:00 | (366574 files, 14% size)
2026-06-01 09:42:58+00:00 | (366614 files, 14% size)
2026-06-01 09:43:08+00:00 | (366654 files, 14% size)
2026-06-01 09:43:18+00:00 | (366694 files, 14% size)
2026-06-01 09:43:28+00:00 | (366734 files, 14% size)
2026-06-01 09:43:38+00:00 | (366774 files, 14% size)
2026-06-01 09:43:48+00:00 | (366814 files, 14% size)
2026-06-01 09:43:58+00:00 | (366854 files, 14% size)
2026-06-01 09:44:08+00:00 | (366894 files, 14% size)
2026-06-01 09:44:18+00:00 | (366934 files, 14% size)
2026-06-01 09:44:28+00:00 | (366974 files, 14% size)
2026-06-01 09:44:38+00:00 | (367014 files, 14% size)
2026-06-01 09:44:48+00:00 | (367054 files, 14% size)
2026-06-01 09:44:58+00:00 | (367094 files, 14% size)
2026-06-01 09:45:08+00:00 | (367134 files, 14% size)
2026-06-01 09:45:18+00:00 | (367174 files, 14% size)
2026-06-01 09:45:28+00:00 | (367214 files, 14% size)
2026-06-01 09:45:38+00:00 | (367254 files, 14% size)
2026-06-01 09:45:48+00:00 | (367294 files, 14% size)
2026-06-01 09:45:58+00:00 | (367334 files, 14% size)
2026-06-01 09:46:08+00:00 | (367374 files, 14% size)
2026-06-01 09:46:18+00:00 | (367414 files, 14% size)
2026-06-01 09:46:28+00:00 | (367454 files, 14% size)
2026-06-01 09:46:38+00:00 | (367494 files, 14% size)
2026-06-01 09:46:48+00:00 | (367534 files, 14% size)
2026-06-01 09:46:58+00:00 | (367574 files, 14% size)
2026-06-01 09:47:08+00:00 | (367614 files, 14% size)
2026-06-01 09:47:18+00:00 | (367654 files, 14% size)
2026-06-01 09:47:28+00:00 | (367694 files, 14% size)
2026-06-01 09:47:38+00:00 | (367734 files, 14% size)
2026-06-01 09:47:48+00:00 | (367774 files, 14% size)
2026-06-01 09:47:58+00:00 | (367814 files, 14% size)
2026-06-01 09:48:08+00:00 | (367854 files, 14% size)
2026-06-01 09:48:18+00:00 | (367894 files, 14% size)
2026-06-01 09:48:28+00:00 | (367934 files, 14% size)
2026-06-01 09:48:38+00:00 | (367974 files, 14% size)
2026-06-01 09:48:48+00:00 | (368014 files, 14% size)
2026-06-01 09:48:58+00:00 | (368054 files, 14% size)
2026-06-01 09:49:08+00:00 | (368094 files, 14% size)
2026-06-01 09:49:18+00:00 | (368134 files, 14% size)
2026-06-01 09:49:28+00:00 | (368174 files, 14% size)
2026-06-01 09:49:38+00:00 | (368214 files, 14% size)
2026-06-01 09:49:48+00:00 | (368254 files, 14% size)
2026-06-01 09:49:58+00:00 | (368294 files, 14% size)
2026-06-01 09:50:08+00:00 | (368334 files, 14% size)
2026-06-01 09:50:18+00:00 | (368374 files, 14% size)
2026-06-01 09:50:28+00:00 | (368414 files, 14% size)
2026-06-01 09:50:38+00:00 | (368454 files, 14% size)
2026-06-01 09:50:48+00:00 | (368494 files, 14% size)
2026-06-01 09:50:58+00:00 | (368534 files, 14% size)
2026-06-01 09:51:08+00:00 | (368574 files, 14% size)
2026-06-01 09:51:18+00:00 | (368614 files, 14% size)
2026-06-01 09:51:28+00:00 | (368654 files, 14% size)
2026-06-01 09:51:38+00:00 | (368694 files, 14% size)
2026-06-01 09:51:48+00:00 | (368734 files, 14% size)
2026-06-01 09:51:58+00:00 | (368774 files, 14% size)
2026-06-01 09:52:08+00:00 | (368814 files, 14% size)
2026-06-01 09:52:18+00:00 | (368854 files, 14% size)
2026-06-01 09:52:28+00:00 | (368894 files, 14% size)
2026-06-01 09:52:38+00:00 | (368934 files, 14% size)
2026-06-01 09:52:48+00:00 | (368974 files, 14% size)
2026-06-01 09:52:58+00:00 | (369014 files, 14% size)
2026-06-01 09:53:08+00:00 | (369054 files, 14% size)
2026-06-01 09:53:18+00:00 | (369094 files, 14% size)
2026-06-01 09:53:28+00:00 | (369134 files, 14% size)
2026-06-01 09:53:38+00:00 | (369174 files, 14% size)
2026-06-01 09:53:48+00:00 | (369214 files, 14% size)
2026-06-01 09:53:58+00:00 | (369254 files, 14% size)
2026-06-01 09:54:08+00:00 | (369294 files, 14% size)
2026-06-01 09:54:18+00:00 | (369334 files, 14% size)
2026-06-01 09:54:28+00:00 | (369374 files, 14% size)
2026-06-01 09:54:38+00:00 | (369414 files, 14% size)
2026-06-01 09:54:48+00:00 | (369454 files, 14% size)
2026-06-01 09:54:58+00:00 | (369494 files, 14% size)
2026-06-01 09:55:08+00:00 | (369534 files, 14% size)
2026-06-01 09:55:18+00:00 | (369574 files, 14% size)
2026-06-01 09:55:28+00:00 | (369614 files, 14% size)
2026-06-01 09:55:38+00:00 | (369654 files, 14% size)
2026-06-01 09:55:48+00:00 | (369694 files, 14% size)
2026-06-01 09:55:58+00:00 | (369734 files, 14% size)
2026-06-01 09:56:08+00:00 | (369774 files, 14% size)
2026-06-01 09:56:18+00:00 | (369814 files, 14% size)
2026-06-01 09:56:28+00:00 | (369854 files, 14% size)
2026-06-01 09:56:38+00:00 | (369894 files, 14% size)
2026-06-01 09:56:48+00:00 | (369934 files, 14% size)
2026-06-01 09:56:58+00:00 | (369974 files, 14% size)
2026-06-01 09:57:08+00:00 | (370014 files, 14% size)
2026-06-01 09:57:18+00:00 | (370054 files, 14% size)
2026-06-01 09:57:28+00:00 | (370094 files, 14% size)
2026-06-01 09:57:38+00:00 | (370134 files, 14% size)
2026-06-01 09:57:48+00:00 | (370174 files, 14% size)
2026-06-01 09:57:58+00:00 | (370214 files, 14% size)
2026-06-01 09:58:08+00:00 | (370254 files, 14% size)
2026-06-01 09:58:18+00:00 | (370294 files, 14% size)
2026-06-01 09:58:28+00:00 | (370334 files, 14% size)
2026-06-01 09:58:38+00:00 | (370374 files, 14% size)
2026-06-01 09:58:48+00:00 | (370414 files, 14% size)
2026-06-01 09:58:58+00:00 | (370454 files, 14% size)
2026-06-01 09:59:08+00:00 | (370494 files, 14% size)
2026-06-01 09:59:18+00:00 | (370534 files, 14% size)
2026-06-01 09:59:28+00:00 | (370574 files, 14% size)
2026-06-01 09:59:38+00:00 | (370614 files, 14% size)
2026-06-01 09:59:48+00:00 | (370654 files, 14% size)
2026-06-01 09:59:58+00:00 | (370694 files, 14% size)
2026-06-01 10:00:08+00:00 | (370734 files, 14% size)
2026-06-01 10:00:18+00:00 | (370774 files, 14% size)
2026-06-01 10:00:28+00:00 | (370814 files, 14% size)
2026-06-01 10:00:38+00:00 | (370854 files, 14% size)
2026-06-01 10:00:48+00:00 | (370894 files, 14% size)
2026-06-01 10:00:58+00:00 | (370934 files, 14% size)
2026-06-01 10:01:08+00:00 | (370974 files, 14% size)
2026-06-01 10:01:18+00:00 | (371014 files, 14% size)
2026-06-01 10:01:28+00:00 | (371054 files, 14% size)
2026-06-01 10:01:38+00:00 | (371094 files, 14% size)
2026-06-01 10:01:48+00:00 | (371134 files, 14% size)
2026-06-01 10:01:58+00:00 | (371174 files, 14% size)
2026-06-01 10:02:08+00:00 | (371214 files, 14% size)
2026-06-01 10:02:18+00:00 | (371254 files, 14% size)
2026-06-01 10:02:28+00:00 | (371294 files, 14% size)
2026-06-01 10:02:38+00:00 | (371334 files, 14% size)
2026-06-01 10:02:48+00:00 | (371374 files, 14% size)
2026-06-01 10:02:58+00:00 | (371414 files, 14% size)
2026-06-01 10:03:08+00:00 | (371454 files, 14% size)
2026-06-01 10:03:18+00:00 | (371494 files, 14% size)
2026-06-01 10:03:28+00:00 | (371534 files, 14% size)
2026-06-01 10:03:38+00:00 | (371574 files, 14% size)
2026-06-01 10:03:48+00:00 | (371614 files, 14% size)
2026-06-01 10:03:58+00:00 | (371654 files, 14% size)
2026-06-01 10:04:08+00:00 | (371694 files, 14% size)
2026-06-01 10:04:18+00:00 | (371734 files, 14% size)
2026-06-01 10:04:28+00:00 | (371774 files, 14% size)
2026-06-01 10:04:38+00:00 | (371814 files, 14% size)
2026-06-01 10:04:48+00:00 | (371854 files, 14% size)
2026-06-01 10:04:58+00:00 | (371894 files, 14% size)
2026-06-01 10:05:08+00:00 | (371934 files, 14% size)
2026-06-01 10:05:18+00:00 | (371974 files, 14% size)
2026-06-01 10:05:28+00:00 | (372014 files, 14% size)
2026-06-01 10:05:38+00:00 | (372054 files, 14% size)
2026-06-01 10:05:48+00:00 | (372094 files, 14% size)
2026-06-01 10:05:58+00:00 | (372134 files, 14% size)
2026-06-01 10:06:08+00:00 | (372174 files, 14% size)
2026-06-01 10:06:18+00:00 | (372214 files, 14% size)
2026-06-01 10:06:28+00:00 | (372254 files, 14% size)
2026-06-01 10:06:38+00:00 | (372294 files, 14% size)
2026-06-01 10:06:48+00:00 | (372334 files, 14% size)
2026-06-01 10:06:58+00:00 | (372374 files, 14% size)
2026-06-01 10:07:08+00:00 | (372414 files, 14% size)
2026-06-01 10:07:18+00:00 | (372454 files, 14% size)
2026-06-01 10:07:28+00:00 | (372494 files, 14% size)
2026-06-01 10:07:38+00:00 | (372534 files, 14% size)
2026-06-01 10:07:48+00:00 | (372574 files, 14% size)
2026-06-01 10:07:58+00:00 | (372614 files, 14% size)
2026-06-01 10:08:08+00:00 | (372654 files, 14% size)
2026-06-01 10:08:18+00:00 | (372694 files, 14% size)
2026-06-01 10:08:28+00:00 | (372734 files, 14% size)
2026-06-01 10:08:38+00:00 | (372774 files, 14% size)
2026-06-01 10:08:48+00:00 | (372814 files, 14% size)
2026-06-01 10:08:58+00:00 | (372854 files, 14% size)
2026-06-01 10:09:08+00:00 | (372894 files, 14% size)
2026-06-01 10:09:18+00:00 | (372934 files, 14% size)
2026-06-01 10:09:28+00:00 | (372974 files, 14% size)
2026-06-01 10:09:38+00:00 | (373014 files, 14% size)
2026-06-01 10:09:48+00:00 | (373054 files, 14% size)
2026-06-01 10:09:58+00:00 | (373094 files, 14% size)
2026-06-01 10:10:08+00:00 | (373134 files, 14% size)
2026-06-01 10:10:18+00:00 | (373174 files, 14% size)
2026-06-01 10:10:28+00:00 | (373214 files, 14% size)
2026-06-01 10:10:38+00:00 | (373254 files, 14% size)
2026-06-01 10:10:48+00:00 | (373294 files, 14% size)
2026-06-01 10:10:58+00:00 | (373334 files, 14% size)
2026-06-01 10:11:08+00:00 | (373374 files, 14% size)
2026-06-01 10:11:18+00:00 | (373414 files, 14% size)
2026-06-01 10:11:28+00:00 | (373454 files, 14% size)
2026-06-01 10:11:38+00:00 | (373494 files, 14% size)
2026-06-01 10:11:48+00:00 | (373534 files, 14% size)
2026-06-01 10:11:58+00:00 | (373574 files, 14% size)
2026-06-01 10:12:08+00:00 | (373614 files, 14% size)
2026-06-01 10:12:18+00:00 | (373654 files, 14% size)
2026-06-01 10:12:28+00:00 | (373694 files, 14% size)
2026-06-01 10:12:38+00:00 | (373734 files, 14% size)
2026-06-01 10:12:48+00:00 | (373774 files, 14% size)
2026-06-01 10:12:58+00:00 | (373814 files, 14% size)
2026-06-01 10:13:08+00:00 | (373854 files, 14% size)
2026-06-01 10:13:18+00:00 | (373894 files, 14% size)
2026-06-01 10:13:28+00:00 | (373934 files, 14% size)
2026-06-01 10:13:38+00:00 | (373974 files, 14% size)
2026-06-01 10:13:48+00:00 | (374014 files, 14% size)
2026-06-01 10:13:58+00:00 | (374054 files, 14% size)
2026-06-01 10:14:08+00:00 | (374094 files, 14% size)
2026-06-01 10:14:18+00:00 | (374134 files, 14% size)
2026-06-01 10:14:28+00:00 | (374174 files, 14% size)
2026-06-01 10:14:38+00:00 | (374214 files, 14% size)
2026-06-01 10:14:48+00:00 | (374254 files, 14% size)
2026-06-01 10:14:58+00:00 | (374294 files, 14% size)
2026-06-01 10:15:08+00:00 | (374334 files, 15% size)
2026-06-01 10:15:18+00:00 | (374374 files, 15% size)
2026-06-01 10:15:28+00:00 | (374414 files, 15% size)
2026-06-01 10:15:38+00:00 | (374454 files, 15% size)
2026-06-01 10:15:48+00:00 | (374494 files, 15% size)
2026-06-01 10:15:58+00:00 | (374534 files, 15% size)
2026-06-01 10:16:08+00:00 | (374574 files, 15% size)
2026-06-01 10:16:18+00:00 | (374614 files, 15% size)
2026-06-01 10:16:28+00:00 | (374654 files, 15% size)
2026-06-01 10:16:38+00:00 | (374694 files, 15% size)
2026-06-01 10:16:48+00:00 | (374734 files, 15% size)
2026-06-01 10:16:58+00:00 | (374774 files, 15% size)
2026-06-01 10:17:08+00:00 | (374814 files, 15% size)
2026-06-01 10:17:18+00:00 | (374854 files, 15% size)
2026-06-01 10:17:28+00:00 | (374894 files, 15% size)
2026-06-01 10:17:38+00:00 | (374934 files, 15% size)
2026-06-01 10:17:48+00:00 | (374974 files, 15% size)
2026-06-01 10:17:58+00:00 | (375014 files, 15% size)
2026-06-01 10:18:08+00:00 | (375054 files, 15% size)
2026-06-01 10:18:18+00:00 | (375094 files, 15% size)
2026-06-01 10:18:28+00:00 | (375134 files, 15% size)
2026-06-01 10:18:38+00:00 | (375174 files, 15% size)
2026-06-01 10:18:48+00:00 | (375214 files, 15% size)
2026-06-01 10:18:58+00:00 | (375250 files, 15% size)
2026-06-01 10:19:08+00:00 | (375290 files, 15% size)
2026-06-01 10:19:18+00:00 | (375330 files, 15% size)
2026-06-01 10:19:28+00:00 | (375370 files, 15% size)
2026-06-01 10:19:38+00:00 | (375410 files, 15% size)
2026-06-01 10:19:48+00:00 | (375450 files, 15% size)
2026-06-01 10:19:58+00:00 | (375490 files, 15% size)
2026-06-01 10:20:08+00:00 | (375530 files, 15% size)
2026-06-01 10:20:18+00:00 | (375570 files, 15% size)
2026-06-01 10:20:28+00:00 | (375610 files, 15% size)
2026-06-01 10:20:38+00:00 | (375650 files, 15% size)
2026-06-01 10:20:48+00:00 | (375692 files, 15% size)
2026-06-01 10:20:58+00:00 | (375734 files, 15% size)
2026-06-01 10:21:08+00:00 | (375774 files, 15% size)
2026-06-01 10:21:18+00:00 | (375814 files, 15% size)
2026-06-01 10:21:28+00:00 | (375854 files, 15% size)
2026-06-01 10:21:38+00:00 | (375894 files, 15% size)
2026-06-01 10:21:48+00:00 | (375934 files, 15% size)
2026-06-01 10:21:58+00:00 | (375974 files, 15% size)
2026-06-01 10:22:08+00:00 | (376014 files, 15% size)
2026-06-01 10:22:18+00:00 | (376054 files, 15% size)
2026-06-01 10:22:28+00:00 | (376094 files, 15% size)
2026-06-01 10:22:38+00:00 | (376134 files, 15% size)
2026-06-01 10:22:48+00:00 | (376174 files, 15% size)
2026-06-01 10:22:58+00:00 | (376214 files, 15% size)
2026-06-01 10:23:08+00:00 | (376254 files, 15% size)
2026-06-01 10:23:18+00:00 | (376294 files, 15% size)
2026-06-01 10:23:28+00:00 | (376334 files, 15% size)
2026-06-01 10:23:38+00:00 | (376374 files, 15% size)
2026-06-01 10:23:48+00:00 | (376414 files, 15% size)
2026-06-01 10:23:58+00:00 | (376454 files, 15% size)
2026-06-01 10:24:08+00:00 | (376494 files, 15% size)
2026-06-01 10:24:18+00:00 | (376534 files, 15% size)
2026-06-01 10:24:28+00:00 | (376574 files, 15% size)
2026-06-01 10:24:38+00:00 | (376614 files, 15% size)
2026-06-01 10:24:48+00:00 | (376654 files, 15% size)
2026-06-01 10:24:58+00:00 | (376694 files, 15% size)
2026-06-01 10:25:08+00:00 | (376734 files, 15% size)
2026-06-01 10:25:18+00:00 | (376774 files, 15% size)
2026-06-01 10:25:28+00:00 | (376814 files, 15% size)
2026-06-01 10:25:38+00:00 | (376854 files, 15% size)
2026-06-01 10:25:48+00:00 | (376894 files, 15% size)
2026-06-01 10:25:58+00:00 | (376934 files, 15% size)
2026-06-01 10:26:08+00:00 | (376974 files, 15% size)
2026-06-01 10:26:18+00:00 | (377014 files, 15% size)
2026-06-01 10:26:28+00:00 | (377054 files, 15% size)
2026-06-01 10:26:38+00:00 | (377094 files, 15% size)
2026-06-01 10:26:48+00:00 | (377134 files, 15% size)
2026-06-01 10:26:58+00:00 | (377174 files, 15% size)
2026-06-01 10:27:08+00:00 | (377214 files, 15% size)
2026-06-01 10:27:18+00:00 | (377254 files, 15% size)
2026-06-01 10:27:28+00:00 | (377294 files, 15% size)
2026-06-01 10:27:38+00:00 | (377334 files, 15% size)
2026-06-01 10:27:48+00:00 | (377374 files, 15% size)
2026-06-01 10:27:58+00:00 | (377414 files, 15% size)
2026-06-01 10:28:08+00:00 | (377454 files, 15% size)
2026-06-01 10:28:18+00:00 | (377494 files, 15% size)
2026-06-01 10:28:28+00:00 | (377534 files, 15% size)
2026-06-01 10:28:38+00:00 | (377574 files, 15% size)
2026-06-01 10:28:48+00:00 | (377614 files, 15% size)
2026-06-01 10:28:58+00:00 | (377654 files, 15% size)
2026-06-01 10:29:08+00:00 | (377694 files, 15% size)
2026-06-01 10:29:18+00:00 | (377734 files, 15% size)
2026-06-01 10:29:28+00:00 | (377774 files, 15% size)
2026-06-01 10:29:38+00:00 | (377814 files, 15% size)
2026-06-01 10:29:48+00:00 | (377854 files, 15% size)
2026-06-01 10:29:58+00:00 | (377894 files, 15% size)
2026-06-01 10:30:08+00:00 | (377934 files, 15% size)
2026-06-01 10:30:18+00:00 | (377974 files, 15% size)
2026-06-01 10:30:28+00:00 | (378014 files, 15% size)
2026-06-01 10:30:38+00:00 | (378054 files, 15% size)
2026-06-01 10:30:48+00:00 | (378094 files, 15% size)
2026-06-01 10:30:58+00:00 | (378134 files, 15% size)
2026-06-01 10:31:08+00:00 | (378174 files, 15% size)
2026-06-01 10:31:18+00:00 | (378214 files, 15% size)
2026-06-01 10:31:28+00:00 | (378254 files, 15% size)
2026-06-01 10:31:38+00:00 | (378294 files, 15% size)
2026-06-01 10:31:48+00:00 | (378334 files, 15% size)
2026-06-01 10:31:58+00:00 | (378374 files, 15% size)
2026-06-01 10:32:08+00:00 | (378414 files, 15% size)
2026-06-01 10:32:18+00:00 | (378454 files, 15% size)
2026-06-01 10:32:28+00:00 | (378494 files, 15% size)
2026-06-01 10:32:38+00:00 | (378534 files, 15% size)
2026-06-01 10:32:48+00:00 | (378574 files, 15% size)
2026-06-01 10:32:58+00:00 | (378614 files, 15% size)
2026-06-01 10:33:08+00:00 | (378654 files, 15% size)
2026-06-01 10:33:18+00:00 | (378694 files, 15% size)
2026-06-01 10:33:28+00:00 | (378734 files, 15% size)
2026-06-01 10:33:38+00:00 | (378774 files, 15% size)
2026-06-01 10:33:48+00:00 | (378814 files, 15% size)
2026-06-01 10:33:58+00:00 | (378854 files, 15% size)
2026-06-01 10:34:08+00:00 | (378894 files, 15% size)
2026-06-01 10:34:18+00:00 | (378934 files, 15% size)
2026-06-01 10:34:28+00:00 | (378974 files, 15% size)
2026-06-01 10:34:38+00:00 | (379014 files, 15% size)
2026-06-01 10:34:48+00:00 | (379054 files, 15% size)
2026-06-01 10:34:58+00:00 | (379094 files, 15% size)
2026-06-01 10:35:08+00:00 | (379134 files, 15% size)
2026-06-01 10:35:18+00:00 | (379174 files, 15% size)
2026-06-01 10:35:28+00:00 | (379214 files, 15% size)
2026-06-01 10:35:38+00:00 | (379254 files, 15% size)
2026-06-01 10:35:48+00:00 | (379294 files, 15% size)
2026-06-01 10:35:58+00:00 | (379334 files, 15% size)
2026-06-01 10:36:08+00:00 | (379374 files, 15% size)
2026-06-01 10:36:18+00:00 | (379414 files, 15% size)
2026-06-01 10:36:28+00:00 | (379454 files, 15% size)
2026-06-01 10:36:38+00:00 | (379494 files, 15% size)
2026-06-01 10:36:48+00:00 | (379534 files, 15% size)
2026-06-01 10:36:58+00:00 | (379574 files, 15% size)
2026-06-01 10:37:08+00:00 | (379614 files, 15% size)
2026-06-01 10:37:18+00:00 | (379654 files, 15% size)
2026-06-01 10:37:28+00:00 | (379694 files, 15% size)
2026-06-01 10:37:38+00:00 | (379734 files, 15% size)
2026-06-01 10:37:48+00:00 | (379774 files, 15% size)
2026-06-01 10:37:58+00:00 | (379814 files, 15% size)
2026-06-01 10:38:08+00:00 | (379854 files, 15% size)
2026-06-01 10:38:18+00:00 | (379894 files, 15% size)
2026-06-01 10:38:28+00:00 | (379934 files, 15% size)
2026-06-01 10:38:38+00:00 | (379974 files, 15% size)
2026-06-01 10:38:48+00:00 | (380014 files, 15% size)
2026-06-01 10:38:58+00:00 | (380054 files, 15% size)
2026-06-01 10:39:08+00:00 | (380094 files, 15% size)
2026-06-01 10:39:18+00:00 | (380134 files, 15% size)
2026-06-01 10:39:28+00:00 | (380174 files, 15% size)
2026-06-01 10:39:38+00:00 | (380214 files, 15% size)
2026-06-01 10:39:48+00:00 | (380254 files, 15% size)
2026-06-01 10:39:58+00:00 | (380294 files, 15% size)
2026-06-01 10:40:08+00:00 | (380334 files, 15% size)
2026-06-01 10:40:18+00:00 | (380374 files, 15% size)
2026-06-01 10:40:28+00:00 | (380414 files, 15% size)
2026-06-01 10:40:38+00:00 | (380454 files, 15% size)
2026-06-01 10:40:48+00:00 | (380494 files, 15% size)
2026-06-01 10:40:58+00:00 | (380534 files, 15% size)
2026-06-01 10:41:08+00:00 | (380574 files, 15% size)
2026-06-01 10:41:18+00:00 | (380614 files, 15% size)
2026-06-01 10:41:28+00:00 | (380654 files, 15% size)
2026-06-01 10:41:38+00:00 | (380694 files, 15% size)
2026-06-01 10:41:48+00:00 | (380734 files, 15% size)
2026-06-01 10:41:58+00:00 | (380774 files, 15% size)
2026-06-01 10:42:08+00:00 | (380814 files, 15% size)
2026-06-01 10:42:18+00:00 | (380854 files, 15% size)
2026-06-01 10:42:28+00:00 | (380894 files, 15% size)
2026-06-01 10:42:38+00:00 | (380934 files, 15% size)
2026-06-01 10:42:48+00:00 | (380974 files, 15% size)
2026-06-01 10:42:58+00:00 | (381014 files, 15% size)
2026-06-01 10:43:08+00:00 | (381054 files, 15% size)
2026-06-01 10:43:18+00:00 | (381094 files, 15% size)
2026-06-01 10:43:28+00:00 | (381134 files, 15% size)
2026-06-01 10:43:38+00:00 | (381174 files, 15% size)
2026-06-01 10:43:48+00:00 | (381214 files, 15% size)
2026-06-01 10:43:58+00:00 | (381254 files, 15% size)
2026-06-01 10:44:08+00:00 | (381294 files, 15% size)
2026-06-01 10:44:18+00:00 | (381334 files, 15% size)
2026-06-01 10:44:28+00:00 | (381374 files, 15% size)
2026-06-01 10:44:38+00:00 | (381414 files, 15% size)
2026-06-01 10:44:48+00:00 | (381454 files, 15% size)
2026-06-01 10:44:58+00:00 | (381494 files, 15% size)
2026-06-01 10:45:08+00:00 | (381534 files, 15% size)
2026-06-01 10:45:18+00:00 | (381574 files, 15% size)
2026-06-01 10:45:28+00:00 | (381614 files, 15% size)
2026-06-01 10:45:38+00:00 | (381654 files, 15% size)
2026-06-01 10:45:48+00:00 | (381694 files, 15% size)
2026-06-01 10:45:58+00:00 | (381734 files, 15% size)
2026-06-01 10:46:08+00:00 | (381774 files, 15% size)
2026-06-01 10:46:18+00:00 | (381814 files, 15% size)
2026-06-01 10:46:28+00:00 | (381854 files, 15% size)
2026-06-01 10:46:38+00:00 | (381894 files, 15% size)
2026-06-01 10:46:48+00:00 | (381934 files, 15% size)
2026-06-01 10:46:58+00:00 | (381974 files, 15% size)
2026-06-01 10:47:08+00:00 | (382014 files, 15% size)
2026-06-01 10:47:18+00:00 | (382054 files, 15% size)
2026-06-01 10:47:28+00:00 | (382094 files, 15% size)
2026-06-01 10:47:38+00:00 | (382134 files, 15% size)
2026-06-01 10:47:48+00:00 | (382174 files, 15% size)
2026-06-01 10:47:58+00:00 | (382214 files, 15% size)
2026-06-01 10:48:08+00:00 | (382254 files, 15% size)
2026-06-01 10:48:18+00:00 | (382294 files, 15% size)
2026-06-01 10:48:28+00:00 | (382334 files, 15% size)
2026-06-01 10:48:38+00:00 | (382374 files, 15% size)
2026-06-01 10:48:48+00:00 | (382414 files, 15% size)
2026-06-01 10:48:58+00:00 | (382454 files, 15% size)
2026-06-01 10:49:08+00:00 | (382494 files, 15% size)
2026-06-01 10:49:18+00:00 | (382534 files, 15% size)
2026-06-01 10:49:28+00:00 | (382574 files, 15% size)
2026-06-01 10:49:38+00:00 | (382614 files, 15% size)
2026-06-01 10:49:48+00:00 | (382654 files, 15% size)
2026-06-01 10:49:58+00:00 | (382694 files, 15% size)
2026-06-01 10:50:08+00:00 | (382734 files, 15% size)
2026-06-01 10:50:18+00:00 | (382774 files, 15% size)
2026-06-01 10:50:28+00:00 | (382814 files, 15% size)
2026-06-01 10:50:38+00:00 | (382854 files, 15% size)
2026-06-01 10:50:48+00:00 | (382894 files, 15% size)
2026-06-01 10:50:58+00:00 | (382934 files, 15% size)
2026-06-01 10:51:08+00:00 | (382974 files, 15% size)
2026-06-01 10:51:18+00:00 | (383014 files, 15% size)
2026-06-01 10:51:28+00:00 | (383054 files, 15% size)
2026-06-01 10:51:38+00:00 | (383094 files, 15% size)
2026-06-01 10:51:48+00:00 | (383134 files, 15% size)
2026-06-01 10:51:58+00:00 | (383174 files, 15% size)
2026-06-01 10:52:08+00:00 | (383214 files, 15% size)
2026-06-01 10:52:18+00:00 | (383254 files, 15% size)
2026-06-01 10:52:28+00:00 | (383294 files, 15% size)
2026-06-01 10:52:38+00:00 | (383334 files, 15% size)
2026-06-01 10:52:48+00:00 | (383374 files, 15% size)
2026-06-01 10:52:58+00:00 | (383414 files, 15% size)
2026-06-01 10:53:08+00:00 | (383454 files, 15% size)
2026-06-01 10:53:18+00:00 | (383494 files, 15% size)
2026-06-01 10:53:28+00:00 | (383534 files, 15% size)
2026-06-01 10:53:38+00:00 | (383574 files, 15% size)
2026-06-01 10:53:48+00:00 | (383614 files, 15% size)
2026-06-01 10:53:58+00:00 | (383654 files, 15% size)
2026-06-01 10:54:08+00:00 | (383694 files, 15% size)
2026-06-01 10:54:18+00:00 | (383734 files, 15% size)
2026-06-01 10:54:28+00:00 | (383774 files, 15% size)
2026-06-01 10:54:38+00:00 | (383814 files, 15% size)
2026-06-01 10:54:48+00:00 | (383854 files, 15% size)
2026-06-01 10:54:58+00:00 | (383894 files, 15% size)
2026-06-01 10:55:08+00:00 | (383934 files, 15% size)
2026-06-01 10:55:18+00:00 | (383974 files, 15% size)
2026-06-01 10:55:28+00:00 | (384014 files, 15% size)
2026-06-01 10:55:38+00:00 | (384054 files, 15% size)
2026-06-01 10:55:48+00:00 | (384094 files, 15% size)
2026-06-01 10:55:58+00:00 | (384134 files, 15% size)
2026-06-01 10:56:08+00:00 | (384174 files, 15% size)
2026-06-01 10:56:18+00:00 | (384214 files, 15% size)
2026-06-01 10:56:28+00:00 | (384254 files, 15% size)
2026-06-01 10:56:38+00:00 | (384294 files, 15% size)
2026-06-01 10:56:48+00:00 | (384334 files, 15% size)
2026-06-01 10:56:58+00:00 | (384374 files, 15% size)
2026-06-01 10:57:08+00:00 | (384414 files, 15% size)
2026-06-01 10:57:18+00:00 | (384454 files, 15% size)
2026-06-01 10:57:28+00:00 | (384494 files, 15% size)
2026-06-01 10:57:38+00:00 | (384534 files, 15% size)
2026-06-01 10:57:48+00:00 | (384574 files, 15% size)
2026-06-01 10:57:58+00:00 | (384614 files, 15% size)
2026-06-01 10:58:08+00:00 | (384654 files, 15% size)
2026-06-01 10:58:18+00:00 | (384694 files, 15% size)
2026-06-01 10:58:28+00:00 | (384734 files, 15% size)
2026-06-01 10:58:38+00:00 | (384774 files, 15% size)
2026-06-01 10:58:48+00:00 | (384814 files, 15% size)
2026-06-01 10:58:58+00:00 | (384854 files, 15% size)
2026-06-01 10:59:08+00:00 | (384894 files, 15% size)
2026-06-01 10:59:18+00:00 | (384934 files, 15% size)
2026-06-01 10:59:28+00:00 | (384974 files, 15% size)
2026-06-01 10:59:38+00:00 | (385014 files, 15% size)
2026-06-01 10:59:48+00:00 | (385054 files, 15% size)
2026-06-01 10:59:58+00:00 | (385094 files, 15% size)
2026-06-01 11:00:08+00:00 | (385134 files, 15% size)
2026-06-01 11:00:18+00:00 | (385174 files, 15% size)
2026-06-01 11:00:28+00:00 | (385214 files, 15% size)
2026-06-01 11:00:38+00:00 | (385254 files, 15% size)
2026-06-01 11:00:48+00:00 | (385294 files, 15% size)
2026-06-01 11:00:58+00:00 | (385334 files, 15% size)
2026-06-01 11:01:08+00:00 | (385374 files, 15% size)
2026-06-01 11:01:18+00:00 | (385414 files, 15% size)
2026-06-01 11:01:28+00:00 | (385454 files, 15% size)
2026-06-01 11:01:38+00:00 | (385494 files, 15% size)
2026-06-01 11:01:48+00:00 | (385534 files, 15% size)
2026-06-01 11:01:58+00:00 | (385574 files, 15% size)
2026-06-01 11:02:08+00:00 | (385614 files, 15% size)
2026-06-01 11:02:18+00:00 | (385654 files, 15% size)
2026-06-01 11:02:28+00:00 | (385694 files, 15% size)
2026-06-01 11:02:38+00:00 | (385734 files, 15% size)
2026-06-01 11:02:48+00:00 | (385774 files, 15% size)
2026-06-01 11:02:58+00:00 | (385814 files, 15% size)
2026-06-01 11:03:08+00:00 | (385854 files, 15% size)
2026-06-01 11:03:18+00:00 | (385894 files, 15% size)
2026-06-01 11:03:28+00:00 | (385934 files, 15% size)
2026-06-01 11:03:38+00:00 | (385974 files, 15% size)
2026-06-01 11:03:48+00:00 | (386014 files, 15% size)
2026-06-01 11:03:58+00:00 | (386054 files, 15% size)
2026-06-01 11:04:08+00:00 | (386094 files, 15% size)
2026-06-01 11:04:18+00:00 | (386134 files, 15% size)
2026-06-01 11:04:28+00:00 | (386174 files, 15% size)
2026-06-01 11:04:38+00:00 | (386214 files, 15% size)
2026-06-01 11:04:48+00:00 | (386254 files, 15% size)
2026-06-01 11:04:58+00:00 | (386294 files, 15% size)
2026-06-01 11:05:08+00:00 | (386334 files, 15% size)
2026-06-01 11:05:18+00:00 | (386374 files, 15% size)
2026-06-01 11:05:28+00:00 | (386414 files, 15% size)
2026-06-01 11:05:38+00:00 | (386454 files, 15% size)
2026-06-01 11:05:48+00:00 | (386494 files, 15% size)
2026-06-01 11:05:58+00:00 | (386534 files, 15% size)
2026-06-01 11:06:08+00:00 | (386574 files, 15% size)
2026-06-01 11:06:18+00:00 | (386614 files, 15% size)
2026-06-01 11:06:28+00:00 | (386654 files, 15% size)
2026-06-01 11:06:38+00:00 | (386694 files, 15% size)
2026-06-01 11:06:48+00:00 | (386734 files, 15% size)
2026-06-01 11:06:58+00:00 | (386774 files, 15% size)
2026-06-01 11:07:08+00:00 | (386814 files, 15% size)
2026-06-01 11:07:18+00:00 | (386854 files, 15% size)
2026-06-01 11:07:28+00:00 | (386894 files, 15% size)
2026-06-01 11:07:38+00:00 | (386934 files, 15% size)
2026-06-01 11:07:48+00:00 | (386974 files, 15% size)
2026-06-01 11:07:58+00:00 | (387014 files, 15% size)
2026-06-01 11:08:08+00:00 | (387054 files, 15% size)
2026-06-01 11:08:18+00:00 | (387094 files, 15% size)
2026-06-01 11:08:28+00:00 | (387134 files, 15% size)
2026-06-01 11:08:38+00:00 | (387174 files, 15% size)
2026-06-01 11:08:48+00:00 | (387214 files, 15% size)
2026-06-01 11:08:58+00:00 | (387254 files, 15% size)
2026-06-01 11:09:08+00:00 | (387294 files, 15% size)
2026-06-01 11:09:18+00:00 | (387334 files, 15% size)
2026-06-01 11:09:28+00:00 | (387374 files, 15% size)
2026-06-01 11:09:38+00:00 | (387414 files, 15% size)
2026-06-01 11:09:48+00:00 | (387454 files, 15% size)
2026-06-01 11:09:58+00:00 | (387494 files, 15% size)
2026-06-01 11:10:08+00:00 | (387534 files, 15% size)
2026-06-01 11:10:18+00:00 | (387574 files, 15% size)
2026-06-01 11:10:28+00:00 | (387614 files, 15% size)
2026-06-01 11:10:38+00:00 | (387654 files, 15% size)
2026-06-01 11:10:48+00:00 | (387694 files, 15% size)
2026-06-01 11:10:58+00:00 | (387734 files, 15% size)
2026-06-01 11:11:08+00:00 | (387774 files, 15% size)
2026-06-01 11:11:18+00:00 | (387814 files, 15% size)
2026-06-01 11:11:28+00:00 | (387854 files, 15% size)
2026-06-01 11:11:38+00:00 | (387894 files, 15% size)
2026-06-01 11:11:48+00:00 | (387934 files, 15% size)
2026-06-01 11:11:58+00:00 | (387974 files, 15% size)
2026-06-01 11:12:08+00:00 | (388014 files, 15% size)
2026-06-01 11:12:18+00:00 | (388054 files, 15% size)
2026-06-01 11:12:28+00:00 | (388094 files, 15% size)
2026-06-01 11:12:38+00:00 | (388134 files, 15% size)
2026-06-01 11:12:48+00:00 | (388174 files, 15% size)
2026-06-01 11:12:58+00:00 | (388214 files, 15% size)
2026-06-01 11:13:08+00:00 | (388254 files, 15% size)
2026-06-01 11:13:18+00:00 | (388294 files, 15% size)
2026-06-01 11:13:28+00:00 | (388334 files, 15% size)
2026-06-01 11:13:38+00:00 | (388374 files, 15% size)
2026-06-01 11:13:48+00:00 | (388414 files, 15% size)
2026-06-01 11:13:58+00:00 | (388454 files, 15% size)
2026-06-01 11:14:08+00:00 | (388494 files, 15% size)
2026-06-01 11:14:18+00:00 | (388534 files, 15% size)
2026-06-01 11:14:28+00:00 | (388574 files, 15% size)
2026-06-01 11:14:38+00:00 | (388614 files, 15% size)
2026-06-01 11:14:48+00:00 | (388654 files, 15% size)
2026-06-01 11:14:58+00:00 | (388694 files, 15% size)
2026-06-01 11:15:08+00:00 | (388734 files, 15% size)
2026-06-01 11:15:18+00:00 | (388774 files, 15% size)
2026-06-01 11:15:28+00:00 | (388814 files, 15% size)
2026-06-01 11:15:38+00:00 | (388854 files, 15% size)
2026-06-01 11:15:48+00:00 | (388894 files, 15% size)
2026-06-01 11:15:58+00:00 | (388934 files, 15% size)
2026-06-01 11:16:08+00:00 | (388974 files, 15% size)
2026-06-01 11:16:18+00:00 | (389014 files, 15% size)
2026-06-01 11:16:28+00:00 | (389054 files, 15% size)
2026-06-01 11:16:38+00:00 | (389094 files, 15% size)
2026-06-01 11:16:48+00:00 | (389134 files, 15% size)
2026-06-01 11:16:58+00:00 | (389174 files, 15% size)
2026-06-01 11:17:08+00:00 | (389214 files, 15% size)
2026-06-01 11:17:18+00:00 | (389254 files, 15% size)
2026-06-01 11:17:28+00:00 | (389294 files, 15% size)
2026-06-01 11:17:38+00:00 | (389334 files, 15% size)
2026-06-01 11:17:48+00:00 | (389374 files, 15% size)
2026-06-01 11:17:58+00:00 | (389414 files, 15% size)
2026-06-01 11:18:08+00:00 | (389454 files, 15% size)
2026-06-01 11:18:18+00:00 | (389494 files, 15% size)
2026-06-01 11:18:28+00:00 | (389534 files, 15% size)
2026-06-01 11:18:38+00:00 | (389574 files, 15% size)
2026-06-01 11:18:48+00:00 | (389614 files, 15% size)
2026-06-01 11:18:58+00:00 | (389654 files, 15% size)
2026-06-01 11:19:08+00:00 | (389694 files, 15% size)
2026-06-01 11:19:18+00:00 | (389734 files, 15% size)
2026-06-01 11:19:28+00:00 | (389774 files, 15% size)
2026-06-01 11:19:38+00:00 | (389814 files, 15% size)
2026-06-01 11:19:48+00:00 | (389854 files, 15% size)
2026-06-01 11:19:58+00:00 | (389894 files, 15% size)
2026-06-01 11:20:08+00:00 | (389934 files, 15% size)
2026-06-01 11:20:18+00:00 | (389974 files, 15% size)
2026-06-01 11:20:28+00:00 | (390014 files, 15% size)
2026-06-01 11:20:38+00:00 | (390054 files, 15% size)
2026-06-01 11:20:48+00:00 | (390094 files, 15% size)
2026-06-01 11:20:58+00:00 | (390134 files, 15% size)
2026-06-01 11:21:08+00:00 | (390174 files, 15% size)
2026-06-01 11:21:18+00:00 | (390214 files, 15% size)
2026-06-01 11:21:28+00:00 | (390254 files, 15% size)
2026-06-01 11:21:38+00:00 | (390294 files, 15% size)
2026-06-01 11:21:48+00:00 | (390334 files, 15% size)
2026-06-01 11:21:58+00:00 | (390374 files, 15% size)
2026-06-01 11:22:08+00:00 | (390414 files, 15% size)
2026-06-01 11:22:18+00:00 | (390454 files, 15% size)
2026-06-01 11:22:28+00:00 | (390494 files, 15% size)
2026-06-01 11:22:38+00:00 | (390534 files, 15% size)
2026-06-01 11:22:48+00:00 | (390574 files, 15% size)
2026-06-01 11:22:58+00:00 | (390614 files, 15% size)
2026-06-01 11:23:08+00:00 | (390654 files, 15% size)
2026-06-01 11:23:18+00:00 | (390694 files, 15% size)
2026-06-01 11:23:28+00:00 | (390734 files, 15% size)
2026-06-01 11:23:38+00:00 | (390774 files, 15% size)
2026-06-01 11:23:48+00:00 | (390814 files, 15% size)
2026-06-01 11:23:58+00:00 | (390854 files, 15% size)
2026-06-01 11:24:08+00:00 | (390894 files, 15% size)
2026-06-01 11:24:18+00:00 | (390934 files, 15% size)
2026-06-01 11:24:28+00:00 | (390974 files, 15% size)
2026-06-01 11:24:38+00:00 | (391014 files, 15% size)
2026-06-01 11:24:48+00:00 | (391054 files, 15% size)
2026-06-01 11:24:58+00:00 | (391094 files, 15% size)
2026-06-01 11:25:08+00:00 | (391134 files, 15% size)
2026-06-01 11:25:18+00:00 | (391174 files, 15% size)
2026-06-01 11:25:28+00:00 | (391214 files, 15% size)
2026-06-01 11:25:38+00:00 | (391254 files, 15% size)
2026-06-01 11:25:48+00:00 | (391294 files, 15% size)
2026-06-01 11:25:58+00:00 | (391334 files, 15% size)
2026-06-01 11:26:08+00:00 | (391374 files, 15% size)
2026-06-01 11:26:18+00:00 | (391414 files, 15% size)
2026-06-01 11:26:28+00:00 | (391454 files, 15% size)
2026-06-01 11:26:38+00:00 | (391494 files, 15% size)
2026-06-01 11:26:48+00:00 | (391534 files, 15% size)
2026-06-01 11:26:58+00:00 | (391574 files, 15% size)
2026-06-01 11:27:08+00:00 | (391614 files, 15% size)
2026-06-01 11:27:18+00:00 | (391654 files, 15% size)
2026-06-01 11:27:28+00:00 | (391694 files, 15% size)
2026-06-01 11:27:38+00:00 | (391734 files, 15% size)
2026-06-01 11:27:48+00:00 | (391774 files, 15% size)
2026-06-01 11:27:58+00:00 | (391814 files, 15% size)
2026-06-01 11:28:08+00:00 | (391854 files, 15% size)
2026-06-01 11:28:18+00:00 | (391894 files, 15% size)
2026-06-01 11:28:28+00:00 | (391934 files, 15% size)
2026-06-01 11:28:38+00:00 | (391974 files, 15% size)
2026-06-01 11:28:48+00:00 | (392014 files, 15% size)
2026-06-01 11:28:58+00:00 | (392054 files, 15% size)
2026-06-01 11:29:08+00:00 | (392094 files, 15% size)
2026-06-01 11:29:18+00:00 | (392134 files, 15% size)
2026-06-01 11:29:28+00:00 | (392174 files, 15% size)
2026-06-01 11:29:38+00:00 | (392214 files, 15% size)
2026-06-01 11:29:48+00:00 | (392254 files, 15% size)
2026-06-01 11:29:58+00:00 | (392294 files, 15% size)
2026-06-01 11:30:08+00:00 | (392334 files, 15% size)
2026-06-01 11:30:18+00:00 | (392374 files, 15% size)
2026-06-01 11:30:28+00:00 | (392414 files, 15% size)
2026-06-01 11:30:38+00:00 | (392454 files, 15% size)
2026-06-01 11:30:48+00:00 | (392494 files, 15% size)
2026-06-01 11:30:58+00:00 | (392534 files, 15% size)
2026-06-01 11:31:08+00:00 | (392574 files, 15% size)
2026-06-01 11:31:18+00:00 | (392614 files, 15% size)
2026-06-01 11:31:28+00:00 | (392654 files, 15% size)
2026-06-01 11:31:38+00:00 | (392694 files, 15% size)
2026-06-01 11:31:48+00:00 | (392734 files, 15% size)
2026-06-01 11:31:58+00:00 | (392774 files, 15% size)
2026-06-01 11:32:08+00:00 | (392814 files, 15% size)
2026-06-01 11:32:18+00:00 | (392854 files, 15% size)
2026-06-01 11:32:28+00:00 | (392894 files, 15% size)
2026-06-01 11:32:38+00:00 | (392934 files, 15% size)
2026-06-01 11:32:48+00:00 | (392974 files, 15% size)
2026-06-01 11:32:58+00:00 | (393014 files, 15% size)
2026-06-01 11:33:08+00:00 | (393054 files, 15% size)
2026-06-01 11:33:18+00:00 | (393094 files, 15% size)
2026-06-01 11:33:28+00:00 | (393134 files, 15% size)
2026-06-01 11:33:38+00:00 | (393174 files, 15% size)
2026-06-01 11:33:48+00:00 | (393214 files, 15% size)
2026-06-01 11:33:58+00:00 | (393254 files, 15% size)
2026-06-01 11:34:08+00:00 | (393294 files, 15% size)
2026-06-01 11:34:18+00:00 | (393334 files, 15% size)
2026-06-01 11:34:28+00:00 | (393374 files, 15% size)
2026-06-01 11:34:38+00:00 | (393414 files, 15% size)
2026-06-01 11:34:48+00:00 | (393454 files, 15% size)
2026-06-01 11:34:58+00:00 | (393494 files, 15% size)
2026-06-01 11:35:08+00:00 | (393534 files, 15% size)
2026-06-01 11:35:18+00:00 | (393574 files, 15% size)
2026-06-01 11:35:28+00:00 | (393614 files, 15% size)
2026-06-01 11:35:38+00:00 | (393654 files, 15% size)
2026-06-01 11:35:48+00:00 | (393694 files, 15% size)
2026-06-01 11:35:58+00:00 | (393734 files, 15% size)
2026-06-01 11:36:08+00:00 | (393774 files, 15% size)
2026-06-01 11:36:18+00:00 | (393814 files, 15% size)
2026-06-01 11:36:28+00:00 | (393854 files, 15% size)
2026-06-01 11:36:38+00:00 | (393894 files, 15% size)
2026-06-01 11:36:48+00:00 | (393934 files, 15% size)
2026-06-01 11:36:58+00:00 | (393974 files, 15% size)
2026-06-01 11:37:08+00:00 | (394014 files, 15% size)
2026-06-01 11:37:18+00:00 | (394054 files, 15% size)
2026-06-01 11:37:28+00:00 | (394094 files, 15% size)
2026-06-01 11:37:38+00:00 | (394134 files, 15% size)
2026-06-01 11:37:48+00:00 | (394174 files, 15% size)
2026-06-01 11:37:58+00:00 | (394214 files, 15% size)
2026-06-01 11:38:08+00:00 | (394254 files, 15% size)
2026-06-01 11:38:18+00:00 | (394294 files, 15% size)
2026-06-01 11:38:28+00:00 | (394334 files, 15% size)
2026-06-01 11:38:38+00:00 | (394374 files, 15% size)
2026-06-01 11:38:48+00:00 | (394414 files, 15% size)
2026-06-01 11:38:58+00:00 | (394454 files, 15% size)
2026-06-01 11:39:08+00:00 | (394494 files, 15% size)
2026-06-01 11:39:18+00:00 | (394534 files, 15% size)
2026-06-01 11:39:28+00:00 | (394574 files, 15% size)
2026-06-01 11:39:38+00:00 | (394614 files, 15% size)
2026-06-01 11:39:48+00:00 | (394654 files, 15% size)
2026-06-01 11:39:58+00:00 | (394694 files, 15% size)
2026-06-01 11:40:08+00:00 | (394734 files, 15% size)
2026-06-01 11:40:18+00:00 | (394774 files, 15% size)
2026-06-01 11:40:28+00:00 | (394814 files, 15% size)
2026-06-01 11:40:38+00:00 | (394854 files, 15% size)
2026-06-01 11:40:48+00:00 | (394894 files, 15% size)
2026-06-01 11:40:58+00:00 | (394934 files, 15% size)
2026-06-01 11:41:08+00:00 | (394974 files, 15% size)
2026-06-01 11:41:18+00:00 | (395014 files, 15% size)
2026-06-01 11:41:28+00:00 | (395054 files, 15% size)
2026-06-01 11:41:38+00:00 | (395094 files, 15% size)
2026-06-01 11:41:48+00:00 | (395134 files, 15% size)
2026-06-01 11:41:58+00:00 | (395174 files, 15% size)
2026-06-01 11:42:08+00:00 | (395214 files, 15% size)
2026-06-01 11:42:18+00:00 | (395254 files, 15% size)
2026-06-01 11:42:28+00:00 | (395294 files, 15% size)
2026-06-01 11:42:38+00:00 | (395334 files, 15% size)
2026-06-01 11:42:48+00:00 | (395374 files, 15% size)
2026-06-01 11:42:58+00:00 | (395414 files, 15% size)
2026-06-01 11:43:08+00:00 | (395454 files, 15% size)
2026-06-01 11:43:18+00:00 | (395494 files, 15% size)
2026-06-01 11:43:28+00:00 | (395534 files, 15% size)
2026-06-01 11:43:38+00:00 | (395574 files, 15% size)
2026-06-01 11:43:48+00:00 | (395614 files, 15% size)
2026-06-01 11:43:58+00:00 | (395654 files, 15% size)
2026-06-01 11:44:08+00:00 | (395694 files, 15% size)
2026-06-01 11:44:18+00:00 | (395734 files, 15% size)
2026-06-01 11:44:28+00:00 | (395774 files, 15% size)
2026-06-01 11:44:38+00:00 | (395814 files, 15% size)
2026-06-01 11:44:48+00:00 | (395854 files, 15% size)
2026-06-01 11:44:58+00:00 | (395894 files, 15% size)
2026-06-01 11:45:08+00:00 | (395934 files, 15% size)
2026-06-01 11:45:18+00:00 | (395974 files, 15% size)
2026-06-01 11:45:28+00:00 | (396014 files, 15% size)
2026-06-01 11:45:38+00:00 | (396054 files, 15% size)
2026-06-01 11:45:48+00:00 | (396094 files, 15% size)
2026-06-01 11:45:58+00:00 | (396134 files, 15% size)
2026-06-01 11:46:08+00:00 | (396174 files, 15% size)
2026-06-01 11:46:18+00:00 | (396214 files, 15% size)
2026-06-01 11:46:28+00:00 | (396254 files, 15% size)
2026-06-01 11:46:38+00:00 | (396294 files, 15% size)
2026-06-01 11:46:48+00:00 | (396334 files, 15% size)
2026-06-01 11:46:58+00:00 | (396374 files, 15% size)
2026-06-01 11:47:08+00:00 | (396414 files, 15% size)
2026-06-01 11:47:18+00:00 | (396454 files, 15% size)
2026-06-01 11:47:28+00:00 | (396494 files, 15% size)
2026-06-01 11:47:38+00:00 | (396534 files, 15% size)
2026-06-01 11:47:48+00:00 | (396574 files, 15% size)
2026-06-01 11:47:58+00:00 | (396614 files, 15% size)
2026-06-01 11:48:08+00:00 | (396654 files, 15% size)
2026-06-01 11:48:18+00:00 | (396694 files, 15% size)
2026-06-01 11:48:28+00:00 | (396734 files, 15% size)
2026-06-01 11:48:38+00:00 | (396774 files, 15% size)
2026-06-01 11:48:48+00:00 | (396814 files, 15% size)
2026-06-01 11:48:58+00:00 | (396854 files, 15% size)
2026-06-01 11:49:08+00:00 | (396894 files, 15% size)
2026-06-01 11:49:18+00:00 | (396934 files, 15% size)
2026-06-01 11:49:28+00:00 | (396974 files, 15% size)
2026-06-01 11:49:38+00:00 | (397014 files, 15% size)
2026-06-01 11:49:48+00:00 | (397054 files, 15% size)
2026-06-01 11:49:58+00:00 | (397094 files, 15% size)
2026-06-01 11:50:08+00:00 | (397134 files, 15% size)
2026-06-01 11:50:18+00:00 | (397174 files, 15% size)
2026-06-01 11:50:28+00:00 | (397214 files, 15% size)
2026-06-01 11:50:38+00:00 | (397254 files, 15% size)
2026-06-01 11:50:48+00:00 | (397294 files, 15% size)
2026-06-01 11:50:58+00:00 | (397334 files, 15% size)
2026-06-01 11:51:08+00:00 | (397374 files, 15% size)
2026-06-01 11:51:18+00:00 | (397414 files, 15% size)
2026-06-01 11:51:28+00:00 | (397454 files, 15% size)
2026-06-01 11:51:38+00:00 | (397494 files, 15% size)
2026-06-01 11:51:48+00:00 | (397534 files, 15% size)
2026-06-01 11:51:58+00:00 | (397574 files, 15% size)
2026-06-01 11:52:08+00:00 | (397614 files, 15% size)
2026-06-01 11:52:18+00:00 | (397654 files, 15% size)
2026-06-01 11:52:28+00:00 | (397694 files, 15% size)
2026-06-01 11:52:38+00:00 | (397734 files, 15% size)
2026-06-01 11:52:48+00:00 | (397774 files, 15% size)
2026-06-01 11:52:58+00:00 | (397814 files, 15% size)
2026-06-01 11:53:08+00:00 | (397854 files, 15% size)
2026-06-01 11:53:18+00:00 | (397894 files, 15% size)
2026-06-01 11:53:28+00:00 | (397934 files, 15% size)
2026-06-01 11:53:38+00:00 | (397974 files, 15% size)
2026-06-01 11:53:48+00:00 | (398014 files, 15% size)
2026-06-01 11:53:58+00:00 | (398054 files, 15% size)
2026-06-01 11:54:08+00:00 | (398094 files, 15% size)
2026-06-01 11:54:18+00:00 | (398134 files, 15% size)
2026-06-01 11:54:28+00:00 | (398174 files, 15% size)
2026-06-01 11:54:38+00:00 | (398214 files, 15% size)
2026-06-01 11:54:48+00:00 | (398254 files, 15% size)
2026-06-01 11:54:58+00:00 | (398294 files, 15% size)
2026-06-01 11:55:08+00:00 | (398334 files, 15% size)
2026-06-01 11:55:18+00:00 | (398374 files, 15% size)
2026-06-01 11:55:28+00:00 | (398414 files, 15% size)
2026-06-01 11:55:38+00:00 | (398454 files, 15% size)
2026-06-01 11:55:48+00:00 | (398494 files, 15% size)
2026-06-01 11:55:58+00:00 | (398534 files, 15% size)
2026-06-01 11:56:08+00:00 | (398574 files, 15% size)
2026-06-01 11:56:18+00:00 | (398614 files, 15% size)
2026-06-01 11:56:28+00:00 | (398654 files, 15% size)
2026-06-01 11:56:38+00:00 | (398694 files, 15% size)
2026-06-01 11:56:48+00:00 | (398734 files, 15% size)
2026-06-01 11:56:58+00:00 | (398774 files, 15% size)
2026-06-01 11:57:08+00:00 | (398814 files, 15% size)
2026-06-01 11:57:18+00:00 | (398854 files, 15% size)
2026-06-01 11:57:28+00:00 | (398894 files, 15% size)
2026-06-01 11:57:38+00:00 | (398934 files, 15% size)
2026-06-01 11:57:48+00:00 | (398974 files, 15% size)
2026-06-01 11:57:58+00:00 | (399014 files, 15% size)
2026-06-01 11:58:08+00:00 | (399054 files, 15% size)
2026-06-01 11:58:18+00:00 | (399094 files, 15% size)
2026-06-01 11:58:28+00:00 | (399134 files, 15% size)
2026-06-01 11:58:38+00:00 | (399174 files, 15% size)
2026-06-01 11:58:48+00:00 | (399214 files, 15% size)
2026-06-01 11:58:58+00:00 | (399254 files, 16% size)
2026-06-01 11:59:08+00:00 | (399294 files, 16% size)
2026-06-01 11:59:18+00:00 | (399334 files, 16% size)
2026-06-01 11:59:28+00:00 | (399374 files, 16% size)
2026-06-01 11:59:38+00:00 | (399414 files, 16% size)
2026-06-01 11:59:48+00:00 | (399454 files, 16% size)
2026-06-01 11:59:58+00:00 | (399494 files, 16% size)
2026-06-01 12:00:08+00:00 | (399534 files, 16% size)
2026-06-01 12:00:18+00:00 | (399574 files, 16% size)
2026-06-01 12:00:28+00:00 | (399614 files, 16% size)
2026-06-01 12:00:38+00:00 | (399654 files, 16% size)
2026-06-01 12:00:48+00:00 | (399694 files, 16% size)
2026-06-01 12:00:58+00:00 | (399734 files, 16% size)
2026-06-01 12:01:08+00:00 | (399774 files, 16% size)
2026-06-01 12:01:18+00:00 | (399814 files, 16% size)
2026-06-01 12:01:28+00:00 | (399854 files, 16% size)
2026-06-01 12:01:38+00:00 | (399894 files, 16% size)
2026-06-01 12:01:48+00:00 | (399934 files, 16% size)
2026-06-01 12:01:58+00:00 | (399974 files, 16% size)
2026-06-01 12:02:08+00:00 | (400014 files, 16% size)
2026-06-01 12:02:18+00:00 | (400054 files, 16% size)
2026-06-01 12:02:28+00:00 | (400094 files, 16% size)
2026-06-01 12:02:38+00:00 | (400134 files, 16% size)
2026-06-01 12:02:48+00:00 | (400174 files, 16% size)
2026-06-01 12:02:58+00:00 | (400214 files, 16% size)
2026-06-01 12:03:08+00:00 | (400254 files, 16% size)
2026-06-01 12:03:18+00:00 | (400294 files, 16% size)
2026-06-01 12:03:28+00:00 | (400334 files, 16% size)
2026-06-01 12:03:38+00:00 | (400374 files, 16% size)
2026-06-01 12:03:48+00:00 | (400410 files, 16% size)
2026-06-01 12:03:58+00:00 | (400450 files, 16% size)
2026-06-01 12:04:08+00:00 | (400490 files, 16% size)
2026-06-01 12:04:18+00:00 | (400530 files, 16% size)
2026-06-01 12:04:28+00:00 | (400570 files, 16% size)
2026-06-01 12:04:38+00:00 | (400610 files, 16% size)
2026-06-01 12:04:48+00:00 | (400650 files, 16% size)
2026-06-01 12:04:58+00:00 | (400690 files, 16% size)
2026-06-01 12:05:08+00:00 | (400730 files, 16% size)
2026-06-01 12:05:18+00:00 | (400770 files, 16% size)
2026-06-01 12:05:28+00:00 | (400812 files, 16% size)
2026-06-01 12:05:38+00:00 | (400853 files, 16% size)
2026-06-01 12:05:48+00:00 | (400894 files, 16% size)
2026-06-01 12:05:58+00:00 | (400934 files, 16% size)
2026-06-01 12:06:08+00:00 | (400974 files, 16% size)
2026-06-01 12:06:18+00:00 | (401014 files, 16% size)
2026-06-01 12:06:28+00:00 | (401054 files, 16% size)
2026-06-01 12:06:38+00:00 | (401094 files, 16% size)
2026-06-01 12:06:48+00:00 | (401134 files, 16% size)
2026-06-01 12:06:58+00:00 | (401174 files, 16% size)
2026-06-01 12:07:08+00:00 | (401214 files, 16% size)
2026-06-01 12:07:18+00:00 | (401254 files, 16% size)
2026-06-01 12:07:28+00:00 | (401294 files, 16% size)
2026-06-01 12:07:38+00:00 | (401334 files, 16% size)
2026-06-01 12:07:48+00:00 | (401374 files, 16% size)
2026-06-01 12:07:58+00:00 | (401414 files, 16% size)
2026-06-01 12:08:08+00:00 | (401454 files, 16% size)
2026-06-01 12:08:18+00:00 | (401494 files, 16% size)
2026-06-01 12:08:28+00:00 | (401534 files, 16% size)
2026-06-01 12:08:38+00:00 | (401574 files, 16% size)
2026-06-01 12:08:48+00:00 | (401614 files, 16% size)
2026-06-01 12:08:58+00:00 | (401654 files, 16% size)
2026-06-01 12:09:08+00:00 | (401694 files, 16% size)
2026-06-01 12:09:18+00:00 | (401734 files, 16% size)
2026-06-01 12:09:28+00:00 | (401774 files, 16% size)
2026-06-01 12:09:38+00:00 | (401814 files, 16% size)
2026-06-01 12:09:48+00:00 | (401854 files, 16% size)
2026-06-01 12:09:58+00:00 | (401894 files, 16% size)
2026-06-01 12:10:08+00:00 | (401934 files, 16% size)
2026-06-01 12:10:18+00:00 | (401974 files, 16% size)
2026-06-01 12:10:28+00:00 | (402014 files, 16% size)
2026-06-01 12:10:38+00:00 | (402054 files, 16% size)
2026-06-01 12:10:48+00:00 | (402094 files, 16% size)
2026-06-01 12:10:58+00:00 | (402134 files, 16% size)
2026-06-01 12:11:08+00:00 | (402174 files, 16% size)
2026-06-01 12:11:18+00:00 | (402214 files, 16% size)
2026-06-01 12:11:28+00:00 | (402254 files, 16% size)
2026-06-01 12:11:38+00:00 | (402294 files, 16% size)
2026-06-01 12:11:48+00:00 | (402334 files, 16% size)
2026-06-01 12:11:58+00:00 | (402374 files, 16% size)
2026-06-01 12:12:08+00:00 | (402414 files, 16% size)
2026-06-01 12:12:18+00:00 | (402454 files, 16% size)
2026-06-01 12:12:28+00:00 | (402494 files, 16% size)
2026-06-01 12:12:38+00:00 | (402534 files, 16% size)
2026-06-01 12:12:48+00:00 | (402574 files, 16% size)
2026-06-01 12:12:58+00:00 | (402614 files, 16% size)
2026-06-01 12:13:08+00:00 | (402654 files, 16% size)
2026-06-01 12:13:18+00:00 | (402694 files, 16% size)
2026-06-01 12:13:28+00:00 | (402734 files, 16% size)
2026-06-01 12:13:38+00:00 | (402774 files, 16% size)
2026-06-01 12:13:48+00:00 | (402814 files, 16% size)
2026-06-01 12:13:58+00:00 | (402854 files, 16% size)
2026-06-01 12:14:08+00:00 | (402894 files, 16% size)
2026-06-01 12:14:18+00:00 | (402934 files, 16% size)
2026-06-01 12:14:28+00:00 | (402974 files, 16% size)
2026-06-01 12:14:38+00:00 | (403014 files, 16% size)
2026-06-01 12:14:48+00:00 | (403054 files, 16% size)
2026-06-01 12:14:58+00:00 | (403094 files, 16% size)
2026-06-01 12:15:08+00:00 | (403134 files, 16% size)
2026-06-01 12:15:18+00:00 | (403174 files, 16% size)
2026-06-01 12:15:28+00:00 | (403214 files, 16% size)
2026-06-01 12:15:38+00:00 | (403254 files, 16% size)
2026-06-01 12:15:48+00:00 | (403294 files, 16% size)
2026-06-01 12:15:58+00:00 | (403334 files, 16% size)
2026-06-01 12:16:08+00:00 | (403374 files, 16% size)
2026-06-01 12:16:18+00:00 | (403414 files, 16% size)
2026-06-01 12:16:28+00:00 | (403454 files, 16% size)
2026-06-01 12:16:38+00:00 | (403494 files, 16% size)
2026-06-01 12:16:48+00:00 | (403534 files, 16% size)
2026-06-01 12:16:58+00:00 | (403574 files, 16% size)
2026-06-01 12:17:08+00:00 | (403614 files, 16% size)
2026-06-01 12:17:18+00:00 | (403654 files, 16% size)
2026-06-01 12:17:28+00:00 | (403694 files, 16% size)
2026-06-01 12:17:38+00:00 | (403734 files, 16% size)
2026-06-01 12:17:48+00:00 | (403774 files, 16% size)
2026-06-01 12:17:58+00:00 | (403814 files, 16% size)
2026-06-01 12:18:08+00:00 | (403854 files, 16% size)
2026-06-01 12:18:18+00:00 | (403894 files, 16% size)
2026-06-01 12:18:28+00:00 | (403934 files, 16% size)
2026-06-01 12:18:38+00:00 | (403974 files, 16% size)
2026-06-01 12:18:48+00:00 | (404014 files, 16% size)
2026-06-01 12:18:58+00:00 | (404054 files, 16% size)
2026-06-01 12:19:08+00:00 | (404094 files, 16% size)
2026-06-01 12:19:18+00:00 | (404134 files, 16% size)
2026-06-01 12:19:28+00:00 | (404174 files, 16% size)
2026-06-01 12:19:38+00:00 | (404214 files, 16% size)
2026-06-01 12:19:48+00:00 | (404254 files, 16% size)
2026-06-01 12:19:58+00:00 | (404294 files, 16% size)
2026-06-01 12:20:08+00:00 | (404334 files, 16% size)
2026-06-01 12:20:18+00:00 | (404374 files, 16% size)
2026-06-01 12:20:28+00:00 | (404414 files, 16% size)
2026-06-01 12:20:38+00:00 | (404454 files, 16% size)
2026-06-01 12:20:48+00:00 | (404494 files, 16% size)
2026-06-01 12:20:58+00:00 | (404534 files, 16% size)
2026-06-01 12:21:08+00:00 | (404574 files, 16% size)
2026-06-01 12:21:18+00:00 | (404614 files, 16% size)
2026-06-01 12:21:28+00:00 | (404654 files, 16% size)
2026-06-01 12:21:38+00:00 | (404694 files, 16% size)
2026-06-01 12:21:48+00:00 | (404734 files, 16% size)
2026-06-01 12:21:58+00:00 | (404774 files, 16% size)
2026-06-01 12:22:08+00:00 | (404814 files, 16% size)
2026-06-01 12:22:18+00:00 | (404854 files, 16% size)
2026-06-01 12:22:28+00:00 | (404894 files, 16% size)
2026-06-01 12:22:38+00:00 | (404934 files, 16% size)
2026-06-01 12:22:48+00:00 | (404974 files, 16% size)
2026-06-01 12:22:58+00:00 | (405014 files, 16% size)
2026-06-01 12:23:08+00:00 | (405054 files, 16% size)
2026-06-01 12:23:18+00:00 | (405094 files, 16% size)
2026-06-01 12:23:28+00:00 | (405134 files, 16% size)
2026-06-01 12:23:38+00:00 | (405174 files, 16% size)
2026-06-01 12:23:48+00:00 | (405214 files, 16% size)
2026-06-01 12:23:58+00:00 | (405254 files, 16% size)
2026-06-01 12:24:08+00:00 | (405294 files, 16% size)
2026-06-01 12:24:18+00:00 | (405334 files, 16% size)
2026-06-01 12:24:28+00:00 | (405374 files, 16% size)
2026-06-01 12:24:38+00:00 | (405414 files, 16% size)
2026-06-01 12:24:48+00:00 | (405454 files, 16% size)
2026-06-01 12:24:58+00:00 | (405494 files, 16% size)
2026-06-01 12:25:08+00:00 | (405534 files, 16% size)
2026-06-01 12:25:18+00:00 | (405574 files, 16% size)
2026-06-01 12:25:28+00:00 | (405614 files, 16% size)
2026-06-01 12:25:38+00:00 | (405654 files, 16% size)
2026-06-01 12:25:48+00:00 | (405694 files, 16% size)
2026-06-01 12:25:58+00:00 | (405734 files, 16% size)
2026-06-01 12:26:08+00:00 | (405774 files, 16% size)
2026-06-01 12:26:18+00:00 | (405814 files, 16% size)
2026-06-01 12:26:28+00:00 | (405854 files, 16% size)
2026-06-01 12:26:38+00:00 | (405894 files, 16% size)
2026-06-01 12:26:48+00:00 | (405934 files, 16% size)
2026-06-01 12:26:58+00:00 | (405974 files, 16% size)
2026-06-01 12:27:08+00:00 | (406014 files, 16% size)
2026-06-01 12:27:18+00:00 | (406054 files, 16% size)
2026-06-01 12:27:28+00:00 | (406094 files, 16% size)
2026-06-01 12:27:38+00:00 | (406134 files, 16% size)
2026-06-01 12:27:48+00:00 | (406174 files, 16% size)
2026-06-01 12:27:58+00:00 | (406214 files, 16% size)
2026-06-01 12:28:08+00:00 | (406254 files, 16% size)
2026-06-01 12:28:18+00:00 | (406294 files, 16% size)
2026-06-01 12:28:28+00:00 | (406334 files, 16% size)
2026-06-01 12:28:38+00:00 | (406374 files, 16% size)
2026-06-01 12:28:48+00:00 | (406414 files, 16% size)
2026-06-01 12:28:58+00:00 | (406454 files, 16% size)
2026-06-01 12:29:08+00:00 | (406494 files, 16% size)
2026-06-01 12:29:18+00:00 | (406534 files, 16% size)
2026-06-01 12:29:28+00:00 | (406574 files, 16% size)
2026-06-01 12:29:38+00:00 | (406614 files, 16% size)
2026-06-01 12:29:48+00:00 | (406654 files, 16% size)
2026-06-01 12:29:58+00:00 | (406694 files, 16% size)
2026-06-01 12:30:08+00:00 | (406734 files, 16% size)
2026-06-01 12:30:18+00:00 | (406774 files, 16% size)
2026-06-01 12:30:28+00:00 | (406814 files, 16% size)
2026-06-01 12:30:38+00:00 | (406854 files, 16% size)
2026-06-01 12:30:48+00:00 | (406894 files, 16% size)
2026-06-01 12:30:58+00:00 | (406934 files, 16% size)
2026-06-01 12:31:08+00:00 | (406974 files, 16% size)
2026-06-01 12:31:18+00:00 | (407014 files, 16% size)
2026-06-01 12:31:28+00:00 | (407054 files, 16% size)
2026-06-01 12:31:38+00:00 | (407094 files, 16% size)
2026-06-01 12:31:48+00:00 | (407134 files, 16% size)
2026-06-01 12:31:58+00:00 | (407174 files, 16% size)
2026-06-01 12:32:08+00:00 | (407214 files, 16% size)
2026-06-01 12:32:18+00:00 | (407254 files, 16% size)
2026-06-01 12:32:28+00:00 | (407294 files, 16% size)
2026-06-01 12:32:38+00:00 | (407334 files, 16% size)
2026-06-01 12:32:48+00:00 | (407374 files, 16% size)
2026-06-01 12:32:58+00:00 | (407414 files, 16% size)
2026-06-01 12:33:08+00:00 | (407454 files, 16% size)
2026-06-01 12:33:18+00:00 | (407494 files, 16% size)
2026-06-01 12:33:28+00:00 | (407534 files, 16% size)
2026-06-01 12:33:38+00:00 | (407574 files, 16% size)
2026-06-01 12:33:48+00:00 | (407614 files, 16% size)
2026-06-01 12:33:58+00:00 | (407654 files, 16% size)
2026-06-01 12:34:08+00:00 | (407694 files, 16% size)
2026-06-01 12:34:18+00:00 | (407734 files, 16% size)
2026-06-01 12:34:28+00:00 | (407774 files, 16% size)
2026-06-01 12:34:38+00:00 | (407814 files, 16% size)
2026-06-01 12:34:48+00:00 | (407854 files, 16% size)
2026-06-01 12:34:58+00:00 | (407894 files, 16% size)
2026-06-01 12:35:08+00:00 | (407934 files, 16% size)
2026-06-01 12:35:18+00:00 | (407974 files, 16% size)
2026-06-01 12:35:28+00:00 | (408014 files, 16% size)
2026-06-01 12:35:38+00:00 | (408054 files, 16% size)
2026-06-01 12:35:48+00:00 | (408094 files, 16% size)
2026-06-01 12:35:58+00:00 | (408134 files, 16% size)
2026-06-01 12:36:08+00:00 | (408174 files, 16% size)
2026-06-01 12:36:18+00:00 | (408214 files, 16% size)
2026-06-01 12:36:28+00:00 | (408254 files, 16% size)
2026-06-01 12:36:38+00:00 | (408294 files, 16% size)
2026-06-01 12:36:48+00:00 | (408334 files, 16% size)
2026-06-01 12:36:58+00:00 | (408374 files, 16% size)
2026-06-01 12:37:08+00:00 | (408414 files, 16% size)
2026-06-01 12:37:18+00:00 | (408454 files, 16% size)
2026-06-01 12:37:28+00:00 | (408494 files, 16% size)
2026-06-01 12:37:38+00:00 | (408534 files, 16% size)
2026-06-01 12:37:48+00:00 | (408574 files, 16% size)
2026-06-01 12:37:58+00:00 | (408614 files, 16% size)
2026-06-01 12:38:08+00:00 | (408654 files, 16% size)
2026-06-01 12:38:18+00:00 | (408694 files, 16% size)
2026-06-01 12:38:28+00:00 | (408734 files, 16% size)
2026-06-01 12:38:38+00:00 | (408774 files, 16% size)
2026-06-01 12:38:48+00:00 | (408814 files, 16% size)
2026-06-01 12:38:58+00:00 | (408854 files, 16% size)
2026-06-01 12:39:08+00:00 | (408894 files, 16% size)
2026-06-01 12:39:18+00:00 | (408934 files, 16% size)
2026-06-01 12:39:28+00:00 | (408974 files, 16% size)
2026-06-01 12:39:38+00:00 | (409014 files, 16% size)
2026-06-01 12:39:48+00:00 | (409054 files, 16% size)
2026-06-01 12:39:58+00:00 | (409094 files, 16% size)
2026-06-01 12:40:08+00:00 | (409134 files, 16% size)
2026-06-01 12:40:18+00:00 | (409174 files, 16% size)
2026-06-01 12:40:28+00:00 | (409214 files, 16% size)
2026-06-01 12:40:38+00:00 | (409254 files, 16% size)
2026-06-01 12:40:48+00:00 | (409294 files, 16% size)
2026-06-01 12:40:58+00:00 | (409334 files, 16% size)
2026-06-01 12:41:08+00:00 | (409374 files, 16% size)
2026-06-01 12:41:18+00:00 | (409414 files, 16% size)
2026-06-01 12:41:28+00:00 | (409454 files, 16% size)
2026-06-01 12:41:38+00:00 | (409494 files, 16% size)
2026-06-01 12:41:48+00:00 | (409534 files, 16% size)
2026-06-01 12:41:58+00:00 | (409574 files, 16% size)
2026-06-01 12:42:08+00:00 | (409614 files, 16% size)
2026-06-01 12:42:18+00:00 | (409654 files, 16% size)
2026-06-01 12:42:28+00:00 | (409694 files, 16% size)
2026-06-01 12:42:38+00:00 | (409734 files, 16% size)
2026-06-01 12:42:48+00:00 | (409774 files, 16% size)
2026-06-01 12:42:58+00:00 | (409814 files, 16% size)
2026-06-01 12:43:08+00:00 | (409854 files, 16% size)
2026-06-01 12:43:18+00:00 | (409894 files, 16% size)
2026-06-01 12:43:28+00:00 | (409934 files, 16% size)
2026-06-01 12:43:38+00:00 | (409974 files, 16% size)
2026-06-01 12:43:48+00:00 | (410014 files, 16% size)
2026-06-01 12:43:58+00:00 | (410054 files, 16% size)
2026-06-01 12:44:08+00:00 | (410094 files, 16% size)
2026-06-01 12:44:18+00:00 | (410134 files, 16% size)
2026-06-01 12:44:28+00:00 | (410174 files, 16% size)
2026-06-01 12:44:38+00:00 | (410214 files, 16% size)
2026-06-01 12:44:48+00:00 | (410254 files, 16% size)
2026-06-01 12:44:58+00:00 | (410294 files, 16% size)
2026-06-01 12:45:08+00:00 | (410334 files, 16% size)
2026-06-01 12:45:18+00:00 | (410374 files, 16% size)
2026-06-01 12:45:28+00:00 | (410414 files, 16% size)
2026-06-01 12:45:38+00:00 | (410454 files, 16% size)
2026-06-01 12:45:48+00:00 | (410494 files, 16% size)
2026-06-01 12:45:58+00:00 | (410534 files, 16% size)
2026-06-01 12:46:08+00:00 | (410574 files, 16% size)
2026-06-01 12:46:18+00:00 | (410614 files, 16% size)
2026-06-01 12:46:28+00:00 | (410654 files, 16% size)
2026-06-01 12:46:38+00:00 | (410694 files, 16% size)
2026-06-01 12:46:48+00:00 | (410734 files, 16% size)
2026-06-01 12:46:58+00:00 | (410774 files, 16% size)
2026-06-01 12:47:08+00:00 | (410814 files, 16% size)
2026-06-01 12:47:18+00:00 | (410854 files, 16% size)
2026-06-01 12:47:28+00:00 | (410894 files, 16% size)
2026-06-01 12:47:38+00:00 | (410934 files, 16% size)
2026-06-01 12:47:48+00:00 | (410974 files, 16% size)
2026-06-01 12:47:58+00:00 | (411014 files, 16% size)
2026-06-01 12:48:08+00:00 | (411054 files, 16% size)
2026-06-01 12:48:18+00:00 | (411094 files, 16% size)
2026-06-01 12:48:28+00:00 | (411134 files, 16% size)
2026-06-01 12:48:38+00:00 | (411174 files, 16% size)
2026-06-01 12:48:48+00:00 | (411214 files, 16% size)
2026-06-01 12:48:58+00:00 | (411254 files, 16% size)
2026-06-01 12:49:08+00:00 | (411294 files, 16% size)
2026-06-01 12:49:18+00:00 | (411334 files, 16% size)
2026-06-01 12:49:28+00:00 | (411374 files, 16% size)
2026-06-01 12:49:38+00:00 | (411414 files, 16% size)
2026-06-01 12:49:48+00:00 | (411454 files, 16% size)
2026-06-01 12:49:58+00:00 | (411494 files, 16% size)
2026-06-01 12:50:08+00:00 | (411534 files, 16% size)
2026-06-01 12:50:18+00:00 | (411574 files, 16% size)
2026-06-01 12:50:28+00:00 | (411614 files, 16% size)
2026-06-01 12:50:38+00:00 | (411654 files, 16% size)
2026-06-01 12:50:48+00:00 | (411694 files, 16% size)
2026-06-01 12:50:58+00:00 | (411734 files, 16% size)
2026-06-01 12:51:08+00:00 | (411774 files, 16% size)
2026-06-01 12:51:18+00:00 | (411814 files, 16% size)
2026-06-01 12:51:28+00:00 | (411854 files, 16% size)
2026-06-01 12:51:38+00:00 | (411894 files, 16% size)
2026-06-01 12:51:48+00:00 | (411934 files, 16% size)
2026-06-01 12:51:58+00:00 | (411974 files, 16% size)
2026-06-01 12:52:08+00:00 | (412014 files, 16% size)
2026-06-01 12:52:18+00:00 | (412054 files, 16% size)
2026-06-01 12:52:28+00:00 | (412094 files, 16% size)
2026-06-01 12:52:38+00:00 | (412134 files, 16% size)
2026-06-01 12:52:48+00:00 | (412174 files, 16% size)
2026-06-01 12:52:58+00:00 | (412214 files, 16% size)
2026-06-01 12:53:08+00:00 | (412254 files, 16% size)
2026-06-01 12:53:18+00:00 | (412294 files, 16% size)
2026-06-01 12:53:28+00:00 | (412334 files, 16% size)
2026-06-01 12:53:38+00:00 | (412374 files, 16% size)
2026-06-01 12:53:48+00:00 | (412414 files, 16% size)
2026-06-01 12:53:58+00:00 | (412454 files, 16% size)
2026-06-01 12:54:08+00:00 | (412494 files, 16% size)
2026-06-01 12:54:18+00:00 | (412534 files, 16% size)
2026-06-01 12:54:28+00:00 | (412574 files, 16% size)
2026-06-01 12:54:38+00:00 | (412614 files, 16% size)
2026-06-01 12:54:48+00:00 | (412654 files, 16% size)
2026-06-01 12:54:58+00:00 | (412694 files, 16% size)
2026-06-01 12:55:08+00:00 | (412734 files, 16% size)
2026-06-01 12:55:18+00:00 | (412774 files, 16% size)
2026-06-01 12:55:28+00:00 | (412814 files, 16% size)
2026-06-01 12:55:38+00:00 | (412854 files, 16% size)
2026-06-01 12:55:48+00:00 | (412894 files, 16% size)
2026-06-01 12:55:58+00:00 | (412934 files, 16% size)
2026-06-01 12:56:08+00:00 | (412974 files, 16% size)
2026-06-01 12:56:18+00:00 | (413014 files, 16% size)
2026-06-01 12:56:28+00:00 | (413054 files, 16% size)
2026-06-01 12:56:38+00:00 | (413094 files, 16% size)
2026-06-01 12:56:48+00:00 | (413134 files, 16% size)
2026-06-01 12:56:58+00:00 | (413174 files, 16% size)
2026-06-01 12:57:08+00:00 | (413214 files, 16% size)
2026-06-01 12:57:18+00:00 | (413254 files, 16% size)
2026-06-01 12:57:28+00:00 | (413294 files, 16% size)
2026-06-01 12:57:38+00:00 | (413334 files, 16% size)
2026-06-01 12:57:48+00:00 | (413374 files, 16% size)
2026-06-01 12:57:58+00:00 | (413414 files, 16% size)
2026-06-01 12:58:08+00:00 | (413454 files, 16% size)
2026-06-01 12:58:18+00:00 | (413494 files, 16% size)
2026-06-01 12:58:28+00:00 | (413534 files, 16% size)
2026-06-01 12:58:38+00:00 | (413574 files, 16% size)
2026-06-01 12:58:48+00:00 | (413614 files, 16% size)
2026-06-01 12:58:58+00:00 | (413654 files, 16% size)
2026-06-01 12:59:08+00:00 | (413694 files, 16% size)
2026-06-01 12:59:18+00:00 | (413734 files, 16% size)
2026-06-01 12:59:28+00:00 | (413774 files, 16% size)
2026-06-01 12:59:38+00:00 | (413814 files, 16% size)
2026-06-01 12:59:48+00:00 | (413854 files, 16% size)
2026-06-01 12:59:58+00:00 | (413894 files, 16% size)
2026-06-01 13:00:08+00:00 | (413934 files, 16% size)
2026-06-01 13:00:18+00:00 | (413974 files, 16% size)
2026-06-01 13:00:28+00:00 | (414014 files, 16% size)
2026-06-01 13:00:38+00:00 | (414054 files, 16% size)
2026-06-01 13:00:48+00:00 | (414094 files, 16% size)
2026-06-01 13:00:58+00:00 | (414134 files, 16% size)
2026-06-01 13:01:08+00:00 | (414174 files, 16% size)
2026-06-01 13:01:18+00:00 | (414214 files, 16% size)
2026-06-01 13:01:28+00:00 | (414254 files, 16% size)
2026-06-01 13:01:38+00:00 | (414294 files, 16% size)
2026-06-01 13:01:48+00:00 | (414334 files, 16% size)
2026-06-01 13:01:58+00:00 | (414374 files, 16% size)
2026-06-01 13:02:08+00:00 | (414414 files, 16% size)
2026-06-01 13:02:18+00:00 | (414454 files, 16% size)
2026-06-01 13:02:28+00:00 | (414494 files, 16% size)
2026-06-01 13:02:38+00:00 | (414534 files, 16% size)
2026-06-01 13:02:48+00:00 | (414574 files, 16% size)
2026-06-01 13:02:58+00:00 | (414614 files, 16% size)
2026-06-01 13:03:08+00:00 | (414654 files, 16% size)
2026-06-01 13:03:18+00:00 | (414694 files, 16% size)
2026-06-01 13:03:28+00:00 | (414734 files, 16% size)
2026-06-01 13:03:38+00:00 | (414774 files, 16% size)
2026-06-01 13:03:48+00:00 | (414814 files, 16% size)
2026-06-01 13:03:58+00:00 | (414854 files, 16% size)
2026-06-01 13:04:08+00:00 | (414894 files, 16% size)
2026-06-01 13:04:18+00:00 | (414934 files, 16% size)
2026-06-01 13:04:28+00:00 | (414974 files, 16% size)
2026-06-01 13:04:38+00:00 | (415014 files, 16% size)
2026-06-01 13:04:48+00:00 | (415054 files, 16% size)
2026-06-01 13:04:58+00:00 | (415094 files, 16% size)
2026-06-01 13:05:08+00:00 | (415134 files, 16% size)
2026-06-01 13:05:18+00:00 | (415174 files, 16% size)
2026-06-01 13:05:28+00:00 | (415214 files, 16% size)
2026-06-01 13:05:38+00:00 | (415254 files, 16% size)
2026-06-01 13:05:48+00:00 | (415294 files, 16% size)
2026-06-01 13:05:58+00:00 | (415334 files, 16% size)
2026-06-01 13:06:08+00:00 | (415374 files, 16% size)
2026-06-01 13:06:18+00:00 | (415414 files, 16% size)
2026-06-01 13:06:28+00:00 | (415454 files, 16% size)
2026-06-01 13:06:38+00:00 | (415494 files, 16% size)
2026-06-01 13:06:48+00:00 | (415534 files, 16% size)
2026-06-01 13:06:58+00:00 | (415574 files, 16% size)
2026-06-01 13:07:08+00:00 | (415614 files, 16% size)
2026-06-01 13:07:18+00:00 | (415654 files, 16% size)
2026-06-01 13:07:28+00:00 | (415694 files, 16% size)
2026-06-01 13:07:38+00:00 | (415734 files, 16% size)
2026-06-01 13:07:48+00:00 | (415774 files, 16% size)
2026-06-01 13:07:58+00:00 | (415814 files, 16% size)
2026-06-01 13:08:08+00:00 | (415854 files, 16% size)
2026-06-01 13:08:18+00:00 | (415894 files, 16% size)
2026-06-01 13:08:28+00:00 | (415934 files, 16% size)
2026-06-01 13:08:38+00:00 | (415974 files, 16% size)
2026-06-01 13:08:48+00:00 | (416014 files, 16% size)
2026-06-01 13:08:58+00:00 | (416054 files, 16% size)
2026-06-01 13:09:08+00:00 | (416094 files, 16% size)
2026-06-01 13:09:18+00:00 | (416134 files, 16% size)
2026-06-01 13:09:28+00:00 | (416174 files, 16% size)
2026-06-01 13:09:38+00:00 | (416214 files, 16% size)
2026-06-01 13:09:48+00:00 | (416254 files, 16% size)
2026-06-01 13:09:58+00:00 | (416294 files, 16% size)
2026-06-01 13:10:08+00:00 | (416334 files, 16% size)
2026-06-01 13:10:18+00:00 | (416374 files, 16% size)
2026-06-01 13:10:28+00:00 | (416414 files, 16% size)
2026-06-01 13:10:38+00:00 | (416454 files, 16% size)
2026-06-01 13:10:48+00:00 | (416494 files, 16% size)
2026-06-01 13:10:58+00:00 | (416534 files, 16% size)
2026-06-01 13:11:08+00:00 | (416574 files, 16% size)
2026-06-01 13:11:18+00:00 | (416614 files, 16% size)
2026-06-01 13:11:28+00:00 | (416654 files, 16% size)
2026-06-01 13:11:38+00:00 | (416694 files, 16% size)
2026-06-01 13:11:48+00:00 | (416734 files, 16% size)
2026-06-01 13:11:58+00:00 | (416774 files, 16% size)
2026-06-01 13:12:08+00:00 | (416814 files, 16% size)
2026-06-01 13:12:18+00:00 | (416854 files, 16% size)
2026-06-01 13:12:28+00:00 | (416894 files, 16% size)
2026-06-01 13:12:38+00:00 | (416934 files, 16% size)
2026-06-01 13:12:48+00:00 | (416974 files, 16% size)
2026-06-01 13:12:58+00:00 | (417014 files, 16% size)
2026-06-01 13:13:08+00:00 | (417054 files, 16% size)
2026-06-01 13:13:18+00:00 | (417094 files, 16% size)
2026-06-01 13:13:28+00:00 | (417134 files, 16% size)
2026-06-01 13:13:38+00:00 | (417174 files, 16% size)
2026-06-01 13:13:48+00:00 | (417214 files, 16% size)
2026-06-01 13:13:58+00:00 | (417254 files, 16% size)
2026-06-01 13:14:08+00:00 | (417294 files, 16% size)
2026-06-01 13:14:18+00:00 | (417334 files, 16% size)
2026-06-01 13:14:28+00:00 | (417374 files, 16% size)
2026-06-01 13:14:38+00:00 | (417414 files, 16% size)
2026-06-01 13:14:48+00:00 | (417454 files, 16% size)
2026-06-01 13:14:58+00:00 | (417494 files, 16% size)
2026-06-01 13:15:08+00:00 | (417534 files, 16% size)
2026-06-01 13:15:18+00:00 | (417574 files, 16% size)
2026-06-01 13:15:28+00:00 | (417614 files, 16% size)
2026-06-01 13:15:38+00:00 | (417654 files, 16% size)
2026-06-01 13:15:48+00:00 | (417694 files, 16% size)
2026-06-01 13:15:58+00:00 | (417734 files, 16% size)
2026-06-01 13:16:08+00:00 | (417774 files, 16% size)
2026-06-01 13:16:18+00:00 | (417814 files, 16% size)
2026-06-01 13:16:28+00:00 | (417854 files, 16% size)
2026-06-01 13:16:38+00:00 | (417894 files, 16% size)
2026-06-01 13:16:48+00:00 | (417934 files, 16% size)
2026-06-01 13:16:58+00:00 | (417974 files, 16% size)
2026-06-01 13:17:08+00:00 | (418014 files, 16% size)
2026-06-01 13:17:18+00:00 | (418054 files, 16% size)
2026-06-01 13:17:28+00:00 | (418094 files, 16% size)
2026-06-01 13:17:38+00:00 | (418134 files, 16% size)
2026-06-01 13:17:48+00:00 | (418174 files, 16% size)
2026-06-01 13:17:58+00:00 | (418214 files, 16% size)
2026-06-01 13:18:08+00:00 | (418254 files, 16% size)
2026-06-01 13:18:18+00:00 | (418294 files, 16% size)
2026-06-01 13:18:28+00:00 | (418334 files, 16% size)
2026-06-01 13:18:38+00:00 | (418374 files, 16% size)
2026-06-01 13:18:48+00:00 | (418414 files, 16% size)
2026-06-01 13:18:58+00:00 | (418454 files, 16% size)
2026-06-01 13:19:08+00:00 | (418494 files, 16% size)
2026-06-01 13:19:18+00:00 | (418534 files, 16% size)
2026-06-01 13:19:28+00:00 | (418574 files, 16% size)
2026-06-01 13:19:38+00:00 | (418614 files, 16% size)
2026-06-01 13:19:48+00:00 | (418654 files, 16% size)
2026-06-01 13:19:58+00:00 | (418694 files, 16% size)
2026-06-01 13:20:08+00:00 | (418734 files, 16% size)
2026-06-01 13:20:18+00:00 | (418774 files, 16% size)
2026-06-01 13:20:28+00:00 | (418814 files, 16% size)
2026-06-01 13:20:38+00:00 | (418854 files, 16% size)
2026-06-01 13:20:48+00:00 | (418894 files, 16% size)
2026-06-01 13:20:58+00:00 | (418934 files, 16% size)
2026-06-01 13:21:08+00:00 | (418974 files, 16% size)
2026-06-01 13:21:18+00:00 | (419014 files, 16% size)
2026-06-01 13:21:28+00:00 | (419054 files, 16% size)
2026-06-01 13:21:38+00:00 | (419094 files, 16% size)
2026-06-01 13:21:48+00:00 | (419134 files, 16% size)
2026-06-01 13:21:58+00:00 | (419174 files, 16% size)
2026-06-01 13:22:08+00:00 | (419214 files, 16% size)
2026-06-01 13:22:18+00:00 | (419254 files, 16% size)
2026-06-01 13:22:28+00:00 | (419294 files, 16% size)
2026-06-01 13:22:38+00:00 | (419334 files, 16% size)
2026-06-01 13:22:48+00:00 | (419374 files, 16% size)
2026-06-01 13:22:58+00:00 | (419414 files, 16% size)
2026-06-01 13:23:08+00:00 | (419454 files, 16% size)
2026-06-01 13:23:18+00:00 | (419494 files, 16% size)
2026-06-01 13:23:28+00:00 | (419534 files, 16% size)
2026-06-01 13:23:38+00:00 | (419574 files, 16% size)
2026-06-01 13:23:48+00:00 | (419614 files, 16% size)
2026-06-01 13:23:58+00:00 | (419654 files, 16% size)
2026-06-01 13:24:08+00:00 | (419694 files, 16% size)
2026-06-01 13:24:18+00:00 | (419734 files, 16% size)
2026-06-01 13:24:28+00:00 | (419774 files, 16% size)
2026-06-01 13:24:38+00:00 | (419814 files, 16% size)
2026-06-01 13:24:48+00:00 | (419854 files, 16% size)
2026-06-01 13:24:58+00:00 | (419894 files, 16% size)
2026-06-01 13:25:08+00:00 | (419934 files, 16% size)
2026-06-01 13:25:18+00:00 | (419974 files, 16% size)
2026-06-01 13:25:28+00:00 | (420014 files, 16% size)
2026-06-01 13:25:38+00:00 | (420054 files, 16% size)
2026-06-01 13:25:48+00:00 | (420094 files, 16% size)
2026-06-01 13:25:58+00:00 | (420134 files, 16% size)
2026-06-01 13:26:08+00:00 | (420174 files, 16% size)
2026-06-01 13:26:18+00:00 | (420214 files, 16% size)
2026-06-01 13:26:28+00:00 | (420254 files, 16% size)
2026-06-01 13:26:38+00:00 | (420294 files, 16% size)
2026-06-01 13:26:48+00:00 | (420334 files, 16% size)
2026-06-01 13:26:58+00:00 | (420374 files, 16% size)
2026-06-01 13:27:08+00:00 | (420414 files, 16% size)
2026-06-01 13:27:18+00:00 | (420454 files, 16% size)
2026-06-01 13:27:28+00:00 | (420494 files, 16% size)
2026-06-01 13:27:38+00:00 | (420534 files, 16% size)
2026-06-01 13:27:48+00:00 | (420574 files, 16% size)
2026-06-01 13:27:58+00:00 | (420614 files, 16% size)
2026-06-01 13:28:08+00:00 | (420654 files, 16% size)
2026-06-01 13:28:18+00:00 | (420694 files, 16% size)
2026-06-01 13:28:28+00:00 | (420734 files, 16% size)
2026-06-01 13:28:38+00:00 | (420774 files, 16% size)
2026-06-01 13:28:48+00:00 | (420814 files, 16% size)
2026-06-01 13:28:58+00:00 | (420854 files, 16% size)
2026-06-01 13:29:08+00:00 | (420894 files, 16% size)
2026-06-01 13:29:18+00:00 | (420934 files, 16% size)
2026-06-01 13:29:28+00:00 | (420974 files, 16% size)
2026-06-01 13:29:38+00:00 | (421014 files, 16% size)
2026-06-01 13:29:48+00:00 | (421054 files, 16% size)
2026-06-01 13:29:58+00:00 | (421094 files, 16% size)
2026-06-01 13:30:08+00:00 | (421134 files, 16% size)
2026-06-01 13:30:18+00:00 | (421174 files, 16% size)
2026-06-01 13:30:28+00:00 | (421214 files, 16% size)
2026-06-01 13:30:38+00:00 | (421254 files, 16% size)
2026-06-01 13:30:48+00:00 | (421294 files, 16% size)
2026-06-01 13:30:58+00:00 | (421334 files, 16% size)
2026-06-01 13:31:08+00:00 | (421374 files, 16% size)
2026-06-01 13:31:18+00:00 | (421414 files, 16% size)
2026-06-01 13:31:28+00:00 | (421454 files, 16% size)
2026-06-01 13:31:38+00:00 | (421494 files, 16% size)
2026-06-01 13:31:48+00:00 | (421534 files, 16% size)
2026-06-01 13:31:58+00:00 | (421574 files, 16% size)
2026-06-01 13:32:08+00:00 | (421614 files, 16% size)
2026-06-01 13:32:18+00:00 | (421654 files, 16% size)
2026-06-01 13:32:28+00:00 | (421694 files, 16% size)
2026-06-01 13:32:38+00:00 | (421734 files, 16% size)
2026-06-01 13:32:48+00:00 | (421774 files, 16% size)
2026-06-01 13:32:58+00:00 | (421814 files, 16% size)
2026-06-01 13:33:08+00:00 | (421854 files, 16% size)
2026-06-01 13:33:18+00:00 | (421894 files, 16% size)
2026-06-01 13:33:28+00:00 | (421934 files, 16% size)
2026-06-01 13:33:38+00:00 | (421974 files, 16% size)
2026-06-01 13:33:48+00:00 | (422014 files, 16% size)
2026-06-01 13:33:58+00:00 | (422054 files, 16% size)
2026-06-01 13:34:08+00:00 | (422094 files, 16% size)
2026-06-01 13:34:18+00:00 | (422134 files, 16% size)
2026-06-01 13:34:28+00:00 | (422174 files, 16% size)
2026-06-01 13:34:38+00:00 | (422214 files, 16% size)
2026-06-01 13:34:48+00:00 | (422254 files, 16% size)
2026-06-01 13:34:58+00:00 | (422294 files, 16% size)
2026-06-01 13:35:08+00:00 | (422334 files, 16% size)
2026-06-01 13:35:18+00:00 | (422374 files, 16% size)
2026-06-01 13:35:28+00:00 | (422414 files, 16% size)
2026-06-01 13:35:38+00:00 | (422454 files, 16% size)
2026-06-01 13:35:48+00:00 | (422494 files, 16% size)
2026-06-01 13:35:58+00:00 | (422534 files, 16% size)
2026-06-01 13:36:08+00:00 | (422574 files, 16% size)
2026-06-01 13:36:18+00:00 | (422614 files, 16% size)
2026-06-01 13:36:28+00:00 | (422654 files, 16% size)
2026-06-01 13:36:38+00:00 | (422694 files, 16% size)
2026-06-01 13:36:48+00:00 | (422734 files, 16% size)
2026-06-01 13:36:58+00:00 | (422774 files, 16% size)
2026-06-01 13:37:08+00:00 | (422814 files, 16% size)
2026-06-01 13:37:18+00:00 | (422854 files, 16% size)
2026-06-01 13:37:28+00:00 | (422894 files, 16% size)
2026-06-01 13:37:38+00:00 | (422934 files, 16% size)
2026-06-01 13:37:48+00:00 | (422974 files, 16% size)
2026-06-01 13:37:58+00:00 | (423014 files, 16% size)
2026-06-01 13:38:08+00:00 | (423054 files, 16% size)
2026-06-01 13:38:18+00:00 | (423094 files, 16% size)
2026-06-01 13:38:28+00:00 | (423134 files, 16% size)
2026-06-01 13:38:38+00:00 | (423174 files, 16% size)
2026-06-01 13:38:48+00:00 | (423214 files, 16% size)
2026-06-01 13:38:58+00:00 | (423254 files, 16% size)
2026-06-01 13:39:08+00:00 | (423294 files, 16% size)
2026-06-01 13:39:18+00:00 | (423334 files, 16% size)
2026-06-01 13:39:28+00:00 | (423374 files, 16% size)
2026-06-01 13:39:38+00:00 | (423414 files, 16% size)
2026-06-01 13:39:48+00:00 | (423454 files, 16% size)
2026-06-01 13:39:58+00:00 | (423494 files, 16% size)
2026-06-01 13:40:08+00:00 | (423534 files, 16% size)
2026-06-01 13:40:18+00:00 | (423574 files, 16% size)
2026-06-01 13:40:28+00:00 | (423614 files, 16% size)
2026-06-01 13:40:38+00:00 | (423654 files, 16% size)
2026-06-01 13:40:48+00:00 | (423694 files, 16% size)
2026-06-01 13:40:58+00:00 | (423734 files, 16% size)
2026-06-01 13:41:08+00:00 | (423774 files, 16% size)
2026-06-01 13:41:18+00:00 | (423814 files, 16% size)
2026-06-01 13:41:28+00:00 | (423854 files, 16% size)
2026-06-01 13:41:38+00:00 | (423894 files, 16% size)
2026-06-01 13:41:48+00:00 | (423934 files, 16% size)
2026-06-01 13:41:58+00:00 | (423974 files, 16% size)
2026-06-01 13:42:08+00:00 | (424014 files, 16% size)
2026-06-01 13:42:18+00:00 | (424054 files, 16% size)
2026-06-01 13:42:28+00:00 | (424094 files, 16% size)
2026-06-01 13:42:38+00:00 | (424134 files, 16% size)
2026-06-01 13:42:48+00:00 | (424174 files, 16% size)
2026-06-01 13:42:58+00:00 | (424214 files, 17% size)
2026-06-01 13:43:08+00:00 | (424254 files, 17% size)
2026-06-01 13:43:18+00:00 | (424294 files, 17% size)
2026-06-01 13:43:28+00:00 | (424334 files, 17% size)
2026-06-01 13:43:38+00:00 | (424374 files, 17% size)
2026-06-01 13:43:48+00:00 | (424414 files, 17% size)
2026-06-01 13:43:58+00:00 | (424454 files, 17% size)
2026-06-01 13:44:08+00:00 | (424494 files, 17% size)
2026-06-01 13:44:18+00:00 | (424534 files, 17% size)
2026-06-01 13:44:28+00:00 | (424574 files, 17% size)
2026-06-01 13:44:38+00:00 | (424614 files, 17% size)
2026-06-01 13:44:48+00:00 | (424654 files, 17% size)
2026-06-01 13:44:58+00:00 | (424694 files, 17% size)
2026-06-01 13:45:08+00:00 | (424734 files, 17% size)
2026-06-01 13:45:18+00:00 | (424774 files, 17% size)
2026-06-01 13:45:28+00:00 | (424814 files, 17% size)
2026-06-01 13:45:38+00:00 | (424854 files, 17% size)
2026-06-01 13:45:48+00:00 | (424894 files, 17% size)
2026-06-01 13:45:58+00:00 | (424934 files, 17% size)
2026-06-01 13:46:08+00:00 | (424974 files, 17% size)
2026-06-01 13:46:18+00:00 | (425014 files, 17% size)
2026-06-01 13:46:28+00:00 | (425054 files, 17% size)
2026-06-01 13:46:38+00:00 | (425094 files, 17% size)
2026-06-01 13:46:48+00:00 | (425130 files, 17% size)
2026-06-01 13:46:58+00:00 | (425170 files, 17% size)
2026-06-01 13:47:08+00:00 | (425210 files, 17% size)
2026-06-01 13:47:18+00:00 | (425250 files, 17% size)
2026-06-01 13:47:28+00:00 | (425290 files, 17% size)
2026-06-01 13:47:38+00:00 | (425330 files, 17% size)
2026-06-01 13:47:48+00:00 | (425370 files, 17% size)
2026-06-01 13:47:58+00:00 | (425410 files, 17% size)
2026-06-01 13:48:08+00:00 | (425450 files, 17% size)
2026-06-01 13:48:18+00:00 | (425490 files, 17% size)
2026-06-01 13:48:28+00:00 | (425530 files, 17% size)
2026-06-01 13:48:38+00:00 | (425572 files, 17% size)
2026-06-01 13:48:48+00:00 | (425614 files, 17% size)
2026-06-01 13:48:58+00:00 | (425654 files, 17% size)
2026-06-01 13:49:08+00:00 | (425694 files, 17% size)
2026-06-01 13:49:18+00:00 | (425734 files, 17% size)
2026-06-01 13:49:28+00:00 | (425774 files, 17% size)
2026-06-01 13:49:38+00:00 | (425814 files, 17% size)
2026-06-01 13:49:48+00:00 | (425854 files, 17% size)
2026-06-01 13:49:58+00:00 | (425890 files, 17% size)
2026-06-01 13:50:08+00:00 | (425934 files, 17% size)
2026-06-01 13:50:18+00:00 | (425974 files, 17% size)
2026-06-01 13:50:28+00:00 | (426014 files, 17% size)
2026-06-01 13:50:38+00:00 | (426054 files, 17% size)
2026-06-01 13:50:48+00:00 | (426094 files, 17% size)
2026-06-01 13:50:58+00:00 | (426134 files, 17% size)
2026-06-01 13:51:08+00:00 | (426174 files, 17% size)
2026-06-01 13:51:18+00:00 | (426214 files, 17% size)
2026-06-01 13:51:28+00:00 | (426254 files, 17% size)
2026-06-01 13:51:38+00:00 | (426294 files, 17% size)
2026-06-01 13:51:48+00:00 | (426334 files, 17% size)
2026-06-01 13:51:58+00:00 | (426374 files, 17% size)
2026-06-01 13:52:08+00:00 | (426414 files, 17% size)
2026-06-01 13:52:18+00:00 | (426454 files, 17% size)
2026-06-01 13:52:28+00:00 | (426494 files, 17% size)
2026-06-01 13:52:38+00:00 | (426534 files, 17% size)
2026-06-01 13:52:48+00:00 | (426574 files, 17% size)
2026-06-01 13:52:58+00:00 | (426614 files, 17% size)
2026-06-01 13:53:08+00:00 | (426654 files, 17% size)
2026-06-01 13:53:18+00:00 | (426694 files, 17% size)
2026-06-01 13:53:28+00:00 | (426734 files, 17% size)
2026-06-01 13:53:38+00:00 | (426774 files, 17% size)
2026-06-01 13:53:48+00:00 | (426814 files, 17% size)
2026-06-01 13:53:58+00:00 | (426854 files, 17% size)
2026-06-01 13:54:08+00:00 | (426894 files, 17% size)
2026-06-01 13:54:18+00:00 | (426934 files, 17% size)
2026-06-01 13:54:28+00:00 | (426974 files, 17% size)
2026-06-01 13:54:38+00:00 | (427014 files, 17% size)
2026-06-01 13:54:48+00:00 | (427054 files, 17% size)
2026-06-01 13:54:58+00:00 | (427094 files, 17% size)
2026-06-01 13:55:08+00:00 | (427134 files, 17% size)
2026-06-01 13:55:18+00:00 | (427174 files, 17% size)
2026-06-01 13:55:28+00:00 | (427214 files, 17% size)
2026-06-01 13:55:38+00:00 | (427254 files, 17% size)
2026-06-01 13:55:48+00:00 | (427294 files, 17% size)
2026-06-01 13:55:58+00:00 | (427334 files, 17% size)
2026-06-01 13:56:08+00:00 | (427374 files, 17% size)
2026-06-01 13:56:18+00:00 | (427414 files, 17% size)
2026-06-01 13:56:28+00:00 | (427454 files, 17% size)
2026-06-01 13:56:38+00:00 | (427494 files, 17% size)
2026-06-01 13:56:48+00:00 | (427534 files, 17% size)
2026-06-01 13:56:58+00:00 | (427574 files, 17% size)
2026-06-01 13:57:08+00:00 | (427614 files, 17% size)
2026-06-01 13:57:18+00:00 | (427654 files, 17% size)
2026-06-01 13:57:28+00:00 | (427694 files, 17% size)
2026-06-01 13:57:38+00:00 | (427734 files, 17% size)
2026-06-01 13:57:48+00:00 | (427774 files, 17% size)
2026-06-01 13:57:58+00:00 | (427814 files, 17% size)
2026-06-01 13:58:08+00:00 | (427854 files, 17% size)
2026-06-01 13:58:18+00:00 | (427894 files, 17% size)
2026-06-01 13:58:28+00:00 | (427934 files, 17% size)
2026-06-01 13:58:38+00:00 | (427974 files, 17% size)
2026-06-01 13:58:48+00:00 | (428014 files, 17% size)
2026-06-01 13:58:58+00:00 | (428054 files, 17% size)
2026-06-01 13:59:08+00:00 | (428094 files, 17% size)
2026-06-01 13:59:18+00:00 | (428134 files, 17% size)
2026-06-01 13:59:28+00:00 | (428174 files, 17% size)
2026-06-01 13:59:38+00:00 | (428214 files, 17% size)
2026-06-01 13:59:48+00:00 | (428254 files, 17% size)
2026-06-01 13:59:58+00:00 | (428294 files, 17% size)
2026-06-01 14:00:08+00:00 | (428334 files, 17% size)
2026-06-01 14:00:18+00:00 | (428374 files, 17% size)
2026-06-01 14:00:28+00:00 | (428414 files, 17% size)
2026-06-01 14:00:38+00:00 | (428454 files, 17% size)
2026-06-01 14:00:48+00:00 | (428494 files, 17% size)
2026-06-01 14:00:58+00:00 | (428534 files, 17% size)
2026-06-01 14:01:08+00:00 | (428574 files, 17% size)
2026-06-01 14:01:18+00:00 | (428614 files, 17% size)
2026-06-01 14:01:28+00:00 | (428654 files, 17% size)
2026-06-01 14:01:38+00:00 | (428694 files, 17% size)
2026-06-01 14:01:48+00:00 | (428734 files, 17% size)
2026-06-01 14:01:58+00:00 | (428774 files, 17% size)
2026-06-01 14:02:08+00:00 | (428814 files, 17% size)
2026-06-01 14:02:18+00:00 | (428854 files, 17% size)
2026-06-01 14:02:28+00:00 | (428894 files, 17% size)
2026-06-01 14:02:38+00:00 | (428934 files, 17% size)
2026-06-01 14:02:48+00:00 | (428974 files, 17% size)
2026-06-01 14:02:58+00:00 | (429014 files, 17% size)
2026-06-01 14:03:08+00:00 | (429054 files, 17% size)
2026-06-01 14:03:18+00:00 | (429094 files, 17% size)
2026-06-01 14:03:28+00:00 | (429134 files, 17% size)
2026-06-01 14:03:38+00:00 | (429174 files, 17% size)
2026-06-01 14:03:48+00:00 | (429214 files, 17% size)
2026-06-01 14:03:58+00:00 | (429254 files, 17% size)
2026-06-01 14:04:08+00:00 | (429294 files, 17% size)
2026-06-01 14:04:18+00:00 | (429334 files, 17% size)
2026-06-01 14:04:28+00:00 | (429374 files, 17% size)
2026-06-01 14:04:38+00:00 | (429414 files, 17% size)
2026-06-01 14:04:48+00:00 | (429454 files, 17% size)
2026-06-01 14:04:58+00:00 | (429494 files, 17% size)
2026-06-01 14:05:08+00:00 | (429534 files, 17% size)
2026-06-01 14:05:18+00:00 | (429574 files, 17% size)
2026-06-01 14:05:28+00:00 | (429614 files, 17% size)
2026-06-01 14:05:38+00:00 | (429654 files, 17% size)
2026-06-01 14:05:48+00:00 | (429694 files, 17% size)
2026-06-01 14:05:58+00:00 | (429734 files, 17% size)
2026-06-01 14:06:08+00:00 | (429774 files, 17% size)
2026-06-01 14:06:18+00:00 | (429814 files, 17% size)
2026-06-01 14:06:28+00:00 | (429854 files, 17% size)
2026-06-01 14:06:38+00:00 | (429894 files, 17% size)
2026-06-01 14:06:48+00:00 | (429934 files, 17% size)
2026-06-01 14:06:58+00:00 | (429974 files, 17% size)
2026-06-01 14:07:08+00:00 | (430014 files, 17% size)
2026-06-01 14:07:18+00:00 | (430054 files, 17% size)
2026-06-01 14:07:28+00:00 | (430094 files, 17% size)
2026-06-01 14:07:38+00:00 | (430134 files, 17% size)
2026-06-01 14:07:48+00:00 | (430174 files, 17% size)
2026-06-01 14:07:58+00:00 | (430214 files, 17% size)
2026-06-01 14:08:08+00:00 | (430254 files, 17% size)
2026-06-01 14:08:18+00:00 | (430294 files, 17% size)
2026-06-01 14:08:28+00:00 | (430334 files, 17% size)
2026-06-01 14:08:38+00:00 | (430374 files, 17% size)
2026-06-01 14:08:48+00:00 | (430414 files, 17% size)
2026-06-01 14:08:58+00:00 | (430454 files, 17% size)
2026-06-01 14:09:08+00:00 | (430494 files, 17% size)
2026-06-01 14:09:18+00:00 | (430534 files, 17% size)
2026-06-01 14:09:28+00:00 | (430574 files, 17% size)
2026-06-01 14:09:38+00:00 | (430614 files, 17% size)
2026-06-01 14:09:48+00:00 | (430654 files, 17% size)
2026-06-01 14:09:58+00:00 | (430694 files, 17% size)
2026-06-01 14:10:08+00:00 | (430734 files, 17% size)
2026-06-01 14:10:18+00:00 | (430774 files, 17% size)
2026-06-01 14:10:28+00:00 | (430814 files, 17% size)
2026-06-01 14:10:38+00:00 | (430854 files, 17% size)
2026-06-01 14:10:48+00:00 | (430894 files, 17% size)
2026-06-01 14:10:58+00:00 | (430934 files, 17% size)
2026-06-01 14:11:08+00:00 | (430974 files, 17% size)
2026-06-01 14:11:18+00:00 | (431014 files, 17% size)
2026-06-01 14:11:28+00:00 | (431054 files, 17% size)
2026-06-01 14:11:38+00:00 | (431094 files, 17% size)
2026-06-01 14:11:48+00:00 | (431134 files, 17% size)
2026-06-01 14:11:58+00:00 | (431174 files, 17% size)
2026-06-01 14:12:08+00:00 | (431214 files, 17% size)
2026-06-01 14:12:18+00:00 | (431254 files, 17% size)
2026-06-01 14:12:28+00:00 | (431294 files, 17% size)
2026-06-01 14:12:38+00:00 | (431334 files, 17% size)
2026-06-01 14:12:48+00:00 | (431374 files, 17% size)
2026-06-01 14:12:58+00:00 | (431414 files, 17% size)
2026-06-01 14:13:08+00:00 | (431454 files, 17% size)
2026-06-01 14:13:18+00:00 | (431494 files, 17% size)
2026-06-01 14:13:28+00:00 | (431534 files, 17% size)
2026-06-01 14:13:38+00:00 | (431574 files, 17% size)
2026-06-01 14:13:48+00:00 | (431614 files, 17% size)
2026-06-01 14:13:58+00:00 | (431654 files, 17% size)
2026-06-01 14:14:08+00:00 | (431694 files, 17% size)
2026-06-01 14:14:18+00:00 | (431734 files, 17% size)
2026-06-01 14:14:28+00:00 | (431774 files, 17% size)
2026-06-01 14:14:38+00:00 | (431814 files, 17% size)
2026-06-01 14:14:48+00:00 | (431854 files, 17% size)
2026-06-01 14:14:58+00:00 | (431894 files, 17% size)
2026-06-01 14:15:08+00:00 | (431934 files, 17% size)
2026-06-01 14:15:18+00:00 | (431974 files, 17% size)
2026-06-01 14:15:28+00:00 | (432014 files, 17% size)
2026-06-01 14:15:38+00:00 | (432054 files, 17% size)
2026-06-01 14:15:48+00:00 | (432094 files, 17% size)
2026-06-01 14:15:58+00:00 | (432134 files, 17% size)
2026-06-01 14:16:08+00:00 | (432174 files, 17% size)
2026-06-01 14:16:18+00:00 | (432214 files, 17% size)
2026-06-01 14:16:28+00:00 | (432254 files, 17% size)
2026-06-01 14:16:38+00:00 | (432294 files, 17% size)
2026-06-01 14:16:48+00:00 | (432334 files, 17% size)
2026-06-01 14:16:58+00:00 | (432374 files, 17% size)
2026-06-01 14:17:08+00:00 | (432414 files, 17% size)
2026-06-01 14:17:18+00:00 | (432454 files, 17% size)
2026-06-01 14:17:28+00:00 | (432494 files, 17% size)
2026-06-01 14:17:38+00:00 | (432534 files, 17% size)
2026-06-01 14:17:48+00:00 | (432574 files, 17% size)
2026-06-01 14:17:58+00:00 | (432614 files, 17% size)
2026-06-01 14:18:08+00:00 | (432654 files, 17% size)
2026-06-01 14:18:18+00:00 | (432694 files, 17% size)
2026-06-01 14:18:28+00:00 | (432734 files, 17% size)
2026-06-01 14:18:38+00:00 | (432774 files, 17% size)
2026-06-01 14:18:48+00:00 | (432814 files, 17% size)
2026-06-01 14:18:58+00:00 | (432854 files, 17% size)
2026-06-01 14:19:08+00:00 | (432894 files, 17% size)
2026-06-01 14:19:18+00:00 | (432934 files, 17% size)
2026-06-01 14:19:28+00:00 | (432974 files, 17% size)
2026-06-01 14:19:38+00:00 | (433014 files, 17% size)
2026-06-01 14:19:48+00:00 | (433054 files, 17% size)
2026-06-01 14:19:58+00:00 | (433094 files, 17% size)
2026-06-01 14:20:08+00:00 | (433134 files, 17% size)
2026-06-01 14:20:18+00:00 | (433174 files, 17% size)
2026-06-01 14:20:28+00:00 | (433214 files, 17% size)
2026-06-01 14:20:38+00:00 | (433254 files, 17% size)
2026-06-01 14:20:48+00:00 | (433294 files, 17% size)
2026-06-01 14:20:58+00:00 | (433334 files, 17% size)
2026-06-01 14:21:08+00:00 | (433374 files, 17% size)
2026-06-01 14:21:18+00:00 | (433414 files, 17% size)
2026-06-01 14:21:28+00:00 | (433454 files, 17% size)
2026-06-01 14:21:38+00:00 | (433494 files, 17% size)
2026-06-01 14:21:48+00:00 | (433534 files, 17% size)
2026-06-01 14:21:58+00:00 | (433574 files, 17% size)
2026-06-01 14:22:08+00:00 | (433614 files, 17% size)
2026-06-01 14:22:18+00:00 | (433654 files, 17% size)
2026-06-01 14:22:28+00:00 | (433694 files, 17% size)
2026-06-01 14:22:38+00:00 | (433734 files, 17% size)
2026-06-01 14:22:48+00:00 | (433774 files, 17% size)
2026-06-01 14:22:58+00:00 | (433814 files, 17% size)
2026-06-01 14:23:08+00:00 | (433854 files, 17% size)
2026-06-01 14:23:18+00:00 | (433894 files, 17% size)
2026-06-01 14:23:28+00:00 | (433934 files, 17% size)
2026-06-01 14:23:38+00:00 | (433974 files, 17% size)
2026-06-01 14:23:48+00:00 | (434014 files, 17% size)
2026-06-01 14:23:58+00:00 | (434054 files, 17% size)
2026-06-01 14:24:08+00:00 | (434094 files, 17% size)
2026-06-01 14:24:18+00:00 | (434134 files, 17% size)
2026-06-01 14:24:28+00:00 | (434174 files, 17% size)
2026-06-01 14:24:38+00:00 | (434214 files, 17% size)
2026-06-01 14:24:48+00:00 | (434254 files, 17% size)
2026-06-01 14:24:58+00:00 | (434294 files, 17% size)
2026-06-01 14:25:08+00:00 | (434334 files, 17% size)
2026-06-01 14:25:18+00:00 | (434374 files, 17% size)
2026-06-01 14:25:28+00:00 | (434414 files, 17% size)
2026-06-01 14:25:38+00:00 | (434454 files, 17% size)
2026-06-01 14:25:48+00:00 | (434494 files, 17% size)
2026-06-01 14:25:58+00:00 | (434534 files, 17% size)
2026-06-01 14:26:08+00:00 | (434574 files, 17% size)
2026-06-01 14:26:18+00:00 | (434614 files, 17% size)
2026-06-01 14:26:28+00:00 | (434654 files, 17% size)
2026-06-01 14:26:38+00:00 | (434694 files, 17% size)
2026-06-01 14:26:48+00:00 | (434734 files, 17% size)
2026-06-01 14:26:58+00:00 | (434774 files, 17% size)
2026-06-01 14:27:08+00:00 | (434814 files, 17% size)
2026-06-01 14:27:18+00:00 | (434854 files, 17% size)
2026-06-01 14:27:28+00:00 | (434894 files, 17% size)
2026-06-01 14:27:38+00:00 | (434934 files, 17% size)
2026-06-01 14:27:48+00:00 | (434974 files, 17% size)
2026-06-01 14:27:58+00:00 | (435014 files, 17% size)
2026-06-01 14:28:08+00:00 | (435054 files, 17% size)
2026-06-01 14:28:18+00:00 | (435094 files, 17% size)
2026-06-01 14:28:28+00:00 | (435134 files, 17% size)
2026-06-01 14:28:38+00:00 | (435174 files, 17% size)
2026-06-01 14:28:48+00:00 | (435214 files, 17% size)
2026-06-01 14:28:58+00:00 | (435254 files, 17% size)
2026-06-01 14:29:08+00:00 | (435294 files, 17% size)
2026-06-01 14:29:18+00:00 | (435334 files, 17% size)
2026-06-01 14:29:28+00:00 | (435374 files, 17% size)
2026-06-01 14:29:38+00:00 | (435414 files, 17% size)
2026-06-01 14:29:48+00:00 | (435454 files, 17% size)
2026-06-01 14:29:58+00:00 | (435494 files, 17% size)
2026-06-01 14:30:08+00:00 | (435534 files, 17% size)
2026-06-01 14:30:18+00:00 | (435574 files, 17% size)
2026-06-01 14:30:28+00:00 | (435614 files, 17% size)
2026-06-01 14:30:38+00:00 | (435654 files, 17% size)
2026-06-01 14:30:48+00:00 | (435694 files, 17% size)
2026-06-01 14:30:58+00:00 | (435734 files, 17% size)
2026-06-01 14:31:08+00:00 | (435774 files, 17% size)
2026-06-01 14:31:18+00:00 | (435814 files, 17% size)
2026-06-01 14:31:28+00:00 | (435854 files, 17% size)
2026-06-01 14:31:38+00:00 | (435894 files, 17% size)
2026-06-01 14:31:48+00:00 | (435934 files, 17% size)
2026-06-01 14:31:58+00:00 | (435974 files, 17% size)
2026-06-01 14:32:08+00:00 | (436014 files, 17% size)
2026-06-01 14:32:18+00:00 | (436054 files, 17% size)
2026-06-01 14:32:28+00:00 | (436094 files, 17% size)
2026-06-01 14:32:38+00:00 | (436134 files, 17% size)
2026-06-01 14:32:48+00:00 | (436174 files, 17% size)
2026-06-01 14:32:58+00:00 | (436214 files, 17% size)
2026-06-01 14:33:08+00:00 | (436254 files, 17% size)
2026-06-01 14:33:18+00:00 | (436294 files, 17% size)
2026-06-01 14:33:28+00:00 | (436334 files, 17% size)
2026-06-01 14:33:38+00:00 | (436374 files, 17% size)
2026-06-01 14:33:48+00:00 | (436414 files, 17% size)
2026-06-01 14:33:58+00:00 | (436454 files, 17% size)
2026-06-01 14:34:08+00:00 | (436494 files, 17% size)
2026-06-01 14:34:18+00:00 | (436534 files, 17% size)
2026-06-01 14:34:28+00:00 | (436574 files, 17% size)
2026-06-01 14:34:38+00:00 | (436614 files, 17% size)
2026-06-01 14:34:48+00:00 | (436654 files, 17% size)
2026-06-01 14:34:58+00:00 | (436694 files, 17% size)
2026-06-01 14:35:08+00:00 | (436734 files, 17% size)
2026-06-01 14:35:18+00:00 | (436774 files, 17% size)
2026-06-01 14:35:28+00:00 | (436814 files, 17% size)
2026-06-01 14:35:38+00:00 | (436854 files, 17% size)
2026-06-01 14:35:48+00:00 | (436894 files, 17% size)
2026-06-01 14:35:58+00:00 | (436934 files, 17% size)
2026-06-01 14:36:08+00:00 | (436974 files, 17% size)
2026-06-01 14:36:18+00:00 | (437014 files, 17% size)
2026-06-01 14:36:28+00:00 | (437054 files, 17% size)
2026-06-01 14:36:38+00:00 | (437094 files, 17% size)
2026-06-01 14:36:48+00:00 | (437134 files, 17% size)
2026-06-01 14:36:58+00:00 | (437174 files, 17% size)
2026-06-01 14:37:08+00:00 | (437214 files, 17% size)
2026-06-01 14:37:18+00:00 | (437254 files, 17% size)
2026-06-01 14:37:28+00:00 | (437294 files, 17% size)
2026-06-01 14:37:38+00:00 | (437334 files, 17% size)
2026-06-01 14:37:48+00:00 | (437374 files, 17% size)
2026-06-01 14:37:58+00:00 | (437414 files, 17% size)
2026-06-01 14:38:08+00:00 | (437454 files, 17% size)
2026-06-01 14:38:18+00:00 | (437494 files, 17% size)
2026-06-01 14:38:28+00:00 | (437534 files, 17% size)
2026-06-01 14:38:38+00:00 | (437574 files, 17% size)
2026-06-01 14:38:48+00:00 | (437614 files, 17% size)
2026-06-01 14:38:58+00:00 | (437654 files, 17% size)
2026-06-01 14:39:08+00:00 | (437694 files, 17% size)
2026-06-01 14:39:18+00:00 | (437734 files, 17% size)
2026-06-01 14:39:28+00:00 | (437774 files, 17% size)
2026-06-01 14:39:38+00:00 | (437814 files, 17% size)
2026-06-01 14:39:48+00:00 | (437854 files, 17% size)
2026-06-01 14:39:58+00:00 | (437894 files, 17% size)
2026-06-01 14:40:08+00:00 | (437934 files, 17% size)
2026-06-01 14:40:18+00:00 | (437974 files, 17% size)
2026-06-01 14:40:28+00:00 | (438014 files, 17% size)
2026-06-01 14:40:38+00:00 | (438054 files, 17% size)
2026-06-01 14:40:48+00:00 | (438094 files, 17% size)
2026-06-01 14:40:58+00:00 | (438134 files, 17% size)
2026-06-01 14:41:08+00:00 | (438174 files, 17% size)
2026-06-01 14:41:18+00:00 | (438214 files, 17% size)
2026-06-01 14:41:28+00:00 | (438254 files, 17% size)
2026-06-01 14:41:38+00:00 | (438294 files, 17% size)
2026-06-01 14:41:48+00:00 | (438334 files, 17% size)
2026-06-01 14:41:58+00:00 | (438374 files, 17% size)
2026-06-01 14:42:08+00:00 | (438414 files, 17% size)
2026-06-01 14:42:18+00:00 | (438454 files, 17% size)
2026-06-01 14:42:28+00:00 | (438494 files, 17% size)
2026-06-01 14:42:38+00:00 | (438534 files, 17% size)
2026-06-01 14:42:48+00:00 | (438574 files, 17% size)
2026-06-01 14:42:58+00:00 | (438614 files, 17% size)
2026-06-01 14:43:08+00:00 | (438654 files, 17% size)
2026-06-01 14:43:18+00:00 | (438694 files, 17% size)
2026-06-01 14:43:28+00:00 | (438734 files, 17% size)
2026-06-01 14:43:38+00:00 | (438774 files, 17% size)
2026-06-01 14:43:48+00:00 | (438814 files, 17% size)
2026-06-01 14:43:58+00:00 | (438854 files, 17% size)
2026-06-01 14:44:08+00:00 | (438894 files, 17% size)
2026-06-01 14:44:18+00:00 | (438934 files, 17% size)
2026-06-01 14:44:28+00:00 | (438974 files, 17% size)
2026-06-01 14:44:38+00:00 | (439014 files, 17% size)
2026-06-01 14:44:48+00:00 | (439054 files, 17% size)
2026-06-01 14:44:58+00:00 | (439094 files, 17% size)
2026-06-01 14:45:08+00:00 | (439134 files, 17% size)
2026-06-01 14:45:18+00:00 | (439174 files, 17% size)
2026-06-01 14:45:28+00:00 | (439214 files, 17% size)
2026-06-01 14:45:38+00:00 | (439254 files, 17% size)
2026-06-01 14:45:48+00:00 | (439294 files, 17% size)
2026-06-01 14:45:58+00:00 | (439334 files, 17% size)
2026-06-01 14:46:08+00:00 | (439374 files, 17% size)
2026-06-01 14:46:18+00:00 | (439414 files, 17% size)
2026-06-01 14:46:28+00:00 | (439454 files, 17% size)
2026-06-01 14:46:38+00:00 | (439494 files, 17% size)
2026-06-01 14:46:48+00:00 | (439534 files, 17% size)
2026-06-01 14:46:58+00:00 | (439574 files, 17% size)
2026-06-01 14:47:08+00:00 | (439614 files, 17% size)
2026-06-01 14:47:18+00:00 | (439654 files, 17% size)
2026-06-01 14:47:28+00:00 | (439694 files, 17% size)
2026-06-01 14:47:38+00:00 | (439734 files, 17% size)
2026-06-01 14:47:48+00:00 | (439774 files, 17% size)
2026-06-01 14:47:58+00:00 | (439814 files, 17% size)
2026-06-01 14:48:08+00:00 | (439854 files, 17% size)
2026-06-01 14:48:18+00:00 | (439894 files, 17% size)
2026-06-01 14:48:28+00:00 | (439934 files, 17% size)
2026-06-01 14:48:38+00:00 | (439974 files, 17% size)
2026-06-01 14:48:48+00:00 | (440014 files, 17% size)
2026-06-01 14:48:58+00:00 | (440054 files, 17% size)
2026-06-01 14:49:08+00:00 | (440094 files, 17% size)
2026-06-01 14:49:18+00:00 | (440134 files, 17% size)
2026-06-01 14:49:28+00:00 | (440174 files, 17% size)
2026-06-01 14:49:38+00:00 | (440214 files, 17% size)
2026-06-01 14:49:48+00:00 | (440254 files, 17% size)
2026-06-01 14:49:58+00:00 | (440294 files, 17% size)
2026-06-01 14:50:08+00:00 | (440334 files, 17% size)
2026-06-01 14:50:18+00:00 | (440374 files, 17% size)
2026-06-01 14:50:28+00:00 | (440414 files, 17% size)
2026-06-01 14:50:38+00:00 | (440454 files, 17% size)
2026-06-01 14:50:48+00:00 | (440494 files, 17% size)
2026-06-01 14:50:58+00:00 | (440534 files, 17% size)
2026-06-01 14:51:08+00:00 | (440574 files, 17% size)
2026-06-01 14:51:18+00:00 | (440614 files, 17% size)
2026-06-01 14:51:28+00:00 | (440654 files, 17% size)
2026-06-01 14:51:38+00:00 | (440694 files, 17% size)
2026-06-01 14:51:48+00:00 | (440734 files, 17% size)
2026-06-01 14:51:58+00:00 | (440774 files, 17% size)
2026-06-01 14:52:08+00:00 | (440814 files, 17% size)
2026-06-01 14:52:18+00:00 | (440854 files, 17% size)
2026-06-01 14:52:28+00:00 | (440894 files, 17% size)
2026-06-01 14:52:38+00:00 | (440934 files, 17% size)
2026-06-01 14:52:48+00:00 | (440974 files, 17% size)
2026-06-01 14:52:58+00:00 | (441014 files, 17% size)
2026-06-01 14:53:08+00:00 | (441054 files, 17% size)
2026-06-01 14:53:18+00:00 | (441094 files, 17% size)
2026-06-01 14:53:28+00:00 | (441134 files, 17% size)
2026-06-01 14:53:38+00:00 | (441174 files, 17% size)
2026-06-01 14:53:48+00:00 | (441214 files, 17% size)
2026-06-01 14:53:58+00:00 | (441254 files, 17% size)
2026-06-01 14:54:08+00:00 | (441294 files, 17% size)
2026-06-01 14:54:18+00:00 | (441334 files, 17% size)
2026-06-01 14:54:28+00:00 | (441374 files, 17% size)
2026-06-01 14:54:38+00:00 | (441414 files, 17% size)
2026-06-01 14:54:48+00:00 | (441454 files, 17% size)
2026-06-01 14:54:58+00:00 | (441494 files, 17% size)
2026-06-01 14:55:08+00:00 | (441534 files, 17% size)
2026-06-01 14:55:18+00:00 | (441574 files, 17% size)
2026-06-01 14:55:28+00:00 | (441614 files, 17% size)
2026-06-01 14:55:38+00:00 | (441654 files, 17% size)
2026-06-01 14:55:48+00:00 | (441694 files, 17% size)
2026-06-01 14:55:58+00:00 | (441734 files, 17% size)
2026-06-01 14:56:08+00:00 | (441774 files, 17% size)
2026-06-01 14:56:18+00:00 | (441814 files, 17% size)
2026-06-01 14:56:28+00:00 | (441854 files, 17% size)
2026-06-01 14:56:38+00:00 | (441894 files, 17% size)
2026-06-01 14:56:48+00:00 | (441934 files, 17% size)
2026-06-01 14:56:58+00:00 | (441974 files, 17% size)
2026-06-01 14:57:08+00:00 | (442014 files, 17% size)
2026-06-01 14:57:18+00:00 | (442054 files, 17% size)
2026-06-01 14:57:28+00:00 | (442094 files, 17% size)
2026-06-01 14:57:38+00:00 | (442134 files, 17% size)
2026-06-01 14:57:48+00:00 | (442174 files, 17% size)
2026-06-01 14:57:58+00:00 | (442214 files, 17% size)
2026-06-01 14:58:08+00:00 | (442254 files, 17% size)
2026-06-01 14:58:18+00:00 | (442294 files, 17% size)
2026-06-01 14:58:28+00:00 | (442334 files, 17% size)
2026-06-01 14:58:38+00:00 | (442374 files, 17% size)
2026-06-01 14:58:48+00:00 | (442414 files, 17% size)
2026-06-01 14:58:58+00:00 | (442454 files, 17% size)
2026-06-01 14:59:08+00:00 | (442494 files, 17% size)
2026-06-01 14:59:18+00:00 | (442534 files, 17% size)
2026-06-01 14:59:28+00:00 | (442574 files, 17% size)
2026-06-01 14:59:38+00:00 | (442614 files, 17% size)
2026-06-01 14:59:48+00:00 | (442654 files, 17% size)
2026-06-01 14:59:58+00:00 | (442694 files, 17% size)
2026-06-01 15:00:08+00:00 | (442734 files, 17% size)
2026-06-01 15:00:18+00:00 | (442774 files, 17% size)
2026-06-01 15:00:28+00:00 | (442814 files, 17% size)
2026-06-01 15:00:38+00:00 | (442854 files, 17% size)
2026-06-01 15:00:48+00:00 | (442894 files, 17% size)
2026-06-01 15:00:58+00:00 | (442934 files, 17% size)
2026-06-01 15:01:08+00:00 | (442974 files, 17% size)
2026-06-01 15:01:18+00:00 | (443014 files, 17% size)
2026-06-01 15:01:28+00:00 | (443054 files, 17% size)
2026-06-01 15:01:38+00:00 | (443094 files, 17% size)
2026-06-01 15:01:48+00:00 | (443134 files, 17% size)
2026-06-01 15:01:58+00:00 | (443174 files, 17% size)
2026-06-01 15:02:08+00:00 | (443214 files, 17% size)
2026-06-01 15:02:18+00:00 | (443254 files, 17% size)
2026-06-01 15:02:28+00:00 | (443294 files, 17% size)
2026-06-01 15:02:38+00:00 | (443334 files, 17% size)
2026-06-01 15:02:48+00:00 | (443374 files, 17% size)
2026-06-01 15:02:58+00:00 | (443414 files, 17% size)
2026-06-01 15:03:08+00:00 | (443454 files, 17% size)
2026-06-01 15:03:18+00:00 | (443494 files, 17% size)
2026-06-01 15:03:28+00:00 | (443534 files, 17% size)
2026-06-01 15:03:38+00:00 | (443574 files, 17% size)
2026-06-01 15:03:48+00:00 | (443614 files, 17% size)
2026-06-01 15:03:58+00:00 | (443654 files, 17% size)
2026-06-01 15:04:08+00:00 | (443694 files, 17% size)
2026-06-01 15:04:18+00:00 | (443734 files, 17% size)
2026-06-01 15:04:28+00:00 | (443774 files, 17% size)
2026-06-01 15:04:38+00:00 | (443814 files, 17% size)
2026-06-01 15:04:48+00:00 | (443854 files, 17% size)
2026-06-01 15:04:58+00:00 | (443894 files, 17% size)
2026-06-01 15:05:08+00:00 | (443934 files, 17% size)
2026-06-01 15:05:18+00:00 | (443974 files, 17% size)
2026-06-01 15:05:28+00:00 | (444014 files, 17% size)
2026-06-01 15:05:38+00:00 | (444054 files, 17% size)
2026-06-01 15:05:48+00:00 | (444094 files, 17% size)
2026-06-01 15:05:58+00:00 | (444134 files, 17% size)
2026-06-01 15:06:08+00:00 | (444174 files, 17% size)
2026-06-01 15:06:18+00:00 | (444214 files, 17% size)
2026-06-01 15:06:28+00:00 | (444254 files, 17% size)
2026-06-01 15:06:38+00:00 | (444294 files, 17% size)
2026-06-01 15:06:48+00:00 | (444334 files, 17% size)
2026-06-01 15:06:58+00:00 | (444374 files, 17% size)
2026-06-01 15:07:08+00:00 | (444414 files, 17% size)
2026-06-01 15:07:18+00:00 | (444454 files, 17% size)
2026-06-01 15:07:28+00:00 | (444494 files, 17% size)
2026-06-01 15:07:38+00:00 | (444534 files, 17% size)
2026-06-01 15:07:48+00:00 | (444574 files, 17% size)
2026-06-01 15:07:58+00:00 | (444614 files, 17% size)
2026-06-01 15:08:08+00:00 | (444654 files, 17% size)
2026-06-01 15:08:18+00:00 | (444694 files, 17% size)
2026-06-01 15:08:28+00:00 | (444734 files, 17% size)
2026-06-01 15:08:38+00:00 | (444774 files, 17% size)
2026-06-01 15:08:48+00:00 | (444814 files, 17% size)
2026-06-01 15:08:58+00:00 | (444854 files, 17% size)
2026-06-01 15:09:08+00:00 | (444894 files, 17% size)
2026-06-01 15:09:18+00:00 | (444934 files, 17% size)
2026-06-01 15:09:28+00:00 | (444974 files, 17% size)
2026-06-01 15:09:38+00:00 | (445014 files, 17% size)
2026-06-01 15:09:48+00:00 | (445054 files, 17% size)
2026-06-01 15:09:58+00:00 | (445094 files, 17% size)
2026-06-01 15:10:08+00:00 | (445134 files, 17% size)
2026-06-01 15:10:18+00:00 | (445174 files, 17% size)
2026-06-01 15:10:28+00:00 | (445214 files, 17% size)
2026-06-01 15:10:38+00:00 | (445254 files, 17% size)
2026-06-01 15:10:48+00:00 | (445294 files, 17% size)
2026-06-01 15:10:58+00:00 | (445334 files, 17% size)
2026-06-01 15:11:08+00:00 | (445374 files, 17% size)
2026-06-01 15:11:18+00:00 | (445414 files, 17% size)
2026-06-01 15:11:28+00:00 | (445454 files, 17% size)
2026-06-01 15:11:38+00:00 | (445494 files, 17% size)
2026-06-01 15:11:48+00:00 | (445534 files, 17% size)
2026-06-01 15:11:58+00:00 | (445574 files, 17% size)
2026-06-01 15:12:08+00:00 | (445614 files, 17% size)
2026-06-01 15:12:18+00:00 | (445654 files, 17% size)
2026-06-01 15:12:28+00:00 | (445694 files, 17% size)
2026-06-01 15:12:38+00:00 | (445734 files, 17% size)
2026-06-01 15:12:48+00:00 | (445774 files, 17% size)
2026-06-01 15:12:58+00:00 | (445814 files, 17% size)
2026-06-01 15:13:08+00:00 | (445854 files, 17% size)
2026-06-01 15:13:18+00:00 | (445894 files, 17% size)
2026-06-01 15:13:28+00:00 | (445934 files, 17% size)
2026-06-01 15:13:38+00:00 | (445974 files, 17% size)
2026-06-01 15:13:48+00:00 | (446014 files, 17% size)
2026-06-01 15:13:58+00:00 | (446054 files, 17% size)
2026-06-01 15:14:08+00:00 | (446094 files, 17% size)
2026-06-01 15:14:18+00:00 | (446134 files, 17% size)
2026-06-01 15:14:28+00:00 | (446174 files, 17% size)
2026-06-01 15:14:38+00:00 | (446214 files, 17% size)
2026-06-01 15:14:48+00:00 | (446254 files, 17% size)
2026-06-01 15:14:58+00:00 | (446294 files, 17% size)
2026-06-01 15:15:08+00:00 | (446334 files, 17% size)
2026-06-01 15:15:18+00:00 | (446374 files, 17% size)
2026-06-01 15:15:28+00:00 | (446414 files, 17% size)
2026-06-01 15:15:38+00:00 | (446454 files, 17% size)
2026-06-01 15:15:48+00:00 | (446494 files, 17% size)
2026-06-01 15:15:58+00:00 | (446534 files, 17% size)
2026-06-01 15:16:08+00:00 | (446574 files, 17% size)
2026-06-01 15:16:18+00:00 | (446614 files, 17% size)
2026-06-01 15:16:28+00:00 | (446654 files, 17% size)
2026-06-01 15:16:38+00:00 | (446694 files, 17% size)
2026-06-01 15:16:48+00:00 | (446734 files, 17% size)
2026-06-01 15:16:58+00:00 | (446774 files, 17% size)
2026-06-01 15:17:08+00:00 | (446814 files, 17% size)
2026-06-01 15:17:18+00:00 | (446854 files, 17% size)
2026-06-01 15:17:28+00:00 | (446894 files, 17% size)
2026-06-01 15:17:38+00:00 | (446934 files, 17% size)
2026-06-01 15:17:48+00:00 | (446974 files, 17% size)
2026-06-01 15:17:58+00:00 | (447014 files, 17% size)
2026-06-01 15:18:08+00:00 | (447054 files, 17% size)
2026-06-01 15:18:18+00:00 | (447094 files, 17% size)
2026-06-01 15:18:28+00:00 | (447134 files, 17% size)
2026-06-01 15:18:38+00:00 | (447174 files, 17% size)
2026-06-01 15:18:48+00:00 | (447214 files, 17% size)
2026-06-01 15:18:58+00:00 | (447254 files, 17% size)
2026-06-01 15:19:08+00:00 | (447294 files, 17% size)
2026-06-01 15:19:18+00:00 | (447334 files, 17% size)
2026-06-01 15:19:28+00:00 | (447374 files, 17% size)
2026-06-01 15:19:38+00:00 | (447414 files, 17% size)
2026-06-01 15:19:48+00:00 | (447454 files, 17% size)
2026-06-01 15:19:58+00:00 | (447494 files, 17% size)
2026-06-01 15:20:08+00:00 | (447534 files, 17% size)
2026-06-01 15:20:18+00:00 | (447574 files, 17% size)
2026-06-01 15:20:28+00:00 | (447614 files, 17% size)
2026-06-01 15:20:38+00:00 | (447654 files, 17% size)
2026-06-01 15:20:48+00:00 | (447694 files, 17% size)
2026-06-01 15:20:58+00:00 | (447734 files, 17% size)
2026-06-01 15:21:08+00:00 | (447774 files, 17% size)
2026-06-01 15:21:18+00:00 | (447814 files, 17% size)
2026-06-01 15:21:28+00:00 | (447854 files, 17% size)
2026-06-01 15:21:38+00:00 | (447894 files, 17% size)
2026-06-01 15:21:48+00:00 | (447934 files, 17% size)
2026-06-01 15:21:58+00:00 | (447974 files, 17% size)
2026-06-01 15:22:08+00:00 | (448014 files, 17% size)
2026-06-01 15:22:18+00:00 | (448054 files, 17% size)
2026-06-01 15:22:28+00:00 | (448094 files, 17% size)
2026-06-01 15:22:38+00:00 | (448134 files, 17% size)
2026-06-01 15:22:48+00:00 | (448174 files, 17% size)
2026-06-01 15:22:58+00:00 | (448214 files, 17% size)
2026-06-01 15:23:08+00:00 | (448254 files, 17% size)
2026-06-01 15:23:18+00:00 | (448294 files, 17% size)
2026-06-01 15:23:28+00:00 | (448334 files, 17% size)
2026-06-01 15:23:38+00:00 | (448374 files, 17% size)
2026-06-01 15:23:48+00:00 | (448414 files, 17% size)
2026-06-01 15:23:58+00:00 | (448454 files, 17% size)
2026-06-01 15:24:08+00:00 | (448494 files, 17% size)
2026-06-01 15:24:18+00:00 | (448534 files, 17% size)
2026-06-01 15:24:28+00:00 | (448574 files, 17% size)
2026-06-01 15:24:38+00:00 | (448614 files, 17% size)
2026-06-01 15:24:48+00:00 | (448654 files, 17% size)
2026-06-01 15:24:58+00:00 | (448694 files, 17% size)
2026-06-01 15:25:08+00:00 | (448734 files, 17% size)
2026-06-01 15:25:18+00:00 | (448774 files, 17% size)
2026-06-01 15:25:28+00:00 | (448814 files, 17% size)
2026-06-01 15:25:38+00:00 | (448854 files, 17% size)
2026-06-01 15:25:48+00:00 | (448894 files, 17% size)
2026-06-01 15:25:58+00:00 | (448934 files, 17% size)
2026-06-01 15:26:08+00:00 | (448974 files, 17% size)
2026-06-01 15:26:18+00:00 | (449014 files, 17% size)
2026-06-01 15:26:28+00:00 | (449054 files, 17% size)
2026-06-01 15:26:38+00:00 | (449094 files, 17% size)
2026-06-01 15:26:48+00:00 | (449134 files, 17% size)
2026-06-01 15:26:58+00:00 | (449174 files, 18% size)
2026-06-01 15:27:08+00:00 | (449214 files, 18% size)
2026-06-01 15:27:18+00:00 | (449254 files, 18% size)
2026-06-01 15:27:28+00:00 | (449294 files, 18% size)
2026-06-01 15:27:38+00:00 | (449334 files, 18% size)
2026-06-01 15:27:48+00:00 | (449374 files, 18% size)
2026-06-01 15:27:58+00:00 | (449414 files, 18% size)
2026-06-01 15:28:08+00:00 | (449454 files, 18% size)
2026-06-01 15:28:18+00:00 | (449494 files, 18% size)
2026-06-01 15:28:28+00:00 | (449534 files, 18% size)
2026-06-01 15:28:38+00:00 | (449574 files, 18% size)
2026-06-01 15:28:48+00:00 | (449614 files, 18% size)
2026-06-01 15:28:58+00:00 | (449654 files, 18% size)
2026-06-01 15:29:08+00:00 | (449694 files, 18% size)
2026-06-01 15:29:18+00:00 | (449734 files, 18% size)
2026-06-01 15:29:28+00:00 | (449774 files, 18% size)
2026-06-01 15:29:38+00:00 | (449810 files, 18% size)
2026-06-01 15:29:48+00:00 | (449850 files, 18% size)
2026-06-01 15:29:58+00:00 | (449890 files, 18% size)
2026-06-01 15:30:08+00:00 | (449930 files, 18% size)
2026-06-01 15:30:18+00:00 | (449970 files, 18% size)
2026-06-01 15:30:28+00:00 | (450010 files, 18% size)
2026-06-01 15:30:38+00:00 | (450050 files, 18% size)
2026-06-01 15:30:48+00:00 | (450090 files, 18% size)
2026-06-01 15:30:58+00:00 | (450130 files, 18% size)
2026-06-01 15:31:08+00:00 | (450172 files, 18% size)
2026-06-01 15:31:18+00:00 | (450214 files, 18% size)
2026-06-01 15:31:28+00:00 | (450254 files, 18% size)
2026-06-01 15:31:38+00:00 | (450294 files, 18% size)
2026-06-01 15:31:48+00:00 | (450334 files, 18% size)
2026-06-01 15:31:58+00:00 | (450370 files, 18% size)
2026-06-01 15:32:08+00:00 | (450414 files, 18% size)
2026-06-01 15:32:18+00:00 | (450454 files, 18% size)
2026-06-01 15:32:28+00:00 | (450494 files, 18% size)
2026-06-01 15:32:38+00:00 | (450534 files, 18% size)
2026-06-01 15:32:48+00:00 | (450574 files, 18% size)
2026-06-01 15:32:58+00:00 | (450614 files, 18% size)
2026-06-01 15:33:08+00:00 | (450654 files, 18% size)
2026-06-01 15:33:18+00:00 | (450694 files, 18% size)
2026-06-01 15:33:28+00:00 | (450734 files, 18% size)
2026-06-01 15:33:38+00:00 | (450774 files, 18% size)
2026-06-01 15:33:48+00:00 | (450814 files, 18% size)
2026-06-01 15:33:58+00:00 | (450854 files, 18% size)
2026-06-01 15:34:08+00:00 | (450894 files, 18% size)
2026-06-01 15:34:18+00:00 | (450934 files, 18% size)
2026-06-01 15:34:28+00:00 | (450974 files, 18% size)
2026-06-01 15:34:38+00:00 | (451014 files, 18% size)
2026-06-01 15:34:48+00:00 | (451054 files, 18% size)
2026-06-01 15:34:58+00:00 | (451094 files, 18% size)
2026-06-01 15:35:08+00:00 | (451134 files, 18% size)
2026-06-01 15:35:18+00:00 | (451174 files, 18% size)
2026-06-01 15:35:28+00:00 | (451214 files, 18% size)
2026-06-01 15:35:38+00:00 | (451254 files, 18% size)
2026-06-01 15:35:48+00:00 | (451294 files, 18% size)
2026-06-01 15:35:58+00:00 | (451334 files, 18% size)
2026-06-01 15:36:08+00:00 | (451374 files, 18% size)
2026-06-01 15:36:18+00:00 | (451414 files, 18% size)
2026-06-01 15:36:28+00:00 | (451454 files, 18% size)
2026-06-01 15:36:38+00:00 | (451494 files, 18% size)
2026-06-01 15:36:48+00:00 | (451534 files, 18% size)
2026-06-01 15:36:58+00:00 | (451574 files, 18% size)
2026-06-01 15:37:08+00:00 | (451614 files, 18% size)
2026-06-01 15:37:18+00:00 | (451654 files, 18% size)
2026-06-01 15:37:28+00:00 | (451694 files, 18% size)
2026-06-01 15:37:38+00:00 | (451734 files, 18% size)
2026-06-01 15:37:48+00:00 | (451774 files, 18% size)
2026-06-01 15:37:58+00:00 | (451814 files, 18% size)
2026-06-01 15:38:08+00:00 | (451854 files, 18% size)
2026-06-01 15:38:18+00:00 | (451894 files, 18% size)
2026-06-01 15:38:28+00:00 | (451934 files, 18% size)
2026-06-01 15:38:38+00:00 | (451974 files, 18% size)
2026-06-01 15:38:48+00:00 | (452014 files, 18% size)
2026-06-01 15:38:58+00:00 | (452054 files, 18% size)
2026-06-01 15:39:08+00:00 | (452094 files, 18% size)
2026-06-01 15:39:18+00:00 | (452134 files, 18% size)
2026-06-01 15:39:28+00:00 | (452174 files, 18% size)
2026-06-01 15:39:38+00:00 | (452214 files, 18% size)
2026-06-01 15:39:48+00:00 | (452254 files, 18% size)
2026-06-01 15:39:58+00:00 | (452294 files, 18% size)
2026-06-01 15:40:08+00:00 | (452334 files, 18% size)
2026-06-01 15:40:18+00:00 | (452374 files, 18% size)
2026-06-01 15:40:28+00:00 | (452414 files, 18% size)
2026-06-01 15:40:38+00:00 | (452454 files, 18% size)
2026-06-01 15:40:48+00:00 | (452494 files, 18% size)
2026-06-01 15:40:58+00:00 | (452534 files, 18% size)
2026-06-01 15:41:08+00:00 | (452574 files, 18% size)
2026-06-01 15:41:18+00:00 | (452614 files, 18% size)
2026-06-01 15:41:28+00:00 | (452654 files, 18% size)
2026-06-01 15:41:38+00:00 | (452694 files, 18% size)
2026-06-01 15:41:48+00:00 | (452734 files, 18% size)
2026-06-01 15:41:58+00:00 | (452774 files, 18% size)
2026-06-01 15:42:08+00:00 | (452814 files, 18% size)
2026-06-01 15:42:18+00:00 | (452854 files, 18% size)
2026-06-01 15:42:28+00:00 | (452894 files, 18% size)
2026-06-01 15:42:38+00:00 | (452934 files, 18% size)
2026-06-01 15:42:48+00:00 | (452974 files, 18% size)
2026-06-01 15:42:58+00:00 | (453014 files, 18% size)
2026-06-01 15:43:08+00:00 | (453054 files, 18% size)
2026-06-01 15:43:18+00:00 | (453094 files, 18% size)
2026-06-01 15:43:28+00:00 | (453134 files, 18% size)
2026-06-01 15:43:38+00:00 | (453174 files, 18% size)
2026-06-01 15:43:48+00:00 | (453214 files, 18% size)
2026-06-01 15:43:58+00:00 | (453254 files, 18% size)
2026-06-01 15:44:08+00:00 | (453294 files, 18% size)
2026-06-01 15:44:18+00:00 | (453334 files, 18% size)
2026-06-01 15:44:28+00:00 | (453374 files, 18% size)
2026-06-01 15:44:38+00:00 | (453414 files, 18% size)
2026-06-01 15:44:48+00:00 | (453454 files, 18% size)
2026-06-01 15:44:58+00:00 | (453494 files, 18% size)
2026-06-01 15:45:08+00:00 | (453534 files, 18% size)
2026-06-01 15:45:18+00:00 | (453574 files, 18% size)
2026-06-01 15:45:28+00:00 | (453614 files, 18% size)
2026-06-01 15:45:38+00:00 | (453654 files, 18% size)
2026-06-01 15:45:48+00:00 | (453694 files, 18% size)
2026-06-01 15:45:58+00:00 | (453734 files, 18% size)
2026-06-01 15:46:08+00:00 | (453774 files, 18% size)
2026-06-01 15:46:18+00:00 | (453814 files, 18% size)
2026-06-01 15:46:28+00:00 | (453854 files, 18% size)
2026-06-01 15:46:38+00:00 | (453894 files, 18% size)
2026-06-01 15:46:48+00:00 | (453934 files, 18% size)
2026-06-01 15:46:58+00:00 | (453974 files, 18% size)
2026-06-01 15:47:08+00:00 | (454014 files, 18% size)
2026-06-01 15:47:18+00:00 | (454054 files, 18% size)
2026-06-01 15:47:28+00:00 | (454094 files, 18% size)
2026-06-01 15:47:38+00:00 | (454134 files, 18% size)
2026-06-01 15:47:48+00:00 | (454174 files, 18% size)
2026-06-01 15:47:58+00:00 | (454214 files, 18% size)
2026-06-01 15:48:08+00:00 | (454254 files, 18% size)
2026-06-01 15:48:18+00:00 | (454294 files, 18% size)
2026-06-01 15:48:28+00:00 | (454334 files, 18% size)
2026-06-01 15:48:38+00:00 | (454374 files, 18% size)
2026-06-01 15:48:48+00:00 | (454414 files, 18% size)
2026-06-01 15:48:58+00:00 | (454454 files, 18% size)
2026-06-01 15:49:08+00:00 | (454494 files, 18% size)
2026-06-01 15:49:18+00:00 | (454534 files, 18% size)
2026-06-01 15:49:28+00:00 | (454574 files, 18% size)
2026-06-01 15:49:38+00:00 | (454614 files, 18% size)
2026-06-01 15:49:48+00:00 | (454654 files, 18% size)
2026-06-01 15:49:58+00:00 | (454694 files, 18% size)
2026-06-01 15:50:08+00:00 | (454734 files, 18% size)
2026-06-01 15:50:18+00:00 | (454774 files, 18% size)
2026-06-01 15:50:28+00:00 | (454814 files, 18% size)
2026-06-01 15:50:38+00:00 | (454854 files, 18% size)
2026-06-01 15:50:48+00:00 | (454894 files, 18% size)
2026-06-01 15:50:58+00:00 | (454934 files, 18% size)
2026-06-01 15:51:08+00:00 | (454974 files, 18% size)
2026-06-01 15:51:18+00:00 | (455014 files, 18% size)
2026-06-01 15:51:28+00:00 | (455054 files, 18% size)
2026-06-01 15:51:38+00:00 | (455094 files, 18% size)
2026-06-01 15:51:48+00:00 | (455134 files, 18% size)
2026-06-01 15:51:58+00:00 | (455174 files, 18% size)
2026-06-01 15:52:08+00:00 | (455214 files, 18% size)
2026-06-01 15:52:18+00:00 | (455254 files, 18% size)
2026-06-01 15:52:28+00:00 | (455294 files, 18% size)
2026-06-01 15:52:38+00:00 | (455334 files, 18% size)
2026-06-01 15:52:48+00:00 | (455374 files, 18% size)
2026-06-01 15:52:58+00:00 | (455414 files, 18% size)
2026-06-01 15:53:08+00:00 | (455454 files, 18% size)
2026-06-01 15:53:18+00:00 | (455494 files, 18% size)
2026-06-01 15:53:28+00:00 | (455534 files, 18% size)
2026-06-01 15:53:38+00:00 | (455574 files, 18% size)
2026-06-01 15:53:48+00:00 | (455614 files, 18% size)
2026-06-01 15:53:58+00:00 | (455654 files, 18% size)
2026-06-01 15:54:08+00:00 | (455694 files, 18% size)
2026-06-01 15:54:18+00:00 | (455734 files, 18% size)
2026-06-01 15:54:28+00:00 | (455774 files, 18% size)
2026-06-01 15:54:38+00:00 | (455814 files, 18% size)
2026-06-01 15:54:48+00:00 | (455854 files, 18% size)
2026-06-01 15:54:58+00:00 | (455894 files, 18% size)
2026-06-01 15:55:08+00:00 | (455934 files, 18% size)
2026-06-01 15:55:18+00:00 | (455974 files, 18% size)
2026-06-01 15:55:28+00:00 | (456014 files, 18% size)
2026-06-01 15:55:38+00:00 | (456054 files, 18% size)
2026-06-01 15:55:48+00:00 | (456094 files, 18% size)
2026-06-01 15:55:58+00:00 | (456134 files, 18% size)
2026-06-01 15:56:08+00:00 | (456174 files, 18% size)
2026-06-01 15:56:18+00:00 | (456214 files, 18% size)
2026-06-01 15:56:28+00:00 | (456254 files, 18% size)
2026-06-01 15:56:38+00:00 | (456294 files, 18% size)
2026-06-01 15:56:48+00:00 | (456334 files, 18% size)
2026-06-01 15:56:58+00:00 | (456374 files, 18% size)
2026-06-01 15:57:08+00:00 | (456414 files, 18% size)
2026-06-01 15:57:18+00:00 | (456454 files, 18% size)
2026-06-01 15:57:28+00:00 | (456494 files, 18% size)
2026-06-01 15:57:38+00:00 | (456534 files, 18% size)
2026-06-01 15:57:48+00:00 | (456574 files, 18% size)
2026-06-01 15:57:58+00:00 | (456614 files, 18% size)
2026-06-01 15:58:08+00:00 | (456654 files, 18% size)
2026-06-01 15:58:18+00:00 | (456694 files, 18% size)
2026-06-01 15:58:28+00:00 | (456734 files, 18% size)
2026-06-01 15:58:38+00:00 | (456774 files, 18% size)
2026-06-01 15:58:48+00:00 | (456814 files, 18% size)
2026-06-01 15:58:58+00:00 | (456854 files, 18% size)
2026-06-01 15:59:08+00:00 | (456894 files, 18% size)
2026-06-01 15:59:18+00:00 | (456934 files, 18% size)
2026-06-01 15:59:28+00:00 | (456974 files, 18% size)
2026-06-01 15:59:38+00:00 | (457014 files, 18% size)
2026-06-01 15:59:48+00:00 | (457054 files, 18% size)
2026-06-01 15:59:58+00:00 | (457094 files, 18% size)
2026-06-01 16:00:08+00:00 | (457134 files, 18% size)
2026-06-01 16:00:18+00:00 | (457174 files, 18% size)
2026-06-01 16:00:28+00:00 | (457214 files, 18% size)
2026-06-01 16:00:38+00:00 | (457254 files, 18% size)
2026-06-01 16:00:48+00:00 | (457294 files, 18% size)
2026-06-01 16:00:58+00:00 | (457334 files, 18% size)
2026-06-01 16:01:08+00:00 | (457374 files, 18% size)
2026-06-01 16:01:18+00:00 | (457414 files, 18% size)
2026-06-01 16:01:28+00:00 | (457454 files, 18% size)
2026-06-01 16:01:38+00:00 | (457494 files, 18% size)
2026-06-01 16:01:48+00:00 | (457534 files, 18% size)
2026-06-01 16:01:58+00:00 | (457574 files, 18% size)
2026-06-01 16:02:08+00:00 | (457614 files, 18% size)
2026-06-01 16:02:18+00:00 | (457654 files, 18% size)
2026-06-01 16:02:28+00:00 | (457694 files, 18% size)
2026-06-01 16:02:38+00:00 | (457734 files, 18% size)
2026-06-01 16:02:48+00:00 | (457774 files, 18% size)
2026-06-01 16:02:58+00:00 | (457814 files, 18% size)
2026-06-01 16:03:08+00:00 | (457854 files, 18% size)
2026-06-01 16:03:18+00:00 | (457894 files, 18% size)
2026-06-01 16:03:28+00:00 | (457934 files, 18% size)
2026-06-01 16:03:38+00:00 | (457974 files, 18% size)
2026-06-01 16:03:48+00:00 | (458014 files, 18% size)
2026-06-01 16:03:58+00:00 | (458054 files, 18% size)
2026-06-01 16:04:08+00:00 | (458094 files, 18% size)
2026-06-01 16:04:18+00:00 | (458134 files, 18% size)
2026-06-01 16:04:28+00:00 | (458174 files, 18% size)
2026-06-01 16:04:38+00:00 | (458214 files, 18% size)
2026-06-01 16:04:48+00:00 | (458254 files, 18% size)
2026-06-01 16:04:58+00:00 | (458294 files, 18% size)
2026-06-01 16:05:08+00:00 | (458334 files, 18% size)
2026-06-01 16:05:18+00:00 | (458374 files, 18% size)
2026-06-01 16:05:28+00:00 | (458414 files, 18% size)
2026-06-01 16:05:38+00:00 | (458454 files, 18% size)
2026-06-01 16:05:48+00:00 | (458494 files, 18% size)
2026-06-01 16:05:58+00:00 | (458534 files, 18% size)
2026-06-01 16:06:08+00:00 | (458574 files, 18% size)
2026-06-01 16:06:18+00:00 | (458614 files, 18% size)
2026-06-01 16:06:28+00:00 | (458654 files, 18% size)
2026-06-01 16:06:38+00:00 | (458694 files, 18% size)
2026-06-01 16:06:48+00:00 | (458734 files, 18% size)
2026-06-01 16:06:58+00:00 | (458774 files, 18% size)
2026-06-01 16:07:08+00:00 | (458814 files, 18% size)
2026-06-01 16:07:18+00:00 | (458854 files, 18% size)
2026-06-01 16:07:28+00:00 | (458894 files, 18% size)
2026-06-01 16:07:38+00:00 | (458934 files, 18% size)
2026-06-01 16:07:48+00:00 | (458974 files, 18% size)
2026-06-01 16:07:58+00:00 | (459014 files, 18% size)
2026-06-01 16:08:08+00:00 | (459054 files, 18% size)
2026-06-01 16:08:18+00:00 | (459094 files, 18% size)
2026-06-01 16:08:28+00:00 | (459134 files, 18% size)
2026-06-01 16:08:38+00:00 | (459174 files, 18% size)
2026-06-01 16:08:48+00:00 | (459214 files, 18% size)
2026-06-01 16:08:58+00:00 | (459254 files, 18% size)
2026-06-01 16:09:08+00:00 | (459294 files, 18% size)
2026-06-01 16:09:18+00:00 | (459334 files, 18% size)
2026-06-01 16:09:28+00:00 | (459374 files, 18% size)
2026-06-01 16:09:38+00:00 | (459414 files, 18% size)
2026-06-01 16:09:48+00:00 | (459454 files, 18% size)
2026-06-01 16:09:58+00:00 | (459494 files, 18% size)
2026-06-01 16:10:08+00:00 | (459534 files, 18% size)
2026-06-01 16:10:18+00:00 | (459574 files, 18% size)
2026-06-01 16:10:28+00:00 | (459614 files, 18% size)
2026-06-01 16:10:38+00:00 | (459654 files, 18% size)
2026-06-01 16:10:48+00:00 | (459694 files, 18% size)
2026-06-01 16:10:58+00:00 | (459734 files, 18% size)
2026-06-01 16:11:08+00:00 | (459774 files, 18% size)
2026-06-01 16:11:18+00:00 | (459814 files, 18% size)
2026-06-01 16:11:28+00:00 | (459854 files, 18% size)
2026-06-01 16:11:38+00:00 | (459894 files, 18% size)
2026-06-01 16:11:48+00:00 | (459934 files, 18% size)
2026-06-01 16:11:58+00:00 | (459974 files, 18% size)
2026-06-01 16:12:08+00:00 | (460014 files, 18% size)
2026-06-01 16:12:18+00:00 | (460054 files, 18% size)
2026-06-01 16:12:28+00:00 | (460094 files, 18% size)
2026-06-01 16:12:38+00:00 | (460134 files, 18% size)
2026-06-01 16:12:48+00:00 | (460174 files, 18% size)
2026-06-01 16:12:58+00:00 | (460214 files, 18% size)
2026-06-01 16:13:08+00:00 | (460254 files, 18% size)
2026-06-01 16:13:18+00:00 | (460294 files, 18% size)
2026-06-01 16:13:28+00:00 | (460334 files, 18% size)
2026-06-01 16:13:38+00:00 | (460374 files, 18% size)
2026-06-01 16:13:48+00:00 | (460414 files, 18% size)
2026-06-01 16:13:58+00:00 | (460454 files, 18% size)
2026-06-01 16:14:08+00:00 | (460494 files, 18% size)
2026-06-01 16:14:18+00:00 | (460534 files, 18% size)
2026-06-01 16:14:28+00:00 | (460574 files, 18% size)
2026-06-01 16:14:38+00:00 | (460614 files, 18% size)
2026-06-01 16:14:48+00:00 | (460654 files, 18% size)
2026-06-01 16:14:58+00:00 | (460694 files, 18% size)
2026-06-01 16:15:08+00:00 | (460734 files, 18% size)
2026-06-01 16:15:18+00:00 | (460774 files, 18% size)
2026-06-01 16:15:28+00:00 | (460814 files, 18% size)
2026-06-01 16:15:38+00:00 | (460854 files, 18% size)
2026-06-01 16:15:48+00:00 | (460894 files, 18% size)
2026-06-01 16:15:58+00:00 | (460934 files, 18% size)
2026-06-01 16:16:08+00:00 | (460974 files, 18% size)
2026-06-01 16:16:18+00:00 | (461014 files, 18% size)
2026-06-01 16:16:28+00:00 | (461054 files, 18% size)
2026-06-01 16:16:38+00:00 | (461094 files, 18% size)
2026-06-01 16:16:48+00:00 | (461134 files, 18% size)
2026-06-01 16:16:58+00:00 | (461174 files, 18% size)
2026-06-01 16:17:08+00:00 | (461214 files, 18% size)
2026-06-01 16:17:18+00:00 | (461254 files, 18% size)
2026-06-01 16:17:28+00:00 | (461294 files, 18% size)
2026-06-01 16:17:38+00:00 | (461334 files, 18% size)
2026-06-01 16:17:48+00:00 | (461374 files, 18% size)
2026-06-01 16:17:58+00:00 | (461414 files, 18% size)
2026-06-01 16:18:08+00:00 | (461454 files, 18% size)
2026-06-01 16:18:18+00:00 | (461494 files, 18% size)
2026-06-01 16:18:28+00:00 | (461534 files, 18% size)
2026-06-01 16:18:38+00:00 | (461574 files, 18% size)
2026-06-01 16:18:48+00:00 | (461614 files, 18% size)
2026-06-01 16:18:58+00:00 | (461654 files, 18% size)
2026-06-01 16:19:08+00:00 | (461694 files, 18% size)
2026-06-01 16:19:18+00:00 | (461734 files, 18% size)
2026-06-01 16:19:28+00:00 | (461774 files, 18% size)
2026-06-01 16:19:38+00:00 | (461814 files, 18% size)
2026-06-01 16:19:48+00:00 | (461854 files, 18% size)
2026-06-01 16:19:58+00:00 | (461894 files, 18% size)
2026-06-01 16:20:08+00:00 | (461934 files, 18% size)
2026-06-01 16:20:18+00:00 | (461974 files, 18% size)
2026-06-01 16:20:28+00:00 | (462014 files, 18% size)
2026-06-01 16:20:38+00:00 | (462054 files, 18% size)
2026-06-01 16:20:48+00:00 | (462094 files, 18% size)
2026-06-01 16:20:58+00:00 | (462134 files, 18% size)
2026-06-01 16:21:08+00:00 | (462174 files, 18% size)
2026-06-01 16:21:18+00:00 | (462214 files, 18% size)
2026-06-01 16:21:28+00:00 | (462254 files, 18% size)
2026-06-01 16:21:38+00:00 | (462294 files, 18% size)
2026-06-01 16:21:48+00:00 | (462334 files, 18% size)
2026-06-01 16:21:58+00:00 | (462374 files, 18% size)
2026-06-01 16:22:08+00:00 | (462414 files, 18% size)
2026-06-01 16:22:18+00:00 | (462454 files, 18% size)
2026-06-01 16:22:28+00:00 | (462494 files, 18% size)
2026-06-01 16:22:38+00:00 | (462534 files, 18% size)
2026-06-01 16:22:48+00:00 | (462574 files, 18% size)
2026-06-01 16:22:58+00:00 | (462614 files, 18% size)
2026-06-01 16:23:08+00:00 | (462654 files, 18% size)
2026-06-01 16:23:18+00:00 | (462694 files, 18% size)
2026-06-01 16:23:28+00:00 | (462734 files, 18% size)
2026-06-01 16:23:38+00:00 | (462774 files, 18% size)
2026-06-01 16:23:48+00:00 | (462814 files, 18% size)
2026-06-01 16:23:58+00:00 | (462854 files, 18% size)
2026-06-01 16:24:08+00:00 | (462894 files, 18% size)
2026-06-01 16:24:18+00:00 | (462934 files, 18% size)
2026-06-01 16:24:28+00:00 | (462974 files, 18% size)
2026-06-01 16:24:38+00:00 | (463014 files, 18% size)
2026-06-01 16:24:48+00:00 | (463054 files, 18% size)
2026-06-01 16:24:58+00:00 | (463094 files, 18% size)
2026-06-01 16:25:08+00:00 | (463134 files, 18% size)
2026-06-01 16:25:18+00:00 | (463174 files, 18% size)
2026-06-01 16:25:28+00:00 | (463214 files, 18% size)
2026-06-01 16:25:38+00:00 | (463254 files, 18% size)
2026-06-01 16:25:48+00:00 | (463294 files, 18% size)
2026-06-01 16:25:58+00:00 | (463334 files, 18% size)
2026-06-01 16:26:08+00:00 | (463374 files, 18% size)
2026-06-01 16:26:18+00:00 | (463414 files, 18% size)
2026-06-01 16:26:28+00:00 | (463454 files, 18% size)
2026-06-01 16:26:38+00:00 | (463494 files, 18% size)
2026-06-01 16:26:48+00:00 | (463534 files, 18% size)
2026-06-01 16:26:58+00:00 | (463574 files, 18% size)
2026-06-01 16:27:08+00:00 | (463614 files, 18% size)
2026-06-01 16:27:18+00:00 | (463654 files, 18% size)
2026-06-01 16:27:28+00:00 | (463694 files, 18% size)
2026-06-01 16:27:38+00:00 | (463734 files, 18% size)
2026-06-01 16:27:48+00:00 | (463774 files, 18% size)
2026-06-01 16:27:58+00:00 | (463814 files, 18% size)
2026-06-01 16:28:08+00:00 | (463854 files, 18% size)
2026-06-01 16:28:18+00:00 | (463894 files, 18% size)
2026-06-01 16:28:28+00:00 | (463934 files, 18% size)
2026-06-01 16:28:38+00:00 | (463974 files, 18% size)
2026-06-01 16:28:48+00:00 | (464014 files, 18% size)
2026-06-01 16:28:58+00:00 | (464054 files, 18% size)
2026-06-01 16:29:08+00:00 | (464094 files, 18% size)
2026-06-01 16:29:18+00:00 | (464134 files, 18% size)
2026-06-01 16:29:28+00:00 | (464174 files, 18% size)
2026-06-01 16:29:38+00:00 | (464214 files, 18% size)
2026-06-01 16:29:48+00:00 | (464254 files, 18% size)
2026-06-01 16:29:58+00:00 | (464294 files, 18% size)
2026-06-01 16:30:08+00:00 | (464334 files, 18% size)
2026-06-01 16:30:18+00:00 | (464374 files, 18% size)
2026-06-01 16:30:28+00:00 | (464414 files, 18% size)
2026-06-01 16:30:38+00:00 | (464454 files, 18% size)
2026-06-01 16:30:48+00:00 | (464494 files, 18% size)
2026-06-01 16:30:58+00:00 | (464534 files, 18% size)
2026-06-01 16:31:08+00:00 | (464574 files, 18% size)
2026-06-01 16:31:18+00:00 | (464614 files, 18% size)
2026-06-01 16:31:28+00:00 | (464654 files, 18% size)
2026-06-01 16:31:38+00:00 | (464694 files, 18% size)
2026-06-01 16:31:48+00:00 | (464734 files, 18% size)
2026-06-01 16:31:58+00:00 | (464774 files, 18% size)
2026-06-01 16:32:08+00:00 | (464814 files, 18% size)
2026-06-01 16:32:18+00:00 | (464854 files, 18% size)
2026-06-01 16:32:28+00:00 | (464894 files, 18% size)
2026-06-01 16:32:38+00:00 | (464934 files, 18% size)
2026-06-01 16:32:48+00:00 | (464974 files, 18% size)
2026-06-01 16:32:58+00:00 | (465014 files, 18% size)
2026-06-01 16:33:08+00:00 | (465054 files, 18% size)
2026-06-01 16:33:18+00:00 | (465094 files, 18% size)
2026-06-01 16:33:28+00:00 | (465134 files, 18% size)
2026-06-01 16:33:38+00:00 | (465174 files, 18% size)
2026-06-01 16:33:48+00:00 | (465214 files, 18% size)
2026-06-01 16:33:58+00:00 | (465254 files, 18% size)
2026-06-01 16:34:08+00:00 | (465294 files, 18% size)
2026-06-01 16:34:18+00:00 | (465334 files, 18% size)
2026-06-01 16:34:28+00:00 | (465374 files, 18% size)
2026-06-01 16:34:38+00:00 | (465414 files, 18% size)
2026-06-01 16:34:48+00:00 | (465454 files, 18% size)
2026-06-01 16:34:58+00:00 | (465494 files, 18% size)
2026-06-01 16:35:08+00:00 | (465534 files, 18% size)
2026-06-01 16:35:18+00:00 | (465574 files, 18% size)
2026-06-01 16:35:28+00:00 | (465614 files, 18% size)
2026-06-01 16:35:38+00:00 | (465654 files, 18% size)
2026-06-01 16:35:48+00:00 | (465694 files, 18% size)
2026-06-01 16:35:58+00:00 | (465734 files, 18% size)
2026-06-01 16:36:08+00:00 | (465774 files, 18% size)
2026-06-01 16:36:18+00:00 | (465814 files, 18% size)
2026-06-01 16:36:28+00:00 | (465854 files, 18% size)
2026-06-01 16:36:38+00:00 | (465894 files, 18% size)
2026-06-01 16:36:48+00:00 | (465934 files, 18% size)
2026-06-01 16:36:58+00:00 | (465974 files, 18% size)
2026-06-01 16:37:08+00:00 | (466014 files, 18% size)
2026-06-01 16:37:18+00:00 | (466054 files, 18% size)
2026-06-01 16:37:28+00:00 | (466094 files, 18% size)
2026-06-01 16:37:38+00:00 | (466134 files, 18% size)
2026-06-01 16:37:48+00:00 | (466174 files, 18% size)
2026-06-01 16:37:58+00:00 | (466214 files, 18% size)
2026-06-01 16:38:08+00:00 | (466254 files, 18% size)
2026-06-01 16:38:18+00:00 | (466294 files, 18% size)
2026-06-01 16:38:28+00:00 | (466334 files, 18% size)
2026-06-01 16:38:38+00:00 | (466374 files, 18% size)
2026-06-01 16:38:48+00:00 | (466414 files, 18% size)
2026-06-01 16:38:58+00:00 | (466454 files, 18% size)
2026-06-01 16:39:08+00:00 | (466494 files, 18% size)
2026-06-01 16:39:18+00:00 | (466534 files, 18% size)
2026-06-01 16:39:28+00:00 | (466574 files, 18% size)
2026-06-01 16:39:38+00:00 | (466614 files, 18% size)
2026-06-01 16:39:48+00:00 | (466654 files, 18% size)
2026-06-01 16:39:58+00:00 | (466694 files, 18% size)
2026-06-01 16:40:08+00:00 | (466734 files, 18% size)
2026-06-01 16:40:18+00:00 | (466774 files, 18% size)
2026-06-01 16:40:28+00:00 | (466814 files, 18% size)
2026-06-01 16:40:38+00:00 | (466854 files, 18% size)
2026-06-01 16:40:48+00:00 | (466894 files, 18% size)
2026-06-01 16:40:58+00:00 | (466934 files, 18% size)
2026-06-01 16:41:08+00:00 | (466974 files, 18% size)
2026-06-01 16:41:18+00:00 | (467014 files, 18% size)
2026-06-01 16:41:28+00:00 | (467054 files, 18% size)
2026-06-01 16:41:38+00:00 | (467094 files, 18% size)
2026-06-01 16:41:48+00:00 | (467134 files, 18% size)
2026-06-01 16:41:58+00:00 | (467174 files, 18% size)
2026-06-01 16:42:08+00:00 | (467214 files, 18% size)
2026-06-01 16:42:18+00:00 | (467254 files, 18% size)
2026-06-01 16:42:28+00:00 | (467294 files, 18% size)
2026-06-01 16:42:38+00:00 | (467334 files, 18% size)
2026-06-01 16:42:48+00:00 | (467374 files, 18% size)
2026-06-01 16:42:58+00:00 | (467414 files, 18% size)
2026-06-01 16:43:08+00:00 | (467454 files, 18% size)
2026-06-01 16:43:18+00:00 | (467494 files, 18% size)
2026-06-01 16:43:28+00:00 | (467534 files, 18% size)
2026-06-01 16:43:38+00:00 | (467574 files, 18% size)
2026-06-01 16:43:48+00:00 | (467614 files, 18% size)
2026-06-01 16:43:58+00:00 | (467654 files, 18% size)
2026-06-01 16:44:08+00:00 | (467694 files, 18% size)
2026-06-01 16:44:18+00:00 | (467734 files, 18% size)
2026-06-01 16:44:28+00:00 | (467774 files, 18% size)
2026-06-01 16:44:38+00:00 | (467814 files, 18% size)
2026-06-01 16:44:48+00:00 | (467854 files, 18% size)
2026-06-01 16:44:58+00:00 | (467894 files, 18% size)
2026-06-01 16:45:08+00:00 | (467934 files, 18% size)
2026-06-01 16:45:18+00:00 | (467974 files, 18% size)
2026-06-01 16:45:28+00:00 | (468014 files, 18% size)
2026-06-01 16:45:38+00:00 | (468054 files, 18% size)
2026-06-01 16:45:48+00:00 | (468094 files, 18% size)
2026-06-01 16:45:58+00:00 | (468134 files, 18% size)
2026-06-01 16:46:08+00:00 | (468174 files, 18% size)
2026-06-01 16:46:18+00:00 | (468214 files, 18% size)
2026-06-01 16:46:28+00:00 | (468254 files, 18% size)
2026-06-01 16:46:38+00:00 | (468294 files, 18% size)
2026-06-01 16:46:48+00:00 | (468334 files, 18% size)
2026-06-01 16:46:58+00:00 | (468374 files, 18% size)
2026-06-01 16:47:08+00:00 | (468414 files, 18% size)
2026-06-01 16:47:18+00:00 | (468454 files, 18% size)
2026-06-01 16:47:28+00:00 | (468494 files, 18% size)
2026-06-01 16:47:38+00:00 | (468534 files, 18% size)
2026-06-01 16:47:48+00:00 | (468574 files, 18% size)
2026-06-01 16:47:58+00:00 | (468614 files, 18% size)
2026-06-01 16:48:08+00:00 | (468654 files, 18% size)
2026-06-01 16:48:18+00:00 | (468694 files, 18% size)
2026-06-01 16:48:28+00:00 | (468734 files, 18% size)
2026-06-01 16:48:38+00:00 | (468774 files, 18% size)
2026-06-01 16:48:48+00:00 | (468814 files, 18% size)
2026-06-01 16:48:58+00:00 | (468854 files, 18% size)
2026-06-01 16:49:08+00:00 | (468894 files, 18% size)
2026-06-01 16:49:18+00:00 | (468934 files, 18% size)
2026-06-01 16:49:28+00:00 | (468974 files, 18% size)
2026-06-01 16:49:38+00:00 | (469014 files, 18% size)
2026-06-01 16:49:48+00:00 | (469054 files, 18% size)
2026-06-01 16:49:58+00:00 | (469094 files, 18% size)
2026-06-01 16:50:08+00:00 | (469134 files, 18% size)
2026-06-01 16:50:18+00:00 | (469174 files, 18% size)
2026-06-01 16:50:28+00:00 | (469214 files, 18% size)
2026-06-01 16:50:38+00:00 | (469254 files, 18% size)
2026-06-01 16:50:48+00:00 | (469294 files, 18% size)
2026-06-01 16:50:58+00:00 | (469334 files, 18% size)
2026-06-01 16:51:08+00:00 | (469374 files, 18% size)
2026-06-01 16:51:18+00:00 | (469414 files, 18% size)
2026-06-01 16:51:28+00:00 | (469454 files, 18% size)
2026-06-01 16:51:38+00:00 | (469494 files, 18% size)
2026-06-01 16:51:48+00:00 | (469534 files, 18% size)
2026-06-01 16:51:58+00:00 | (469574 files, 18% size)
2026-06-01 16:52:08+00:00 | (469614 files, 18% size)
2026-06-01 16:52:18+00:00 | (469654 files, 18% size)
2026-06-01 16:52:28+00:00 | (469694 files, 18% size)
2026-06-01 16:52:38+00:00 | (469734 files, 18% size)
2026-06-01 16:52:48+00:00 | (469774 files, 18% size)
2026-06-01 16:52:58+00:00 | (469814 files, 18% size)
2026-06-01 16:53:08+00:00 | (469854 files, 18% size)
2026-06-01 16:53:18+00:00 | (469894 files, 18% size)
2026-06-01 16:53:28+00:00 | (469934 files, 18% size)
2026-06-01 16:53:38+00:00 | (469974 files, 18% size)
2026-06-01 16:53:48+00:00 | (470014 files, 18% size)
2026-06-01 16:53:58+00:00 | (470054 files, 18% size)
2026-06-01 16:54:08+00:00 | (470094 files, 18% size)
2026-06-01 16:54:18+00:00 | (470134 files, 18% size)
2026-06-01 16:54:28+00:00 | (470174 files, 18% size)
2026-06-01 16:54:38+00:00 | (470214 files, 18% size)
2026-06-01 16:54:48+00:00 | (470254 files, 18% size)
2026-06-01 16:54:58+00:00 | (470294 files, 18% size)
2026-06-01 16:55:08+00:00 | (470334 files, 18% size)
2026-06-01 16:55:18+00:00 | (470374 files, 18% size)
2026-06-01 16:55:28+00:00 | (470414 files, 18% size)
2026-06-01 16:55:38+00:00 | (470454 files, 18% size)
2026-06-01 16:55:48+00:00 | (470494 files, 18% size)
2026-06-01 16:55:58+00:00 | (470534 files, 18% size)
2026-06-01 16:56:08+00:00 | (470574 files, 18% size)
2026-06-01 16:56:18+00:00 | (470614 files, 18% size)
2026-06-01 16:56:28+00:00 | (470654 files, 18% size)
2026-06-01 16:56:38+00:00 | (470694 files, 18% size)
2026-06-01 16:56:48+00:00 | (470734 files, 18% size)
2026-06-01 16:56:58+00:00 | (470774 files, 18% size)
2026-06-01 16:57:08+00:00 | (470814 files, 18% size)
2026-06-01 16:57:18+00:00 | (470854 files, 18% size)
2026-06-01 16:57:28+00:00 | (470894 files, 18% size)
2026-06-01 16:57:38+00:00 | (470934 files, 18% size)
2026-06-01 16:57:48+00:00 | (470974 files, 18% size)
2026-06-01 16:57:58+00:00 | (471014 files, 18% size)
2026-06-01 16:58:08+00:00 | (471054 files, 18% size)
2026-06-01 16:58:18+00:00 | (471094 files, 18% size)
2026-06-01 16:58:28+00:00 | (471134 files, 18% size)
2026-06-01 16:58:38+00:00 | (471174 files, 18% size)
2026-06-01 16:58:48+00:00 | (471214 files, 18% size)
2026-06-01 16:58:58+00:00 | (471254 files, 18% size)
2026-06-01 16:59:08+00:00 | (471294 files, 18% size)
2026-06-01 16:59:18+00:00 | (471334 files, 18% size)
2026-06-01 16:59:28+00:00 | (471374 files, 18% size)
2026-06-01 16:59:38+00:00 | (471414 files, 18% size)
2026-06-01 16:59:48+00:00 | (471454 files, 18% size)
2026-06-01 16:59:58+00:00 | (471494 files, 18% size)
2026-06-01 17:00:08+00:00 | (471534 files, 18% size)
2026-06-01 17:00:18+00:00 | (471574 files, 18% size)
2026-06-01 17:00:28+00:00 | (471614 files, 18% size)
2026-06-01 17:00:38+00:00 | (471654 files, 18% size)
2026-06-01 17:00:48+00:00 | (471694 files, 18% size)
2026-06-01 17:00:58+00:00 | (471734 files, 18% size)
2026-06-01 17:01:08+00:00 | (471774 files, 18% size)
2026-06-01 17:01:18+00:00 | (471814 files, 18% size)
2026-06-01 17:01:28+00:00 | (471854 files, 18% size)
2026-06-01 17:01:38+00:00 | (471894 files, 18% size)
2026-06-01 17:01:48+00:00 | (471934 files, 18% size)
2026-06-01 17:01:58+00:00 | (471974 files, 18% size)
2026-06-01 17:02:08+00:00 | (472014 files, 18% size)
2026-06-01 17:02:18+00:00 | (472054 files, 18% size)
2026-06-01 17:02:28+00:00 | (472094 files, 18% size)
2026-06-01 17:02:38+00:00 | (472134 files, 18% size)
2026-06-01 17:02:48+00:00 | (472174 files, 18% size)
2026-06-01 17:02:58+00:00 | (472214 files, 18% size)
2026-06-01 17:03:08+00:00 | (472254 files, 18% size)
2026-06-01 17:03:18+00:00 | (472294 files, 18% size)
2026-06-01 17:03:28+00:00 | (472334 files, 18% size)
2026-06-01 17:03:38+00:00 | (472374 files, 18% size)
2026-06-01 17:03:48+00:00 | (472414 files, 18% size)
2026-06-01 17:03:58+00:00 | (472454 files, 18% size)
2026-06-01 17:04:08+00:00 | (472494 files, 18% size)
2026-06-01 17:04:18+00:00 | (472534 files, 18% size)
2026-06-01 17:04:28+00:00 | (472574 files, 18% size)
2026-06-01 17:04:38+00:00 | (472614 files, 18% size)
2026-06-01 17:04:48+00:00 | (472654 files, 18% size)
2026-06-01 17:04:58+00:00 | (472694 files, 18% size)
2026-06-01 17:05:08+00:00 | (472734 files, 18% size)
2026-06-01 17:05:18+00:00 | (472774 files, 18% size)
2026-06-01 17:05:28+00:00 | (472814 files, 18% size)
2026-06-01 17:05:38+00:00 | (472854 files, 18% size)
2026-06-01 17:05:48+00:00 | (472894 files, 18% size)
2026-06-01 17:05:58+00:00 | (472934 files, 18% size)
2026-06-01 17:06:08+00:00 | (472974 files, 18% size)
2026-06-01 17:06:18+00:00 | (473014 files, 18% size)
2026-06-01 17:06:28+00:00 | (473054 files, 18% size)
2026-06-01 17:06:38+00:00 | (473094 files, 18% size)
2026-06-01 17:06:48+00:00 | (473134 files, 18% size)
2026-06-01 17:06:58+00:00 | (473174 files, 18% size)
2026-06-01 17:07:08+00:00 | (473214 files, 18% size)
2026-06-01 17:07:18+00:00 | (473254 files, 18% size)
2026-06-01 17:07:28+00:00 | (473294 files, 18% size)
2026-06-01 17:07:38+00:00 | (473334 files, 18% size)
2026-06-01 17:07:48+00:00 | (473374 files, 18% size)
2026-06-01 17:07:58+00:00 | (473414 files, 18% size)
2026-06-01 17:08:08+00:00 | (473454 files, 18% size)
2026-06-01 17:08:18+00:00 | (473494 files, 18% size)
2026-06-01 17:08:28+00:00 | (473534 files, 18% size)
2026-06-01 17:08:38+00:00 | (473574 files, 18% size)
2026-06-01 17:08:48+00:00 | (473614 files, 18% size)
2026-06-01 17:08:58+00:00 | (473654 files, 18% size)
2026-06-01 17:09:08+00:00 | (473694 files, 18% size)
2026-06-01 17:09:18+00:00 | (473734 files, 18% size)
2026-06-01 17:09:28+00:00 | (473774 files, 18% size)
2026-06-01 17:09:38+00:00 | (473814 files, 18% size)
2026-06-01 17:09:48+00:00 | (473854 files, 18% size)
2026-06-01 17:09:58+00:00 | (473894 files, 18% size)
2026-06-01 17:10:08+00:00 | (473934 files, 18% size)
2026-06-01 17:10:18+00:00 | (473974 files, 18% size)
2026-06-01 17:10:28+00:00 | (474014 files, 18% size)
2026-06-01 17:10:38+00:00 | (474054 files, 18% size)
2026-06-01 17:10:48+00:00 | (474094 files, 18% size)
2026-06-01 17:10:58+00:00 | (474134 files, 19% size)
2026-06-01 17:11:08+00:00 | (474174 files, 19% size)
2026-06-01 17:11:18+00:00 | (474214 files, 19% size)
2026-06-01 17:11:28+00:00 | (474254 files, 19% size)
2026-06-01 17:11:38+00:00 | (474294 files, 19% size)
2026-06-01 17:11:48+00:00 | (474334 files, 19% size)
2026-06-01 17:11:58+00:00 | (474374 files, 19% size)
2026-06-01 17:12:08+00:00 | (474414 files, 19% size)
2026-06-01 17:12:18+00:00 | (474454 files, 19% size)
2026-06-01 17:12:28+00:00 | (474494 files, 19% size)
2026-06-01 17:12:38+00:00 | (474534 files, 19% size)
2026-06-01 17:12:48+00:00 | (474574 files, 19% size)
2026-06-01 17:12:58+00:00 | (474614 files, 19% size)
2026-06-01 17:13:08+00:00 | (474650 files, 19% size)
2026-06-01 17:13:18+00:00 | (474690 files, 19% size)
2026-06-01 17:13:28+00:00 | (474730 files, 19% size)
2026-06-01 17:13:38+00:00 | (474770 files, 19% size)
2026-06-01 17:13:48+00:00 | (474810 files, 19% size)
2026-06-01 17:13:58+00:00 | (474850 files, 19% size)
2026-06-01 17:14:08+00:00 | (474890 files, 19% size)
2026-06-01 17:14:18+00:00 | (474930 files, 19% size)
2026-06-01 17:14:28+00:00 | (474970 files, 19% size)
2026-06-01 17:14:38+00:00 | (475010 files, 19% size)
2026-06-01 17:14:48+00:00 | (475050 files, 19% size)
2026-06-01 17:14:58+00:00 | (475090 files, 19% size)
2026-06-01 17:15:08+00:00 | (475132 files, 19% size)
2026-06-01 17:15:18+00:00 | (475174 files, 19% size)
2026-06-01 17:15:28+00:00 | (475214 files, 19% size)
2026-06-01 17:15:38+00:00 | (475254 files, 19% size)
2026-06-01 17:15:48+00:00 | (475294 files, 19% size)
2026-06-01 17:15:58+00:00 | (475334 files, 19% size)
2026-06-01 17:16:08+00:00 | (475374 files, 19% size)
2026-06-01 17:16:18+00:00 | (475414 files, 19% size)
2026-06-01 17:16:28+00:00 | (475454 files, 19% size)
2026-06-01 17:16:38+00:00 | (475494 files, 19% size)
2026-06-01 17:16:48+00:00 | (475534 files, 19% size)
2026-06-01 17:16:58+00:00 | (475574 files, 19% size)
2026-06-01 17:17:08+00:00 | (475614 files, 19% size)
2026-06-01 17:17:18+00:00 | (475654 files, 19% size)
2026-06-01 17:17:28+00:00 | (475694 files, 19% size)
2026-06-01 17:17:38+00:00 | (475734 files, 19% size)
2026-06-01 17:17:48+00:00 | (475774 files, 19% size)
2026-06-01 17:17:58+00:00 | (475814 files, 19% size)
2026-06-01 17:18:08+00:00 | (475854 files, 19% size)
2026-06-01 17:18:18+00:00 | (475894 files, 19% size)
2026-06-01 17:18:28+00:00 | (475934 files, 19% size)
2026-06-01 17:18:38+00:00 | (475974 files, 19% size)
2026-06-01 17:18:48+00:00 | (476014 files, 19% size)
2026-06-01 17:18:58+00:00 | (476054 files, 19% size)
2026-06-01 17:19:08+00:00 | (476094 files, 19% size)
2026-06-01 17:19:18+00:00 | (476134 files, 19% size)
2026-06-01 17:19:28+00:00 | (476174 files, 19% size)
2026-06-01 17:19:38+00:00 | (476214 files, 19% size)
2026-06-01 17:19:48+00:00 | (476254 files, 19% size)
2026-06-01 17:19:58+00:00 | (476294 files, 19% size)
2026-06-01 17:20:08+00:00 | (476334 files, 19% size)
2026-06-01 17:20:18+00:00 | (476374 files, 19% size)
2026-06-01 17:20:28+00:00 | (476414 files, 19% size)
2026-06-01 17:20:38+00:00 | (476454 files, 19% size)
2026-06-01 17:20:48+00:00 | (476494 files, 19% size)
2026-06-01 17:20:58+00:00 | (476534 files, 19% size)
2026-06-01 17:21:08+00:00 | (476574 files, 19% size)
2026-06-01 17:21:18+00:00 | (476614 files, 19% size)
2026-06-01 17:21:28+00:00 | (476654 files, 19% size)
2026-06-01 17:21:38+00:00 | (476694 files, 19% size)
2026-06-01 17:21:48+00:00 | (476734 files, 19% size)
2026-06-01 17:21:58+00:00 | (476774 files, 19% size)
2026-06-01 17:22:08+00:00 | (476814 files, 19% size)
2026-06-01 17:22:18+00:00 | (476854 files, 19% size)
2026-06-01 17:22:28+00:00 | (476894 files, 19% size)
2026-06-01 17:22:38+00:00 | (476934 files, 19% size)
2026-06-01 17:22:48+00:00 | (476974 files, 19% size)
2026-06-01 17:22:58+00:00 | (477014 files, 19% size)
2026-06-01 17:23:08+00:00 | (477054 files, 19% size)
2026-06-01 17:23:18+00:00 | (477094 files, 19% size)
2026-06-01 17:23:28+00:00 | (477134 files, 19% size)
2026-06-01 17:23:38+00:00 | (477174 files, 19% size)
2026-06-01 17:23:48+00:00 | (477214 files, 19% size)
2026-06-01 17:23:58+00:00 | (477254 files, 19% size)
2026-06-01 17:24:08+00:00 | (477294 files, 19% size)
2026-06-01 17:24:18+00:00 | (477334 files, 19% size)
2026-06-01 17:24:28+00:00 | (477374 files, 19% size)
2026-06-01 17:24:38+00:00 | (477414 files, 19% size)
2026-06-01 17:24:48+00:00 | (477454 files, 19% size)
2026-06-01 17:24:58+00:00 | (477494 files, 19% size)
2026-06-01 17:25:08+00:00 | (477534 files, 19% size)
2026-06-01 17:25:18+00:00 | (477574 files, 19% size)
2026-06-01 17:25:28+00:00 | (477614 files, 19% size)
2026-06-01 17:25:38+00:00 | (477654 files, 19% size)
2026-06-01 17:25:48+00:00 | (477694 files, 19% size)
2026-06-01 17:25:58+00:00 | (477734 files, 19% size)
2026-06-01 17:26:08+00:00 | (477774 files, 19% size)
2026-06-01 17:26:18+00:00 | (477814 files, 19% size)
2026-06-01 17:26:28+00:00 | (477854 files, 19% size)
2026-06-01 17:26:38+00:00 | (477894 files, 19% size)
2026-06-01 17:26:48+00:00 | (477934 files, 19% size)
2026-06-01 17:26:58+00:00 | (477974 files, 19% size)
2026-06-01 17:27:08+00:00 | (478014 files, 19% size)
2026-06-01 17:27:18+00:00 | (478054 files, 19% size)
2026-06-01 17:27:28+00:00 | (478094 files, 19% size)
2026-06-01 17:27:38+00:00 | (478134 files, 19% size)
2026-06-01 17:27:48+00:00 | (478174 files, 19% size)
2026-06-01 17:27:58+00:00 | (478214 files, 19% size)
2026-06-01 17:28:08+00:00 | (478254 files, 19% size)
2026-06-01 17:28:18+00:00 | (478294 files, 19% size)
2026-06-01 17:28:28+00:00 | (478334 files, 19% size)
2026-06-01 17:28:38+00:00 | (478374 files, 19% size)
2026-06-01 17:28:48+00:00 | (478414 files, 19% size)
2026-06-01 17:28:58+00:00 | (478454 files, 19% size)
2026-06-01 17:29:08+00:00 | (478494 files, 19% size)
2026-06-01 17:29:18+00:00 | (478534 files, 19% size)
2026-06-01 17:29:28+00:00 | (478574 files, 19% size)
2026-06-01 17:29:38+00:00 | (478614 files, 19% size)
2026-06-01 17:29:48+00:00 | (478654 files, 19% size)
2026-06-01 17:29:58+00:00 | (478694 files, 19% size)
2026-06-01 17:30:08+00:00 | (478734 files, 19% size)
2026-06-01 17:30:18+00:00 | (478774 files, 19% size)
2026-06-01 17:30:28+00:00 | (478814 files, 19% size)
2026-06-01 17:30:38+00:00 | (478854 files, 19% size)
2026-06-01 17:30:48+00:00 | (478894 files, 19% size)
2026-06-01 17:30:58+00:00 | (478934 files, 19% size)
2026-06-01 17:31:08+00:00 | (478974 files, 19% size)
2026-06-01 17:31:18+00:00 | (479014 files, 19% size)
2026-06-01 17:31:28+00:00 | (479054 files, 19% size)
2026-06-01 17:31:38+00:00 | (479094 files, 19% size)
2026-06-01 17:31:48+00:00 | (479134 files, 19% size)
2026-06-01 17:31:58+00:00 | (479174 files, 19% size)
2026-06-01 17:32:08+00:00 | (479214 files, 19% size)
2026-06-01 17:32:18+00:00 | (479254 files, 19% size)
2026-06-01 17:32:28+00:00 | (479294 files, 19% size)
2026-06-01 17:32:38+00:00 | (479334 files, 19% size)
2026-06-01 17:32:48+00:00 | (479374 files, 19% size)
2026-06-01 17:32:58+00:00 | (479414 files, 19% size)
2026-06-01 17:33:08+00:00 | (479454 files, 19% size)
2026-06-01 17:33:18+00:00 | (479494 files, 19% size)
2026-06-01 17:33:28+00:00 | (479534 files, 19% size)
2026-06-01 17:33:38+00:00 | (479574 files, 19% size)
2026-06-01 17:33:48+00:00 | (479614 files, 19% size)
2026-06-01 17:33:58+00:00 | (479654 files, 19% size)
2026-06-01 17:34:08+00:00 | (479694 files, 19% size)
2026-06-01 17:34:18+00:00 | (479734 files, 19% size)
2026-06-01 17:34:28+00:00 | (479774 files, 19% size)
2026-06-01 17:34:38+00:00 | (479814 files, 19% size)
2026-06-01 17:34:48+00:00 | (479854 files, 19% size)
2026-06-01 17:34:58+00:00 | (479894 files, 19% size)
2026-06-01 17:35:08+00:00 | (479934 files, 19% size)
2026-06-01 17:35:18+00:00 | (479974 files, 19% size)
2026-06-01 17:35:28+00:00 | (480014 files, 19% size)
2026-06-01 17:35:38+00:00 | (480054 files, 19% size)
2026-06-01 17:35:48+00:00 | (480094 files, 19% size)
2026-06-01 17:35:58+00:00 | (480134 files, 19% size)
2026-06-01 17:36:08+00:00 | (480174 files, 19% size)
2026-06-01 17:36:18+00:00 | (480214 files, 19% size)
2026-06-01 17:36:28+00:00 | (480254 files, 19% size)
2026-06-01 17:36:38+00:00 | (480294 files, 19% size)
2026-06-01 17:36:48+00:00 | (480334 files, 19% size)
2026-06-01 17:36:58+00:00 | (480374 files, 19% size)
2026-06-01 17:37:08+00:00 | (480414 files, 19% size)
2026-06-01 17:37:18+00:00 | (480454 files, 19% size)
2026-06-01 17:37:28+00:00 | (480494 files, 19% size)
2026-06-01 17:37:38+00:00 | (480534 files, 19% size)
2026-06-01 17:37:48+00:00 | (480574 files, 19% size)
2026-06-01 17:37:58+00:00 | (480614 files, 19% size)
2026-06-01 17:38:08+00:00 | (480654 files, 19% size)
2026-06-01 17:38:18+00:00 | (480694 files, 19% size)
2026-06-01 17:38:28+00:00 | (480734 files, 19% size)
2026-06-01 17:38:38+00:00 | (480774 files, 19% size)
2026-06-01 17:38:48+00:00 | (480814 files, 19% size)
2026-06-01 17:38:58+00:00 | (480854 files, 19% size)
2026-06-01 17:39:08+00:00 | (480894 files, 19% size)
2026-06-01 17:39:18+00:00 | (480934 files, 19% size)
2026-06-01 17:39:28+00:00 | (480974 files, 19% size)
2026-06-01 17:39:38+00:00 | (481014 files, 19% size)
2026-06-01 17:39:48+00:00 | (481054 files, 19% size)
2026-06-01 17:39:58+00:00 | (481094 files, 19% size)
2026-06-01 17:40:08+00:00 | (481134 files, 19% size)
2026-06-01 17:40:18+00:00 | (481174 files, 19% size)
2026-06-01 17:40:28+00:00 | (481214 files, 19% size)
2026-06-01 17:40:38+00:00 | (481254 files, 19% size)
2026-06-01 17:40:48+00:00 | (481294 files, 19% size)
2026-06-01 17:40:58+00:00 | (481334 files, 19% size)
2026-06-01 17:41:08+00:00 | (481374 files, 19% size)
2026-06-01 17:41:18+00:00 | (481414 files, 19% size)
2026-06-01 17:41:28+00:00 | (481454 files, 19% size)
2026-06-01 17:41:38+00:00 | (481494 files, 19% size)
2026-06-01 17:41:48+00:00 | (481534 files, 19% size)
2026-06-01 17:41:58+00:00 | (481574 files, 19% size)
2026-06-01 17:42:08+00:00 | (481614 files, 19% size)
2026-06-01 17:42:18+00:00 | (481654 files, 19% size)
2026-06-01 17:42:28+00:00 | (481694 files, 19% size)
2026-06-01 17:42:38+00:00 | (481734 files, 19% size)
2026-06-01 17:42:48+00:00 | (481774 files, 19% size)
2026-06-01 17:42:58+00:00 | (481814 files, 19% size)
2026-06-01 17:43:08+00:00 | (481854 files, 19% size)
2026-06-01 17:43:18+00:00 | (481894 files, 19% size)
2026-06-01 17:43:28+00:00 | (481934 files, 19% size)
2026-06-01 17:43:38+00:00 | (481974 files, 19% size)
2026-06-01 17:43:48+00:00 | (482014 files, 19% size)
2026-06-01 17:43:58+00:00 | (482054 files, 19% size)
2026-06-01 17:44:08+00:00 | (482094 files, 19% size)
2026-06-01 17:44:18+00:00 | (482134 files, 19% size)
2026-06-01 17:44:28+00:00 | (482174 files, 19% size)
2026-06-01 17:44:38+00:00 | (482214 files, 19% size)
2026-06-01 17:44:48+00:00 | (482254 files, 19% size)
2026-06-01 17:44:58+00:00 | (482294 files, 19% size)
2026-06-01 17:45:08+00:00 | (482334 files, 19% size)
2026-06-01 17:45:18+00:00 | (482374 files, 19% size)
2026-06-01 17:45:28+00:00 | (482414 files, 19% size)
2026-06-01 17:45:38+00:00 | (482454 files, 19% size)
2026-06-01 17:45:48+00:00 | (482494 files, 19% size)
2026-06-01 17:45:58+00:00 | (482534 files, 19% size)
2026-06-01 17:46:08+00:00 | (482574 files, 19% size)
2026-06-01 17:46:18+00:00 | (482614 files, 19% size)
2026-06-01 17:46:28+00:00 | (482654 files, 19% size)
2026-06-01 17:46:38+00:00 | (482694 files, 19% size)
2026-06-01 17:46:48+00:00 | (482734 files, 19% size)
2026-06-01 17:46:58+00:00 | (482774 files, 19% size)
2026-06-01 17:47:08+00:00 | (482814 files, 19% size)
2026-06-01 17:47:18+00:00 | (482854 files, 19% size)
2026-06-01 17:47:28+00:00 | (482894 files, 19% size)
2026-06-01 17:47:38+00:00 | (482934 files, 19% size)
2026-06-01 17:47:48+00:00 | (482974 files, 19% size)
2026-06-01 17:47:58+00:00 | (483014 files, 19% size)
2026-06-01 17:48:08+00:00 | (483054 files, 19% size)
2026-06-01 17:48:18+00:00 | (483094 files, 19% size)
2026-06-01 17:48:28+00:00 | (483134 files, 19% size)
2026-06-01 17:48:38+00:00 | (483174 files, 19% size)
2026-06-01 17:48:48+00:00 | (483214 files, 19% size)
2026-06-01 17:48:58+00:00 | (483254 files, 19% size)
2026-06-01 17:49:08+00:00 | (483294 files, 19% size)
2026-06-01 17:49:18+00:00 | (483334 files, 19% size)
2026-06-01 17:49:28+00:00 | (483374 files, 19% size)
2026-06-01 17:49:38+00:00 | (483414 files, 19% size)
2026-06-01 17:49:48+00:00 | (483454 files, 19% size)
2026-06-01 17:49:58+00:00 | (483494 files, 19% size)
2026-06-01 17:50:08+00:00 | (483534 files, 19% size)
2026-06-01 17:50:18+00:00 | (483574 files, 19% size)
2026-06-01 17:50:28+00:00 | (483614 files, 19% size)
2026-06-01 17:50:38+00:00 | (483654 files, 19% size)
2026-06-01 17:50:48+00:00 | (483694 files, 19% size)
2026-06-01 17:50:58+00:00 | (483734 files, 19% size)
2026-06-01 17:51:08+00:00 | (483774 files, 19% size)
2026-06-01 17:51:18+00:00 | (483814 files, 19% size)
2026-06-01 17:51:28+00:00 | (483854 files, 19% size)
2026-06-01 17:51:38+00:00 | (483894 files, 19% size)
2026-06-01 17:51:48+00:00 | (483934 files, 19% size)
2026-06-01 17:51:58+00:00 | (483974 files, 19% size)
2026-06-01 17:52:08+00:00 | (484014 files, 19% size)
2026-06-01 17:52:18+00:00 | (484054 files, 19% size)
2026-06-01 17:52:28+00:00 | (484094 files, 19% size)
2026-06-01 17:52:38+00:00 | (484134 files, 19% size)
2026-06-01 17:52:48+00:00 | (484174 files, 19% size)
2026-06-01 17:52:58+00:00 | (484214 files, 19% size)
2026-06-01 17:53:08+00:00 | (484254 files, 19% size)
2026-06-01 17:53:18+00:00 | (484294 files, 19% size)
2026-06-01 17:53:28+00:00 | (484334 files, 19% size)
2026-06-01 17:53:38+00:00 | (484374 files, 19% size)
2026-06-01 17:53:48+00:00 | (484414 files, 19% size)
2026-06-01 17:53:58+00:00 | (484454 files, 19% size)
2026-06-01 17:54:08+00:00 | (484494 files, 19% size)
2026-06-01 17:54:18+00:00 | (484534 files, 19% size)
2026-06-01 17:54:28+00:00 | (484574 files, 19% size)
2026-06-01 17:54:38+00:00 | (484614 files, 19% size)
2026-06-01 17:54:48+00:00 | (484654 files, 19% size)
2026-06-01 17:54:58+00:00 | (484694 files, 19% size)
2026-06-01 17:55:08+00:00 | (484734 files, 19% size)
2026-06-01 17:55:18+00:00 | (484774 files, 19% size)
2026-06-01 17:55:28+00:00 | (484814 files, 19% size)
2026-06-01 17:55:38+00:00 | (484854 files, 19% size)
2026-06-01 17:55:48+00:00 | (484894 files, 19% size)
2026-06-01 17:55:58+00:00 | (484934 files, 19% size)
2026-06-01 17:56:08+00:00 | (484974 files, 19% size)
2026-06-01 17:56:18+00:00 | (485014 files, 19% size)
2026-06-01 17:56:28+00:00 | (485054 files, 19% size)
2026-06-01 17:56:38+00:00 | (485094 files, 19% size)
2026-06-01 17:56:48+00:00 | (485134 files, 19% size)
2026-06-01 17:56:58+00:00 | (485174 files, 19% size)
2026-06-01 17:57:08+00:00 | (485214 files, 19% size)
2026-06-01 17:57:18+00:00 | (485254 files, 19% size)
2026-06-01 17:57:28+00:00 | (485294 files, 19% size)
2026-06-01 17:57:38+00:00 | (485334 files, 19% size)
2026-06-01 17:57:48+00:00 | (485374 files, 19% size)
2026-06-01 17:57:58+00:00 | (485414 files, 19% size)
2026-06-01 17:58:08+00:00 | (485454 files, 19% size)
2026-06-01 17:58:18+00:00 | (485494 files, 19% size)
2026-06-01 17:58:28+00:00 | (485534 files, 19% size)
2026-06-01 17:58:38+00:00 | (485574 files, 19% size)
2026-06-01 17:58:48+00:00 | (485614 files, 19% size)
2026-06-01 17:58:58+00:00 | (485654 files, 19% size)
2026-06-01 17:59:08+00:00 | (485694 files, 19% size)
2026-06-01 17:59:18+00:00 | (485734 files, 19% size)
2026-06-01 17:59:28+00:00 | (485774 files, 19% size)
2026-06-01 17:59:38+00:00 | (485814 files, 19% size)
2026-06-01 17:59:48+00:00 | (485854 files, 19% size)
2026-06-01 17:59:58+00:00 | (485894 files, 19% size)
2026-06-01 18:00:08+00:00 | (485934 files, 19% size)
2026-06-01 18:00:18+00:00 | (485974 files, 19% size)
2026-06-01 18:00:28+00:00 | (486014 files, 19% size)
2026-06-01 18:00:38+00:00 | (486054 files, 19% size)
2026-06-01 18:00:48+00:00 | (486094 files, 19% size)
2026-06-01 18:00:58+00:00 | (486134 files, 19% size)
2026-06-01 18:01:08+00:00 | (486174 files, 19% size)
2026-06-01 18:01:18+00:00 | (486214 files, 19% size)
2026-06-01 18:01:28+00:00 | (486254 files, 19% size)
2026-06-01 18:01:38+00:00 | (486294 files, 19% size)
2026-06-01 18:01:48+00:00 | (486334 files, 19% size)
2026-06-01 18:01:58+00:00 | (486374 files, 19% size)
2026-06-01 18:02:08+00:00 | (486414 files, 19% size)
2026-06-01 18:02:18+00:00 | (486454 files, 19% size)
2026-06-01 18:02:28+00:00 | (486494 files, 19% size)
2026-06-01 18:02:38+00:00 | (486534 files, 19% size)
2026-06-01 18:02:48+00:00 | (486574 files, 19% size)
2026-06-01 18:02:58+00:00 | (486614 files, 19% size)
2026-06-01 18:03:08+00:00 | (486654 files, 19% size)
2026-06-01 18:03:18+00:00 | (486694 files, 19% size)
2026-06-01 18:03:28+00:00 | (486734 files, 19% size)
2026-06-01 18:03:38+00:00 | (486774 files, 19% size)
2026-06-01 18:03:48+00:00 | (486814 files, 19% size)
2026-06-01 18:03:58+00:00 | (486854 files, 19% size)
2026-06-01 18:04:08+00:00 | (486894 files, 19% size)
2026-06-01 18:04:18+00:00 | (486934 files, 19% size)
2026-06-01 18:04:28+00:00 | (486974 files, 19% size)
2026-06-01 18:04:38+00:00 | (487014 files, 19% size)
2026-06-01 18:04:48+00:00 | (487054 files, 19% size)
2026-06-01 18:04:58+00:00 | (487094 files, 19% size)
2026-06-01 18:05:08+00:00 | (487134 files, 19% size)
2026-06-01 18:05:18+00:00 | (487174 files, 19% size)
2026-06-01 18:05:28+00:00 | (487214 files, 19% size)
2026-06-01 18:05:38+00:00 | (487254 files, 19% size)
2026-06-01 18:05:48+00:00 | (487294 files, 19% size)
2026-06-01 18:05:58+00:00 | (487334 files, 19% size)
2026-06-01 18:06:08+00:00 | (487374 files, 19% size)
2026-06-01 18:06:18+00:00 | (487414 files, 19% size)
2026-06-01 18:06:28+00:00 | (487454 files, 19% size)
2026-06-01 18:06:38+00:00 | (487494 files, 19% size)
2026-06-01 18:06:48+00:00 | (487534 files, 19% size)
2026-06-01 18:06:58+00:00 | (487574 files, 19% size)
2026-06-01 18:07:08+00:00 | (487614 files, 19% size)
2026-06-01 18:07:18+00:00 | (487654 files, 19% size)
2026-06-01 18:07:28+00:00 | (487694 files, 19% size)
2026-06-01 18:07:38+00:00 | (487734 files, 19% size)
2026-06-01 18:07:48+00:00 | (487774 files, 19% size)
2026-06-01 18:07:58+00:00 | (487814 files, 19% size)
2026-06-01 18:08:08+00:00 | (487854 files, 19% size)
2026-06-01 18:08:18+00:00 | (487894 files, 19% size)
2026-06-01 18:08:28+00:00 | (487934 files, 19% size)
2026-06-01 18:08:38+00:00 | (487974 files, 19% size)
2026-06-01 18:08:48+00:00 | (488014 files, 19% size)
2026-06-01 18:08:58+00:00 | (488054 files, 19% size)
2026-06-01 18:09:08+00:00 | (488094 files, 19% size)
2026-06-01 18:09:18+00:00 | (488134 files, 19% size)
2026-06-01 18:09:28+00:00 | (488174 files, 19% size)
2026-06-01 18:09:38+00:00 | (488214 files, 19% size)
2026-06-01 18:09:48+00:00 | (488254 files, 19% size)
2026-06-01 18:09:58+00:00 | (488294 files, 19% size)
2026-06-01 18:10:08+00:00 | (488334 files, 19% size)
2026-06-01 18:10:18+00:00 | (488374 files, 19% size)
2026-06-01 18:10:28+00:00 | (488414 files, 19% size)
2026-06-01 18:10:38+00:00 | (488454 files, 19% size)
2026-06-01 18:10:48+00:00 | (488494 files, 19% size)
2026-06-01 18:10:58+00:00 | (488534 files, 19% size)
2026-06-01 18:11:08+00:00 | (488574 files, 19% size)
2026-06-01 18:11:18+00:00 | (488614 files, 19% size)
2026-06-01 18:11:28+00:00 | (488654 files, 19% size)
2026-06-01 18:11:38+00:00 | (488694 files, 19% size)
2026-06-01 18:11:48+00:00 | (488734 files, 19% size)
2026-06-01 18:11:58+00:00 | (488774 files, 19% size)
2026-06-01 18:12:08+00:00 | (488814 files, 19% size)
2026-06-01 18:12:18+00:00 | (488854 files, 19% size)
2026-06-01 18:12:28+00:00 | (488894 files, 19% size)
2026-06-01 18:12:38+00:00 | (488934 files, 19% size)
2026-06-01 18:12:48+00:00 | (488974 files, 19% size)
2026-06-01 18:12:58+00:00 | (489014 files, 19% size)
2026-06-01 18:13:08+00:00 | (489054 files, 19% size)
2026-06-01 18:13:18+00:00 | (489094 files, 19% size)
2026-06-01 18:13:28+00:00 | (489134 files, 19% size)
2026-06-01 18:13:38+00:00 | (489174 files, 19% size)
2026-06-01 18:13:48+00:00 | (489214 files, 19% size)
2026-06-01 18:13:58+00:00 | (489254 files, 19% size)
2026-06-01 18:14:08+00:00 | (489294 files, 19% size)
2026-06-01 18:14:18+00:00 | (489334 files, 19% size)
2026-06-01 18:14:28+00:00 | (489374 files, 19% size)
2026-06-01 18:14:38+00:00 | (489414 files, 19% size)
2026-06-01 18:14:48+00:00 | (489454 files, 19% size)
2026-06-01 18:14:58+00:00 | (489494 files, 19% size)
2026-06-01 18:15:08+00:00 | (489534 files, 19% size)
2026-06-01 18:15:18+00:00 | (489574 files, 19% size)
2026-06-01 18:15:28+00:00 | (489614 files, 19% size)
2026-06-01 18:15:38+00:00 | (489654 files, 19% size)
2026-06-01 18:15:48+00:00 | (489694 files, 19% size)
2026-06-01 18:15:58+00:00 | (489734 files, 19% size)
2026-06-01 18:16:08+00:00 | (489774 files, 19% size)
2026-06-01 18:16:18+00:00 | (489814 files, 19% size)
2026-06-01 18:16:28+00:00 | (489854 files, 19% size)
2026-06-01 18:16:38+00:00 | (489894 files, 19% size)
2026-06-01 18:16:48+00:00 | (489934 files, 19% size)
2026-06-01 18:16:58+00:00 | (489974 files, 19% size)
2026-06-01 18:17:08+00:00 | (490014 files, 19% size)
2026-06-01 18:17:18+00:00 | (490054 files, 19% size)
2026-06-01 18:17:28+00:00 | (490094 files, 19% size)
2026-06-01 18:17:38+00:00 | (490134 files, 19% size)
2026-06-01 18:17:48+00:00 | (490174 files, 19% size)
2026-06-01 18:17:58+00:00 | (490214 files, 19% size)
2026-06-01 18:18:08+00:00 | (490254 files, 19% size)
2026-06-01 18:18:18+00:00 | (490294 files, 19% size)
2026-06-01 18:18:28+00:00 | (490334 files, 19% size)
2026-06-01 18:18:38+00:00 | (490374 files, 19% size)
2026-06-01 18:18:48+00:00 | (490414 files, 19% size)
2026-06-01 18:18:58+00:00 | (490454 files, 19% size)
2026-06-01 18:19:08+00:00 | (490494 files, 19% size)
2026-06-01 18:19:18+00:00 | (490534 files, 19% size)
2026-06-01 18:19:28+00:00 | (490574 files, 19% size)
2026-06-01 18:19:38+00:00 | (490614 files, 19% size)
2026-06-01 18:19:48+00:00 | (490654 files, 19% size)
2026-06-01 18:19:58+00:00 | (490694 files, 19% size)
2026-06-01 18:20:08+00:00 | (490734 files, 19% size)
2026-06-01 18:20:18+00:00 | (490774 files, 19% size)
2026-06-01 18:20:28+00:00 | (490814 files, 19% size)
2026-06-01 18:20:38+00:00 | (490854 files, 19% size)
2026-06-01 18:20:48+00:00 | (490894 files, 19% size)
2026-06-01 18:20:58+00:00 | (490934 files, 19% size)
2026-06-01 18:21:08+00:00 | (490974 files, 19% size)
2026-06-01 18:21:18+00:00 | (491014 files, 19% size)
2026-06-01 18:21:28+00:00 | (491054 files, 19% size)
2026-06-01 18:21:38+00:00 | (491094 files, 19% size)
2026-06-01 18:21:48+00:00 | (491134 files, 19% size)
2026-06-01 18:21:58+00:00 | (491174 files, 19% size)
2026-06-01 18:22:08+00:00 | (491214 files, 19% size)
2026-06-01 18:22:18+00:00 | (491254 files, 19% size)
2026-06-01 18:22:28+00:00 | (491294 files, 19% size)
2026-06-01 18:22:38+00:00 | (491334 files, 19% size)
2026-06-01 18:22:48+00:00 | (491374 files, 19% size)
2026-06-01 18:22:58+00:00 | (491414 files, 19% size)
2026-06-01 18:23:08+00:00 | (491454 files, 19% size)
2026-06-01 18:23:18+00:00 | (491494 files, 19% size)
2026-06-01 18:23:28+00:00 | (491534 files, 19% size)
2026-06-01 18:23:38+00:00 | (491574 files, 19% size)
2026-06-01 18:23:48+00:00 | (491614 files, 19% size)
2026-06-01 18:23:58+00:00 | (491654 files, 19% size)
2026-06-01 18:24:08+00:00 | (491694 files, 19% size)
2026-06-01 18:24:18+00:00 | (491734 files, 19% size)
2026-06-01 18:24:28+00:00 | (491774 files, 19% size)
2026-06-01 18:24:38+00:00 | (491814 files, 19% size)
2026-06-01 18:24:48+00:00 | (491854 files, 19% size)
2026-06-01 18:24:58+00:00 | (491894 files, 19% size)
2026-06-01 18:25:08+00:00 | (491934 files, 19% size)
2026-06-01 18:25:18+00:00 | (491974 files, 19% size)
2026-06-01 18:25:28+00:00 | (492014 files, 19% size)
2026-06-01 18:25:38+00:00 | (492054 files, 19% size)
2026-06-01 18:25:48+00:00 | (492094 files, 19% size)
2026-06-01 18:25:58+00:00 | (492134 files, 19% size)
2026-06-01 18:26:08+00:00 | (492174 files, 19% size)
2026-06-01 18:26:18+00:00 | (492214 files, 19% size)
2026-06-01 18:26:28+00:00 | (492254 files, 19% size)
2026-06-01 18:26:38+00:00 | (492294 files, 19% size)
2026-06-01 18:26:48+00:00 | (492334 files, 19% size)
2026-06-01 18:26:58+00:00 | (492374 files, 19% size)
2026-06-01 18:27:08+00:00 | (492414 files, 19% size)
2026-06-01 18:27:18+00:00 | (492454 files, 19% size)
2026-06-01 18:27:28+00:00 | (492494 files, 19% size)
2026-06-01 18:27:38+00:00 | (492534 files, 19% size)
2026-06-01 18:27:48+00:00 | (492574 files, 19% size)
2026-06-01 18:27:58+00:00 | (492614 files, 19% size)
2026-06-01 18:28:08+00:00 | (492654 files, 19% size)
2026-06-01 18:28:18+00:00 | (492694 files, 19% size)
2026-06-01 18:28:28+00:00 | (492734 files, 19% size)
2026-06-01 18:28:38+00:00 | (492774 files, 19% size)
2026-06-01 18:28:48+00:00 | (492814 files, 19% size)
2026-06-01 18:28:58+00:00 | (492854 files, 19% size)
2026-06-01 18:29:08+00:00 | (492894 files, 19% size)
2026-06-01 18:29:18+00:00 | (492934 files, 19% size)
2026-06-01 18:29:28+00:00 | (492974 files, 19% size)
2026-06-01 18:29:38+00:00 | (493014 files, 19% size)
2026-06-01 18:29:48+00:00 | (493054 files, 19% size)
2026-06-01 18:29:58+00:00 | (493094 files, 19% size)
2026-06-01 18:30:08+00:00 | (493134 files, 19% size)
2026-06-01 18:30:18+00:00 | (493174 files, 19% size)
2026-06-01 18:30:28+00:00 | (493214 files, 19% size)
2026-06-01 18:30:38+00:00 | (493254 files, 19% size)
2026-06-01 18:30:48+00:00 | (493294 files, 19% size)
2026-06-01 18:30:58+00:00 | (493334 files, 19% size)
2026-06-01 18:31:08+00:00 | (493374 files, 19% size)
2026-06-01 18:31:18+00:00 | (493414 files, 19% size)
2026-06-01 18:31:28+00:00 | (493454 files, 19% size)
2026-06-01 18:31:38+00:00 | (493494 files, 19% size)
2026-06-01 18:31:48+00:00 | (493534 files, 19% size)
2026-06-01 18:31:58+00:00 | (493574 files, 19% size)
2026-06-01 18:32:08+00:00 | (493614 files, 19% size)
2026-06-01 18:32:18+00:00 | (493654 files, 19% size)
2026-06-01 18:32:28+00:00 | (493694 files, 19% size)
2026-06-01 18:32:38+00:00 | (493734 files, 19% size)
2026-06-01 18:32:48+00:00 | (493774 files, 19% size)
2026-06-01 18:32:58+00:00 | (493814 files, 19% size)
2026-06-01 18:33:08+00:00 | (493854 files, 19% size)
2026-06-01 18:33:18+00:00 | (493894 files, 19% size)
2026-06-01 18:33:28+00:00 | (493934 files, 19% size)
2026-06-01 18:33:38+00:00 | (493974 files, 19% size)
2026-06-01 18:33:48+00:00 | (494014 files, 19% size)
2026-06-01 18:33:58+00:00 | (494054 files, 19% size)
2026-06-01 18:34:08+00:00 | (494094 files, 19% size)
2026-06-01 18:34:18+00:00 | (494134 files, 19% size)
2026-06-01 18:34:28+00:00 | (494174 files, 19% size)
2026-06-01 18:34:38+00:00 | (494214 files, 19% size)
2026-06-01 18:34:48+00:00 | (494254 files, 19% size)
2026-06-01 18:34:58+00:00 | (494294 files, 19% size)
2026-06-01 18:35:08+00:00 | (494334 files, 19% size)
2026-06-01 18:35:18+00:00 | (494374 files, 19% size)
2026-06-01 18:35:28+00:00 | (494414 files, 19% size)
2026-06-01 18:35:38+00:00 | (494454 files, 19% size)
2026-06-01 18:35:48+00:00 | (494494 files, 19% size)
2026-06-01 18:35:58+00:00 | (494534 files, 19% size)
2026-06-01 18:36:08+00:00 | (494574 files, 19% size)
2026-06-01 18:36:18+00:00 | (494614 files, 19% size)
2026-06-01 18:36:28+00:00 | (494654 files, 19% size)
2026-06-01 18:36:38+00:00 | (494694 files, 19% size)
2026-06-01 18:36:48+00:00 | (494734 files, 19% size)
2026-06-01 18:36:58+00:00 | (494774 files, 19% size)
2026-06-01 18:37:08+00:00 | (494814 files, 19% size)
2026-06-01 18:37:18+00:00 | (494854 files, 19% size)
2026-06-01 18:37:28+00:00 | (494894 files, 19% size)
2026-06-01 18:37:38+00:00 | (494934 files, 19% size)
2026-06-01 18:37:48+00:00 | (494974 files, 19% size)
2026-06-01 18:37:58+00:00 | (495014 files, 19% size)
2026-06-01 18:38:08+00:00 | (495054 files, 19% size)
2026-06-01 18:38:18+00:00 | (495094 files, 19% size)
2026-06-01 18:38:28+00:00 | (495134 files, 19% size)
2026-06-01 18:38:38+00:00 | (495174 files, 19% size)
2026-06-01 18:38:48+00:00 | (495214 files, 19% size)
2026-06-01 18:38:58+00:00 | (495254 files, 19% size)
2026-06-01 18:39:08+00:00 | (495294 files, 19% size)
2026-06-01 18:39:18+00:00 | (495334 files, 19% size)
2026-06-01 18:39:28+00:00 | (495374 files, 19% size)
2026-06-01 18:39:38+00:00 | (495414 files, 19% size)
2026-06-01 18:39:48+00:00 | (495454 files, 19% size)
2026-06-01 18:39:58+00:00 | (495494 files, 19% size)
2026-06-01 18:40:08+00:00 | (495534 files, 19% size)
2026-06-01 18:40:18+00:00 | (495574 files, 19% size)
2026-06-01 18:40:28+00:00 | (495614 files, 19% size)
2026-06-01 18:40:38+00:00 | (495654 files, 19% size)
2026-06-01 18:40:48+00:00 | (495694 files, 19% size)
2026-06-01 18:40:58+00:00 | (495734 files, 19% size)
2026-06-01 18:41:08+00:00 | (495774 files, 19% size)
2026-06-01 18:41:18+00:00 | (495814 files, 19% size)
2026-06-01 18:41:28+00:00 | (495854 files, 19% size)
2026-06-01 18:41:38+00:00 | (495894 files, 19% size)
2026-06-01 18:41:48+00:00 | (495934 files, 19% size)
2026-06-01 18:41:58+00:00 | (495974 files, 19% size)
2026-06-01 18:42:08+00:00 | (496014 files, 19% size)
2026-06-01 18:42:18+00:00 | (496054 files, 19% size)
2026-06-01 18:42:28+00:00 | (496094 files, 19% size)
2026-06-01 18:42:38+00:00 | (496134 files, 19% size)
2026-06-01 18:42:48+00:00 | (496174 files, 19% size)
2026-06-01 18:42:58+00:00 | (496214 files, 19% size)
2026-06-01 18:43:08+00:00 | (496254 files, 19% size)
2026-06-01 18:43:18+00:00 | (496294 files, 19% size)
2026-06-01 18:43:28+00:00 | (496334 files, 19% size)
2026-06-01 18:43:38+00:00 | (496374 files, 19% size)
2026-06-01 18:43:48+00:00 | (496414 files, 19% size)
2026-06-01 18:43:58+00:00 | (496454 files, 19% size)
2026-06-01 18:44:08+00:00 | (496494 files, 19% size)
2026-06-01 18:44:18+00:00 | (496534 files, 19% size)
2026-06-01 18:44:28+00:00 | (496574 files, 19% size)
2026-06-01 18:44:38+00:00 | (496614 files, 19% size)
2026-06-01 18:44:48+00:00 | (496654 files, 19% size)
2026-06-01 18:44:58+00:00 | (496694 files, 19% size)
2026-06-01 18:45:08+00:00 | (496734 files, 19% size)
2026-06-01 18:45:18+00:00 | (496774 files, 19% size)
2026-06-01 18:45:28+00:00 | (496814 files, 19% size)
2026-06-01 18:45:38+00:00 | (496854 files, 19% size)
2026-06-01 18:45:48+00:00 | (496894 files, 19% size)
2026-06-01 18:45:58+00:00 | (496934 files, 19% size)
2026-06-01 18:46:08+00:00 | (496974 files, 19% size)
2026-06-01 18:46:18+00:00 | (497014 files, 19% size)
2026-06-01 18:46:28+00:00 | (497054 files, 19% size)
2026-06-01 18:46:38+00:00 | (497094 files, 19% size)
2026-06-01 18:46:48+00:00 | (497134 files, 19% size)
2026-06-01 18:46:58+00:00 | (497174 files, 19% size)
2026-06-01 18:47:08+00:00 | (497214 files, 19% size)
2026-06-01 18:47:18+00:00 | (497254 files, 19% size)
2026-06-01 18:47:28+00:00 | (497294 files, 19% size)
2026-06-01 18:47:38+00:00 | (497334 files, 19% size)
2026-06-01 18:47:48+00:00 | (497374 files, 19% size)
2026-06-01 18:47:58+00:00 | (497414 files, 19% size)
2026-06-01 18:48:08+00:00 | (497454 files, 19% size)
2026-06-01 18:48:18+00:00 | (497494 files, 19% size)
2026-06-01 18:48:28+00:00 | (497534 files, 19% size)
2026-06-01 18:48:38+00:00 | (497574 files, 19% size)
2026-06-01 18:48:48+00:00 | (497614 files, 19% size)
2026-06-01 18:48:58+00:00 | (497654 files, 19% size)
2026-06-01 18:49:08+00:00 | (497694 files, 19% size)
2026-06-01 18:49:18+00:00 | (497734 files, 19% size)
2026-06-01 18:49:28+00:00 | (497774 files, 19% size)
2026-06-01 18:49:38+00:00 | (497814 files, 19% size)
2026-06-01 18:49:48+00:00 | (497854 files, 19% size)
2026-06-01 18:49:58+00:00 | (497894 files, 19% size)
2026-06-01 18:50:08+00:00 | (497934 files, 19% size)
2026-06-01 18:50:18+00:00 | (497974 files, 19% size)
2026-06-01 18:50:28+00:00 | (498014 files, 19% size)
2026-06-01 18:50:38+00:00 | (498054 files, 19% size)
2026-06-01 18:50:48+00:00 | (498094 files, 19% size)
2026-06-01 18:50:58+00:00 | (498134 files, 19% size)
2026-06-01 18:51:08+00:00 | (498174 files, 19% size)
2026-06-01 18:51:18+00:00 | (498214 files, 19% size)
2026-06-01 18:51:28+00:00 | (498254 files, 19% size)
2026-06-01 18:51:38+00:00 | (498294 files, 19% size)
2026-06-01 18:51:48+00:00 | (498334 files, 19% size)
2026-06-01 18:51:58+00:00 | (498374 files, 19% size)
2026-06-01 18:52:08+00:00 | (498414 files, 19% size)
2026-06-01 18:52:18+00:00 | (498454 files, 19% size)
2026-06-01 18:52:28+00:00 | (498494 files, 19% size)
2026-06-01 18:52:38+00:00 | (498534 files, 19% size)
2026-06-01 18:52:48+00:00 | (498574 files, 19% size)
2026-06-01 18:52:58+00:00 | (498614 files, 19% size)
2026-06-01 18:53:08+00:00 | (498654 files, 19% size)
2026-06-01 18:53:18+00:00 | (498694 files, 19% size)
2026-06-01 18:53:28+00:00 | (498734 files, 19% size)
2026-06-01 18:53:38+00:00 | (498774 files, 19% size)
2026-06-01 18:53:48+00:00 | (498814 files, 19% size)
2026-06-01 18:53:58+00:00 | (498854 files, 19% size)
2026-06-01 18:54:08+00:00 | (498894 files, 19% size)
2026-06-01 18:54:18+00:00 | (498934 files, 19% size)
2026-06-01 18:54:28+00:00 | (498974 files, 19% size)
2026-06-01 18:54:38+00:00 | (499014 files, 19% size)
2026-06-01 18:54:48+00:00 | (499054 files, 19% size)
2026-06-01 18:54:58+00:00 | (499094 files, 20% size)
2026-06-01 18:55:08+00:00 | (499134 files, 20% size)
2026-06-01 18:55:18+00:00 | (499174 files, 20% size)
2026-06-01 18:55:28+00:00 | (499214 files, 20% size)
2026-06-01 18:55:38+00:00 | (499254 files, 20% size)
2026-06-01 18:55:48+00:00 | (499294 files, 20% size)
2026-06-01 18:55:58+00:00 | (499330 files, 20% size)
2026-06-01 18:56:08+00:00 | (499370 files, 20% size)
2026-06-01 18:56:18+00:00 | (499410 files, 20% size)
2026-06-01 18:56:28+00:00 | (499450 files, 20% size)
2026-06-01 18:56:38+00:00 | (499490 files, 20% size)
2026-06-01 18:56:48+00:00 | (499530 files, 20% size)
2026-06-01 18:56:58+00:00 | (499570 files, 20% size)
2026-06-01 18:57:08+00:00 | (499610 files, 20% size)
2026-06-01 18:57:18+00:00 | (499650 files, 20% size)
2026-06-01 18:57:28+00:00 | (499690 files, 20% size)
2026-06-01 18:57:38+00:00 | (499730 files, 20% size)
2026-06-01 18:57:48+00:00 | (499772 files, 20% size)
2026-06-01 18:57:58+00:00 | (499813 files, 20% size)
2026-06-01 18:58:08+00:00 | (499854 files, 20% size)
2026-06-01 18:58:18+00:00 | (499894 files, 20% size)
2026-06-01 18:58:28+00:00 | (499934 files, 20% size)
2026-06-01 18:58:38+00:00 | (499974 files, 20% size)
2026-06-01 18:58:48+00:00 | (500014 files, 20% size)
2026-06-01 18:58:58+00:00 | (500054 files, 20% size)
2026-06-01 18:59:08+00:00 | (500094 files, 20% size)
2026-06-01 18:59:18+00:00 | (500134 files, 20% size)
2026-06-01 18:59:28+00:00 | (500174 files, 20% size)
2026-06-01 18:59:38+00:00 | (500214 files, 20% size)
2026-06-01 18:59:48+00:00 | (500254 files, 20% size)
2026-06-01 18:59:58+00:00 | (500294 files, 20% size)
2026-06-01 19:00:08+00:00 | (500334 files, 20% size)
2026-06-01 19:00:18+00:00 | (500374 files, 20% size)
2026-06-01 19:00:28+00:00 | (500414 files, 20% size)
2026-06-01 19:00:38+00:00 | (500454 files, 20% size)
2026-06-01 19:00:48+00:00 | (500494 files, 20% size)
2026-06-01 19:00:58+00:00 | (500534 files, 20% size)
2026-06-01 19:01:08+00:00 | (500574 files, 20% size)
2026-06-01 19:01:18+00:00 | (500614 files, 20% size)
2026-06-01 19:01:28+00:00 | (500654 files, 20% size)
2026-06-01 19:01:38+00:00 | (500694 files, 20% size)
2026-06-01 19:01:48+00:00 | (500734 files, 20% size)
2026-06-01 19:01:58+00:00 | (500774 files, 20% size)
2026-06-01 19:02:08+00:00 | (500814 files, 20% size)
2026-06-01 19:02:18+00:00 | (500854 files, 20% size)
2026-06-01 19:02:28+00:00 | (500894 files, 20% size)
2026-06-01 19:02:38+00:00 | (500934 files, 20% size)
2026-06-01 19:02:48+00:00 | (500974 files, 20% size)
2026-06-01 19:02:58+00:00 | (501014 files, 20% size)
2026-06-01 19:03:08+00:00 | (501054 files, 20% size)
2026-06-01 19:03:18+00:00 | (501094 files, 20% size)
2026-06-01 19:03:28+00:00 | (501134 files, 20% size)
2026-06-01 19:03:38+00:00 | (501174 files, 20% size)
2026-06-01 19:03:48+00:00 | (501214 files, 20% size)
2026-06-01 19:03:58+00:00 | (501254 files, 20% size)
2026-06-01 19:04:08+00:00 | (501294 files, 20% size)
2026-06-01 19:04:18+00:00 | (501334 files, 20% size)
2026-06-01 19:04:28+00:00 | (501374 files, 20% size)
2026-06-01 19:04:38+00:00 | (501414 files, 20% size)
2026-06-01 19:04:48+00:00 | (501454 files, 20% size)
2026-06-01 19:04:58+00:00 | (501494 files, 20% size)
2026-06-01 19:05:08+00:00 | (501534 files, 20% size)
2026-06-01 19:05:18+00:00 | (501574 files, 20% size)
2026-06-01 19:05:28+00:00 | (501614 files, 20% size)
2026-06-01 19:05:38+00:00 | (501654 files, 20% size)
2026-06-01 19:05:48+00:00 | (501694 files, 20% size)
2026-06-01 19:05:58+00:00 | (501734 files, 20% size)
2026-06-01 19:06:08+00:00 | (501774 files, 20% size)
2026-06-01 19:06:18+00:00 | (501814 files, 20% size)
2026-06-01 19:06:28+00:00 | (501854 files, 20% size)
2026-06-01 19:06:38+00:00 | (501894 files, 20% size)
2026-06-01 19:06:48+00:00 | (501934 files, 20% size)
2026-06-01 19:06:58+00:00 | (501974 files, 20% size)
2026-06-01 19:07:08+00:00 | (502014 files, 20% size)
2026-06-01 19:07:18+00:00 | (502054 files, 20% size)
2026-06-01 19:07:28+00:00 | (502094 files, 20% size)
2026-06-01 19:07:38+00:00 | (502134 files, 20% size)
2026-06-01 19:07:48+00:00 | (502174 files, 20% size)
2026-06-01 19:07:58+00:00 | (502214 files, 20% size)
2026-06-01 19:08:08+00:00 | (502254 files, 20% size)
2026-06-01 19:08:18+00:00 | (502294 files, 20% size)
2026-06-01 19:08:28+00:00 | (502334 files, 20% size)
2026-06-01 19:08:38+00:00 | (502374 files, 20% size)
2026-06-01 19:08:48+00:00 | (502414 files, 20% size)
2026-06-01 19:08:58+00:00 | (502454 files, 20% size)
2026-06-01 19:09:08+00:00 | (502494 files, 20% size)
2026-06-01 19:09:18+00:00 | (502534 files, 20% size)
2026-06-01 19:09:28+00:00 | (502574 files, 20% size)
2026-06-01 19:09:38+00:00 | (502614 files, 20% size)
2026-06-01 19:09:48+00:00 | (502654 files, 20% size)
2026-06-01 19:09:58+00:00 | (502694 files, 20% size)
2026-06-01 19:10:08+00:00 | (502734 files, 20% size)
2026-06-01 19:10:18+00:00 | (502774 files, 20% size)
2026-06-01 19:10:28+00:00 | (502814 files, 20% size)
2026-06-01 19:10:38+00:00 | (502854 files, 20% size)
2026-06-01 19:10:48+00:00 | (502894 files, 20% size)
2026-06-01 19:10:58+00:00 | (502934 files, 20% size)
2026-06-01 19:11:08+00:00 | (502974 files, 20% size)
2026-06-01 19:11:18+00:00 | (503014 files, 20% size)
2026-06-01 19:11:28+00:00 | (503054 files, 20% size)
2026-06-01 19:11:38+00:00 | (503094 files, 20% size)
2026-06-01 19:11:48+00:00 | (503134 files, 20% size)
2026-06-01 19:11:58+00:00 | (503174 files, 20% size)
2026-06-01 19:12:08+00:00 | (503214 files, 20% size)
2026-06-01 19:12:18+00:00 | (503254 files, 20% size)
2026-06-01 19:12:28+00:00 | (503294 files, 20% size)
2026-06-01 19:12:38+00:00 | (503334 files, 20% size)
2026-06-01 19:12:48+00:00 | (503374 files, 20% size)
2026-06-01 19:12:58+00:00 | (503414 files, 20% size)
2026-06-01 19:13:08+00:00 | (503454 files, 20% size)
2026-06-01 19:13:18+00:00 | (503494 files, 20% size)
2026-06-01 19:13:28+00:00 | (503534 files, 20% size)
2026-06-01 19:13:38+00:00 | (503574 files, 20% size)
2026-06-01 19:13:48+00:00 | (503614 files, 20% size)
2026-06-01 19:13:58+00:00 | (503654 files, 20% size)
2026-06-01 19:14:08+00:00 | (503694 files, 20% size)
2026-06-01 19:14:18+00:00 | (503734 files, 20% size)
2026-06-01 19:14:28+00:00 | (503774 files, 20% size)
2026-06-01 19:14:38+00:00 | (503814 files, 20% size)
2026-06-01 19:14:48+00:00 | (503854 files, 20% size)
2026-06-01 19:14:58+00:00 | (503894 files, 20% size)
2026-06-01 19:15:08+00:00 | (503934 files, 20% size)
2026-06-01 19:15:18+00:00 | (503974 files, 20% size)
2026-06-01 19:15:28+00:00 | (504014 files, 20% size)
2026-06-01 19:15:38+00:00 | (504054 files, 20% size)
2026-06-01 19:15:48+00:00 | (504094 files, 20% size)
2026-06-01 19:15:58+00:00 | (504134 files, 20% size)
2026-06-01 19:16:08+00:00 | (504174 files, 20% size)
2026-06-01 19:16:18+00:00 | (504214 files, 20% size)
2026-06-01 19:16:28+00:00 | (504254 files, 20% size)
2026-06-01 19:16:38+00:00 | (504294 files, 20% size)
2026-06-01 19:16:48+00:00 | (504334 files, 20% size)
2026-06-01 19:16:58+00:00 | (504374 files, 20% size)
2026-06-01 19:17:08+00:00 | (504414 files, 20% size)
2026-06-01 19:17:18+00:00 | (504454 files, 20% size)
2026-06-01 19:17:28+00:00 | (504494 files, 20% size)
2026-06-01 19:17:38+00:00 | (504534 files, 20% size)
2026-06-01 19:17:48+00:00 | (504574 files, 20% size)
2026-06-01 19:17:58+00:00 | (504614 files, 20% size)
2026-06-01 19:18:08+00:00 | (504654 files, 20% size)
2026-06-01 19:18:18+00:00 | (504694 files, 20% size)
2026-06-01 19:18:28+00:00 | (504734 files, 20% size)
2026-06-01 19:18:38+00:00 | (504774 files, 20% size)
2026-06-01 19:18:48+00:00 | (504814 files, 20% size)
2026-06-01 19:18:58+00:00 | (504854 files, 20% size)
2026-06-01 19:19:08+00:00 | (504894 files, 20% size)
2026-06-01 19:19:18+00:00 | (504934 files, 20% size)
2026-06-01 19:19:28+00:00 | (504974 files, 20% size)
2026-06-01 19:19:38+00:00 | (505014 files, 20% size)
2026-06-01 19:19:48+00:00 | (505054 files, 20% size)
2026-06-01 19:19:58+00:00 | (505094 files, 20% size)
2026-06-01 19:20:08+00:00 | (505134 files, 20% size)
2026-06-01 19:20:18+00:00 | (505174 files, 20% size)
2026-06-01 19:20:28+00:00 | (505214 files, 20% size)
2026-06-01 19:20:38+00:00 | (505254 files, 20% size)
2026-06-01 19:20:48+00:00 | (505294 files, 20% size)
2026-06-01 19:20:58+00:00 | (505334 files, 20% size)
2026-06-01 19:21:08+00:00 | (505374 files, 20% size)
2026-06-01 19:21:18+00:00 | (505414 files, 20% size)
2026-06-01 19:21:28+00:00 | (505454 files, 20% size)
2026-06-01 19:21:38+00:00 | (505494 files, 20% size)
2026-06-01 19:21:48+00:00 | (505534 files, 20% size)
2026-06-01 19:21:58+00:00 | (505574 files, 20% size)
2026-06-01 19:22:08+00:00 | (505614 files, 20% size)
2026-06-01 19:22:18+00:00 | (505654 files, 20% size)
2026-06-01 19:22:28+00:00 | (505694 files, 20% size)
2026-06-01 19:22:38+00:00 | (505734 files, 20% size)
2026-06-01 19:22:48+00:00 | (505774 files, 20% size)
2026-06-01 19:22:58+00:00 | (505814 files, 20% size)
2026-06-01 19:23:08+00:00 | (505854 files, 20% size)
2026-06-01 19:23:18+00:00 | (505894 files, 20% size)
2026-06-01 19:23:28+00:00 | (505934 files, 20% size)
2026-06-01 19:23:38+00:00 | (505974 files, 20% size)
2026-06-01 19:23:48+00:00 | (506014 files, 20% size)
2026-06-01 19:23:58+00:00 | (506054 files, 20% size)
2026-06-01 19:24:08+00:00 | (506094 files, 20% size)
2026-06-01 19:24:18+00:00 | (506134 files, 20% size)
2026-06-01 19:24:28+00:00 | (506174 files, 20% size)
2026-06-01 19:24:38+00:00 | (506214 files, 20% size)
2026-06-01 19:24:48+00:00 | (506254 files, 20% size)
2026-06-01 19:24:58+00:00 | (506294 files, 20% size)
2026-06-01 19:25:08+00:00 | (506334 files, 20% size)
2026-06-01 19:25:18+00:00 | (506374 files, 20% size)
2026-06-01 19:25:28+00:00 | (506414 files, 20% size)
2026-06-01 19:25:38+00:00 | (506454 files, 20% size)
2026-06-01 19:25:48+00:00 | (506494 files, 20% size)
2026-06-01 19:25:58+00:00 | (506534 files, 20% size)
2026-06-01 19:26:08+00:00 | (506574 files, 20% size)
2026-06-01 19:26:18+00:00 | (506614 files, 20% size)
2026-06-01 19:26:28+00:00 | (506654 files, 20% size)
2026-06-01 19:26:38+00:00 | (506694 files, 20% size)
2026-06-01 19:26:48+00:00 | (506734 files, 20% size)
2026-06-01 19:26:58+00:00 | (506774 files, 20% size)
2026-06-01 19:27:08+00:00 | (506814 files, 20% size)
2026-06-01 19:27:18+00:00 | (506854 files, 20% size)
2026-06-01 19:27:28+00:00 | (506894 files, 20% size)
2026-06-01 19:27:38+00:00 | (506934 files, 20% size)
2026-06-01 19:27:48+00:00 | (506974 files, 20% size)
2026-06-01 19:27:58+00:00 | (507014 files, 20% size)
2026-06-01 19:28:08+00:00 | (507054 files, 20% size)
2026-06-01 19:28:18+00:00 | (507094 files, 20% size)
2026-06-01 19:28:28+00:00 | (507134 files, 20% size)
2026-06-01 19:28:38+00:00 | (507174 files, 20% size)
2026-06-01 19:28:48+00:00 | (507214 files, 20% size)
2026-06-01 19:28:58+00:00 | (507254 files, 20% size)
2026-06-01 19:29:08+00:00 | (507294 files, 20% size)
2026-06-01 19:29:18+00:00 | (507334 files, 20% size)
2026-06-01 19:29:28+00:00 | (507374 files, 20% size)
2026-06-01 19:29:38+00:00 | (507414 files, 20% size)
2026-06-01 19:29:48+00:00 | (507454 files, 20% size)
2026-06-01 19:29:58+00:00 | (507494 files, 20% size)
2026-06-01 19:30:08+00:00 | (507534 files, 20% size)
2026-06-01 19:30:18+00:00 | (507574 files, 20% size)
2026-06-01 19:30:28+00:00 | (507614 files, 20% size)
2026-06-01 19:30:38+00:00 | (507654 files, 20% size)
2026-06-01 19:30:48+00:00 | (507694 files, 20% size)
2026-06-01 19:30:58+00:00 | (507734 files, 20% size)
2026-06-01 19:31:08+00:00 | (507774 files, 20% size)
2026-06-01 19:31:18+00:00 | (507814 files, 20% size)
2026-06-01 19:31:28+00:00 | (507854 files, 20% size)
2026-06-01 19:31:38+00:00 | (507894 files, 20% size)
2026-06-01 19:31:48+00:00 | (507934 files, 20% size)
2026-06-01 19:31:58+00:00 | (507974 files, 20% size)
2026-06-01 19:32:08+00:00 | (508014 files, 20% size)
2026-06-01 19:32:18+00:00 | (508054 files, 20% size)
2026-06-01 19:32:28+00:00 | (508094 files, 20% size)
2026-06-01 19:32:38+00:00 | (508134 files, 20% size)
2026-06-01 19:32:48+00:00 | (508174 files, 20% size)
2026-06-01 19:32:58+00:00 | (508214 files, 20% size)
2026-06-01 19:33:08+00:00 | (508254 files, 20% size)
2026-06-01 19:33:18+00:00 | (508294 files, 20% size)
2026-06-01 19:33:28+00:00 | (508334 files, 20% size)
2026-06-01 19:33:38+00:00 | (508374 files, 20% size)
2026-06-01 19:33:48+00:00 | (508414 files, 20% size)
2026-06-01 19:33:58+00:00 | (508454 files, 20% size)
2026-06-01 19:34:08+00:00 | (508494 files, 20% size)
2026-06-01 19:34:18+00:00 | (508534 files, 20% size)
2026-06-01 19:34:28+00:00 | (508574 files, 20% size)
2026-06-01 19:34:38+00:00 | (508614 files, 20% size)
2026-06-01 19:34:48+00:00 | (508654 files, 20% size)
2026-06-01 19:34:58+00:00 | (508694 files, 20% size)
2026-06-01 19:35:08+00:00 | (508734 files, 20% size)
2026-06-01 19:35:18+00:00 | (508774 files, 20% size)
2026-06-01 19:35:28+00:00 | (508814 files, 20% size)
2026-06-01 19:35:38+00:00 | (508854 files, 20% size)
2026-06-01 19:35:48+00:00 | (508894 files, 20% size)
2026-06-01 19:35:58+00:00 | (508934 files, 20% size)
2026-06-01 19:36:08+00:00 | (508974 files, 20% size)
2026-06-01 19:36:18+00:00 | (509014 files, 20% size)
2026-06-01 19:36:28+00:00 | (509054 files, 20% size)
2026-06-01 19:36:38+00:00 | (509094 files, 20% size)
2026-06-01 19:36:48+00:00 | (509134 files, 20% size)
2026-06-01 19:36:58+00:00 | (509174 files, 20% size)
2026-06-01 19:37:08+00:00 | (509214 files, 20% size)
2026-06-01 19:37:18+00:00 | (509254 files, 20% size)
2026-06-01 19:37:28+00:00 | (509294 files, 20% size)
2026-06-01 19:37:38+00:00 | (509334 files, 20% size)
2026-06-01 19:37:48+00:00 | (509374 files, 20% size)
2026-06-01 19:37:58+00:00 | (509414 files, 20% size)
2026-06-01 19:38:08+00:00 | (509454 files, 20% size)
2026-06-01 19:38:18+00:00 | (509494 files, 20% size)
2026-06-01 19:38:28+00:00 | (509534 files, 20% size)
2026-06-01 19:38:38+00:00 | (509574 files, 20% size)
2026-06-01 19:38:48+00:00 | (509614 files, 20% size)
2026-06-01 19:38:58+00:00 | (509654 files, 20% size)
2026-06-01 19:39:08+00:00 | (509694 files, 20% size)
2026-06-01 19:39:18+00:00 | (509734 files, 20% size)
2026-06-01 19:39:28+00:00 | (509774 files, 20% size)
2026-06-01 19:39:38+00:00 | (509814 files, 20% size)
2026-06-01 19:39:48+00:00 | (509854 files, 20% size)
2026-06-01 19:39:58+00:00 | (509894 files, 20% size)
2026-06-01 19:40:08+00:00 | (509934 files, 20% size)
2026-06-01 19:40:18+00:00 | (509974 files, 20% size)
2026-06-01 19:40:28+00:00 | (510014 files, 20% size)
2026-06-01 19:40:38+00:00 | (510054 files, 20% size)
2026-06-01 19:40:48+00:00 | (510094 files, 20% size)
2026-06-01 19:40:58+00:00 | (510134 files, 20% size)
2026-06-01 19:41:08+00:00 | (510174 files, 20% size)
2026-06-01 19:41:18+00:00 | (510214 files, 20% size)
2026-06-01 19:41:28+00:00 | (510254 files, 20% size)
2026-06-01 19:41:38+00:00 | (510294 files, 20% size)
2026-06-01 19:41:48+00:00 | (510334 files, 20% size)
2026-06-01 19:41:58+00:00 | (510374 files, 20% size)
2026-06-01 19:42:08+00:00 | (510414 files, 20% size)
2026-06-01 19:42:18+00:00 | (510454 files, 20% size)
2026-06-01 19:42:28+00:00 | (510494 files, 20% size)
2026-06-01 19:42:38+00:00 | (510534 files, 20% size)
2026-06-01 19:42:48+00:00 | (510574 files, 20% size)
2026-06-01 19:42:58+00:00 | (510614 files, 20% size)
2026-06-01 19:43:08+00:00 | (510654 files, 20% size)
2026-06-01 19:43:18+00:00 | (510694 files, 20% size)
2026-06-01 19:43:28+00:00 | (510734 files, 20% size)
2026-06-01 19:43:38+00:00 | (510774 files, 20% size)
2026-06-01 19:43:48+00:00 | (510814 files, 20% size)
2026-06-01 19:43:58+00:00 | (510854 files, 20% size)
2026-06-01 19:44:08+00:00 | (510894 files, 20% size)
2026-06-01 19:44:18+00:00 | (510934 files, 20% size)
2026-06-01 19:44:28+00:00 | (510974 files, 20% size)
2026-06-01 19:44:38+00:00 | (511014 files, 20% size)
2026-06-01 19:44:48+00:00 | (511054 files, 20% size)
2026-06-01 19:44:58+00:00 | (511094 files, 20% size)
2026-06-01 19:45:08+00:00 | (511134 files, 20% size)
2026-06-01 19:45:18+00:00 | (511174 files, 20% size)
2026-06-01 19:45:28+00:00 | (511214 files, 20% size)
2026-06-01 19:45:38+00:00 | (511254 files, 20% size)
2026-06-01 19:45:48+00:00 | (511294 files, 20% size)
2026-06-01 19:45:58+00:00 | (511334 files, 20% size)
2026-06-01 19:46:08+00:00 | (511374 files, 20% size)
2026-06-01 19:46:18+00:00 | (511414 files, 20% size)
2026-06-01 19:46:28+00:00 | (511454 files, 20% size)
2026-06-01 19:46:38+00:00 | (511494 files, 20% size)
2026-06-01 19:46:48+00:00 | (511534 files, 20% size)
2026-06-01 19:46:58+00:00 | (511574 files, 20% size)
2026-06-01 19:47:08+00:00 | (511614 files, 20% size)
2026-06-01 19:47:18+00:00 | (511654 files, 20% size)
2026-06-01 19:47:28+00:00 | (511694 files, 20% size)
2026-06-01 19:47:38+00:00 | (511734 files, 20% size)
2026-06-01 19:47:48+00:00 | (511774 files, 20% size)
2026-06-01 19:47:58+00:00 | (511814 files, 20% size)
2026-06-01 19:48:08+00:00 | (511854 files, 20% size)
2026-06-01 19:48:18+00:00 | (511894 files, 20% size)
2026-06-01 19:48:28+00:00 | (511934 files, 20% size)
2026-06-01 19:48:38+00:00 | (511974 files, 20% size)
2026-06-01 19:48:48+00:00 | (512014 files, 20% size)
2026-06-01 19:48:58+00:00 | (512054 files, 20% size)
2026-06-01 19:49:08+00:00 | (512094 files, 20% size)
2026-06-01 19:49:18+00:00 | (512134 files, 20% size)
2026-06-01 19:49:28+00:00 | (512174 files, 20% size)
2026-06-01 19:49:38+00:00 | (512214 files, 20% size)
2026-06-01 19:49:48+00:00 | (512254 files, 20% size)
2026-06-01 19:49:58+00:00 | (512294 files, 20% size)
2026-06-01 19:50:08+00:00 | (512334 files, 20% size)
2026-06-01 19:50:18+00:00 | (512374 files, 20% size)
2026-06-01 19:50:28+00:00 | (512414 files, 20% size)
2026-06-01 19:50:38+00:00 | (512454 files, 20% size)
2026-06-01 19:50:48+00:00 | (512494 files, 20% size)
2026-06-01 19:50:58+00:00 | (512534 files, 20% size)
2026-06-01 19:51:08+00:00 | (512574 files, 20% size)
2026-06-01 19:51:18+00:00 | (512614 files, 20% size)
2026-06-01 19:51:28+00:00 | (512654 files, 20% size)
2026-06-01 19:51:38+00:00 | (512694 files, 20% size)
2026-06-01 19:51:48+00:00 | (512734 files, 20% size)
2026-06-01 19:51:58+00:00 | (512774 files, 20% size)
2026-06-01 19:52:08+00:00 | (512814 files, 20% size)
2026-06-01 19:52:18+00:00 | (512854 files, 20% size)
2026-06-01 19:52:28+00:00 | (512894 files, 20% size)
2026-06-01 19:52:38+00:00 | (512934 files, 20% size)
2026-06-01 19:52:48+00:00 | (512974 files, 20% size)
2026-06-01 19:52:58+00:00 | (513014 files, 20% size)
2026-06-01 19:53:08+00:00 | (513054 files, 20% size)
2026-06-01 19:53:18+00:00 | (513094 files, 20% size)
2026-06-01 19:53:28+00:00 | (513134 files, 20% size)
2026-06-01 19:53:38+00:00 | (513174 files, 20% size)
2026-06-01 19:53:48+00:00 | (513214 files, 20% size)
2026-06-01 19:53:58+00:00 | (513254 files, 20% size)
2026-06-01 19:54:08+00:00 | (513294 files, 20% size)
2026-06-01 19:54:18+00:00 | (513334 files, 20% size)
2026-06-01 19:54:28+00:00 | (513374 files, 20% size)
2026-06-01 19:54:38+00:00 | (513414 files, 20% size)
2026-06-01 19:54:48+00:00 | (513454 files, 20% size)
2026-06-01 19:54:58+00:00 | (513494 files, 20% size)
2026-06-01 19:55:08+00:00 | (513534 files, 20% size)
2026-06-01 19:55:18+00:00 | (513574 files, 20% size)
2026-06-01 19:55:28+00:00 | (513614 files, 20% size)
2026-06-01 19:55:38+00:00 | (513654 files, 20% size)
2026-06-01 19:55:48+00:00 | (513694 files, 20% size)
2026-06-01 19:55:58+00:00 | (513734 files, 20% size)
2026-06-01 19:56:08+00:00 | (513774 files, 20% size)
2026-06-01 19:56:18+00:00 | (513814 files, 20% size)
2026-06-01 19:56:28+00:00 | (513854 files, 20% size)
2026-06-01 19:56:38+00:00 | (513894 files, 20% size)
2026-06-01 19:56:48+00:00 | (513934 files, 20% size)
2026-06-01 19:56:58+00:00 | (513974 files, 20% size)
2026-06-01 19:57:08+00:00 | (514014 files, 20% size)
2026-06-01 19:57:18+00:00 | (514054 files, 20% size)
2026-06-01 19:57:28+00:00 | (514094 files, 20% size)
2026-06-01 19:57:38+00:00 | (514134 files, 20% size)
2026-06-01 19:57:48+00:00 | (514174 files, 20% size)
2026-06-01 19:57:58+00:00 | (514214 files, 20% size)
2026-06-01 19:58:08+00:00 | (514254 files, 20% size)
2026-06-01 19:58:18+00:00 | (514294 files, 20% size)
2026-06-01 19:58:28+00:00 | (514334 files, 20% size)
2026-06-01 19:58:38+00:00 | (514374 files, 20% size)
2026-06-01 19:58:48+00:00 | (514414 files, 20% size)
2026-06-01 19:58:58+00:00 | (514454 files, 20% size)
2026-06-01 19:59:08+00:00 | (514494 files, 20% size)
2026-06-01 19:59:18+00:00 | (514534 files, 20% size)
2026-06-01 19:59:28+00:00 | (514574 files, 20% size)
2026-06-01 19:59:38+00:00 | (514614 files, 20% size)
2026-06-01 19:59:48+00:00 | (514654 files, 20% size)
2026-06-01 19:59:58+00:00 | (514694 files, 20% size)
2026-06-01 20:00:08+00:00 | (514734 files, 20% size)
2026-06-01 20:00:18+00:00 | (514774 files, 20% size)
2026-06-01 20:00:28+00:00 | (514814 files, 20% size)
2026-06-01 20:00:38+00:00 | (514854 files, 20% size)
2026-06-01 20:00:48+00:00 | (514894 files, 20% size)
2026-06-01 20:00:58+00:00 | (514934 files, 20% size)
2026-06-01 20:01:08+00:00 | (514974 files, 20% size)
2026-06-01 20:01:18+00:00 | (515014 files, 20% size)
2026-06-01 20:01:28+00:00 | (515054 files, 20% size)
2026-06-01 20:01:38+00:00 | (515094 files, 20% size)
2026-06-01 20:01:48+00:00 | (515134 files, 20% size)
2026-06-01 20:01:58+00:00 | (515174 files, 20% size)
2026-06-01 20:02:08+00:00 | (515214 files, 20% size)
2026-06-01 20:02:18+00:00 | (515254 files, 20% size)
2026-06-01 20:02:28+00:00 | (515294 files, 20% size)
2026-06-01 20:02:38+00:00 | (515334 files, 20% size)
2026-06-01 20:02:48+00:00 | (515374 files, 20% size)
2026-06-01 20:02:58+00:00 | (515414 files, 20% size)
2026-06-01 20:03:08+00:00 | (515454 files, 20% size)
2026-06-01 20:03:18+00:00 | (515494 files, 20% size)
2026-06-01 20:03:28+00:00 | (515534 files, 20% size)
2026-06-01 20:03:38+00:00 | (515574 files, 20% size)
2026-06-01 20:03:48+00:00 | (515614 files, 20% size)
2026-06-01 20:03:58+00:00 | (515654 files, 20% size)
2026-06-01 20:04:08+00:00 | (515694 files, 20% size)
2026-06-01 20:04:18+00:00 | (515734 files, 20% size)
2026-06-01 20:04:28+00:00 | (515774 files, 20% size)
2026-06-01 20:04:38+00:00 | (515814 files, 20% size)
2026-06-01 20:04:48+00:00 | (515854 files, 20% size)
2026-06-01 20:04:58+00:00 | (515894 files, 20% size)
2026-06-01 20:05:08+00:00 | (515934 files, 20% size)
2026-06-01 20:05:18+00:00 | (515974 files, 20% size)
2026-06-01 20:05:28+00:00 | (516014 files, 20% size)
2026-06-01 20:05:38+00:00 | (516054 files, 20% size)
2026-06-01 20:05:48+00:00 | (516094 files, 20% size)
2026-06-01 20:05:58+00:00 | (516134 files, 20% size)
2026-06-01 20:06:08+00:00 | (516174 files, 20% size)
2026-06-01 20:06:18+00:00 | (516214 files, 20% size)
2026-06-01 20:06:28+00:00 | (516254 files, 20% size)
2026-06-01 20:06:38+00:00 | (516294 files, 20% size)
2026-06-01 20:06:48+00:00 | (516334 files, 20% size)
2026-06-01 20:06:58+00:00 | (516374 files, 20% size)
2026-06-01 20:07:08+00:00 | (516414 files, 20% size)
2026-06-01 20:07:18+00:00 | (516454 files, 20% size)
2026-06-01 20:07:28+00:00 | (516494 files, 20% size)
2026-06-01 20:07:38+00:00 | (516534 files, 20% size)
2026-06-01 20:07:48+00:00 | (516574 files, 20% size)
2026-06-01 20:07:58+00:00 | (516614 files, 20% size)
2026-06-01 20:08:08+00:00 | (516654 files, 20% size)
2026-06-01 20:08:18+00:00 | (516694 files, 20% size)
2026-06-01 20:08:28+00:00 | (516734 files, 20% size)
2026-06-01 20:08:38+00:00 | (516774 files, 20% size)
2026-06-01 20:08:48+00:00 | (516814 files, 20% size)
2026-06-01 20:08:58+00:00 | (516854 files, 20% size)
2026-06-01 20:09:08+00:00 | (516894 files, 20% size)
2026-06-01 20:09:18+00:00 | (516934 files, 20% size)
2026-06-01 20:09:28+00:00 | (516974 files, 20% size)
2026-06-01 20:09:38+00:00 | (517014 files, 20% size)
2026-06-01 20:09:48+00:00 | (517054 files, 20% size)
2026-06-01 20:09:58+00:00 | (517094 files, 20% size)
2026-06-01 20:10:08+00:00 | (517134 files, 20% size)
2026-06-01 20:10:18+00:00 | (517174 files, 20% size)
2026-06-01 20:10:28+00:00 | (517214 files, 20% size)
2026-06-01 20:10:38+00:00 | (517254 files, 20% size)
2026-06-01 20:10:48+00:00 | (517294 files, 20% size)
2026-06-01 20:10:58+00:00 | (517334 files, 20% size)
2026-06-01 20:11:08+00:00 | (517374 files, 20% size)
2026-06-01 20:11:18+00:00 | (517414 files, 20% size)
2026-06-01 20:11:28+00:00 | (517454 files, 20% size)
2026-06-01 20:11:38+00:00 | (517494 files, 20% size)
2026-06-01 20:11:48+00:00 | (517534 files, 20% size)
2026-06-01 20:11:58+00:00 | (517574 files, 20% size)
2026-06-01 20:12:08+00:00 | (517614 files, 20% size)
2026-06-01 20:12:18+00:00 | (517654 files, 20% size)
2026-06-01 20:12:28+00:00 | (517694 files, 20% size)
2026-06-01 20:12:38+00:00 | (517734 files, 20% size)
2026-06-01 20:12:48+00:00 | (517774 files, 20% size)
2026-06-01 20:12:58+00:00 | (517814 files, 20% size)
2026-06-01 20:13:08+00:00 | (517854 files, 20% size)
2026-06-01 20:13:18+00:00 | (517894 files, 20% size)
2026-06-01 20:13:28+00:00 | (517934 files, 20% size)
2026-06-01 20:13:38+00:00 | (517974 files, 20% size)
2026-06-01 20:13:48+00:00 | (518014 files, 20% size)
2026-06-01 20:13:58+00:00 | (518054 files, 20% size)
2026-06-01 20:14:08+00:00 | (518094 files, 20% size)
2026-06-01 20:14:18+00:00 | (518134 files, 20% size)
2026-06-01 20:14:28+00:00 | (518174 files, 20% size)
2026-06-01 20:14:38+00:00 | (518214 files, 20% size)
2026-06-01 20:14:48+00:00 | (518254 files, 20% size)
2026-06-01 20:14:58+00:00 | (518294 files, 20% size)
2026-06-01 20:15:08+00:00 | (518334 files, 20% size)
2026-06-01 20:15:18+00:00 | (518374 files, 20% size)
2026-06-01 20:15:28+00:00 | (518414 files, 20% size)
2026-06-01 20:15:38+00:00 | (518454 files, 20% size)
2026-06-01 20:15:48+00:00 | (518494 files, 20% size)
2026-06-01 20:15:58+00:00 | (518534 files, 20% size)
2026-06-01 20:16:08+00:00 | (518574 files, 20% size)
2026-06-01 20:16:18+00:00 | (518614 files, 20% size)
2026-06-01 20:16:28+00:00 | (518654 files, 20% size)
2026-06-01 20:16:38+00:00 | (518694 files, 20% size)
2026-06-01 20:16:48+00:00 | (518734 files, 20% size)
2026-06-01 20:16:58+00:00 | (518774 files, 20% size)
2026-06-01 20:17:08+00:00 | (518814 files, 20% size)
2026-06-01 20:17:18+00:00 | (518854 files, 20% size)
2026-06-01 20:17:28+00:00 | (518894 files, 20% size)
2026-06-01 20:17:38+00:00 | (518934 files, 20% size)
2026-06-01 20:17:48+00:00 | (518974 files, 20% size)
2026-06-01 20:17:58+00:00 | (519014 files, 20% size)
2026-06-01 20:18:08+00:00 | (519054 files, 20% size)
2026-06-01 20:18:18+00:00 | (519094 files, 20% size)
2026-06-01 20:18:28+00:00 | (519134 files, 20% size)
2026-06-01 20:18:38+00:00 | (519174 files, 20% size)
2026-06-01 20:18:48+00:00 | (519214 files, 20% size)
2026-06-01 20:18:58+00:00 | (519254 files, 20% size)
2026-06-01 20:19:08+00:00 | (519294 files, 20% size)
2026-06-01 20:19:18+00:00 | (519334 files, 20% size)
2026-06-01 20:19:28+00:00 | (519374 files, 20% size)
2026-06-01 20:19:38+00:00 | (519414 files, 20% size)
2026-06-01 20:19:48+00:00 | (519454 files, 20% size)
2026-06-01 20:19:58+00:00 | (519494 files, 20% size)
2026-06-01 20:20:08+00:00 | (519534 files, 20% size)
2026-06-01 20:20:18+00:00 | (519574 files, 20% size)
2026-06-01 20:20:28+00:00 | (519614 files, 20% size)
2026-06-01 20:20:38+00:00 | (519654 files, 20% size)
2026-06-01 20:20:48+00:00 | (519694 files, 20% size)
2026-06-01 20:20:58+00:00 | (519734 files, 20% size)
2026-06-01 20:21:08+00:00 | (519774 files, 20% size)
2026-06-01 20:21:18+00:00 | (519814 files, 20% size)
2026-06-01 20:21:28+00:00 | (519854 files, 20% size)
2026-06-01 20:21:38+00:00 | (519894 files, 20% size)
2026-06-01 20:21:48+00:00 | (519934 files, 20% size)
2026-06-01 20:21:58+00:00 | (519974 files, 20% size)
2026-06-01 20:22:08+00:00 | (520014 files, 20% size)
2026-06-01 20:22:18+00:00 | (520054 files, 20% size)
2026-06-01 20:22:28+00:00 | (520094 files, 20% size)
2026-06-01 20:22:38+00:00 | (520134 files, 20% size)
2026-06-01 20:22:48+00:00 | (520174 files, 20% size)
2026-06-01 20:22:58+00:00 | (520214 files, 20% size)
2026-06-01 20:23:08+00:00 | (520254 files, 20% size)
2026-06-01 20:23:18+00:00 | (520294 files, 20% size)
2026-06-01 20:23:28+00:00 | (520334 files, 20% size)
2026-06-01 20:23:38+00:00 | (520374 files, 20% size)
2026-06-01 20:23:48+00:00 | (520414 files, 20% size)
2026-06-01 20:23:58+00:00 | (520454 files, 20% size)
2026-06-01 20:24:08+00:00 | (520494 files, 20% size)
2026-06-01 20:24:18+00:00 | (520534 files, 20% size)
2026-06-01 20:24:28+00:00 | (520574 files, 20% size)
2026-06-01 20:24:38+00:00 | (520614 files, 20% size)
2026-06-01 20:24:48+00:00 | (520654 files, 20% size)
2026-06-01 20:24:58+00:00 | (520694 files, 20% size)
2026-06-01 20:25:08+00:00 | (520734 files, 20% size)
2026-06-01 20:25:18+00:00 | (520774 files, 20% size)
2026-06-01 20:25:28+00:00 | (520814 files, 20% size)
2026-06-01 20:25:38+00:00 | (520854 files, 20% size)
2026-06-01 20:25:48+00:00 | (520894 files, 20% size)
2026-06-01 20:25:58+00:00 | (520934 files, 20% size)
2026-06-01 20:26:08+00:00 | (520974 files, 20% size)
2026-06-01 20:26:18+00:00 | (521014 files, 20% size)
2026-06-01 20:26:28+00:00 | (521054 files, 20% size)
2026-06-01 20:26:38+00:00 | (521094 files, 20% size)
2026-06-01 20:26:48+00:00 | (521134 files, 20% size)
2026-06-01 20:26:58+00:00 | (521174 files, 20% size)
2026-06-01 20:27:08+00:00 | (521214 files, 20% size)
2026-06-01 20:27:18+00:00 | (521254 files, 20% size)
2026-06-01 20:27:28+00:00 | (521294 files, 20% size)
2026-06-01 20:27:38+00:00 | (521334 files, 20% size)
2026-06-01 20:27:48+00:00 | (521374 files, 20% size)
2026-06-01 20:27:58+00:00 | (521414 files, 20% size)
2026-06-01 20:28:08+00:00 | (521454 files, 20% size)
2026-06-01 20:28:18+00:00 | (521494 files, 20% size)
2026-06-01 20:28:28+00:00 | (521534 files, 20% size)
2026-06-01 20:28:38+00:00 | (521574 files, 20% size)
2026-06-01 20:28:48+00:00 | (521614 files, 20% size)
2026-06-01 20:28:58+00:00 | (521654 files, 20% size)
2026-06-01 20:29:08+00:00 | (521694 files, 20% size)
2026-06-01 20:29:18+00:00 | (521734 files, 20% size)
2026-06-01 20:29:28+00:00 | (521774 files, 20% size)
2026-06-01 20:29:38+00:00 | (521814 files, 20% size)
2026-06-01 20:29:48+00:00 | (521854 files, 20% size)
2026-06-01 20:29:58+00:00 | (521894 files, 20% size)
2026-06-01 20:30:08+00:00 | (521934 files, 20% size)
2026-06-01 20:30:18+00:00 | (521974 files, 20% size)
2026-06-01 20:30:28+00:00 | (522014 files, 20% size)
2026-06-01 20:30:38+00:00 | (522054 files, 20% size)
2026-06-01 20:30:48+00:00 | (522094 files, 20% size)
2026-06-01 20:30:58+00:00 | (522134 files, 20% size)
2026-06-01 20:31:08+00:00 | (522174 files, 20% size)
2026-06-01 20:31:18+00:00 | (522214 files, 20% size)
2026-06-01 20:31:28+00:00 | (522254 files, 20% size)
2026-06-01 20:31:38+00:00 | (522294 files, 20% size)
2026-06-01 20:31:48+00:00 | (522334 files, 20% size)
2026-06-01 20:31:58+00:00 | (522374 files, 20% size)
2026-06-01 20:32:08+00:00 | (522414 files, 20% size)
2026-06-01 20:32:18+00:00 | (522454 files, 20% size)
2026-06-01 20:32:28+00:00 | (522494 files, 20% size)
2026-06-01 20:32:38+00:00 | (522534 files, 20% size)
2026-06-01 20:32:48+00:00 | (522574 files, 20% size)
2026-06-01 20:32:58+00:00 | (522614 files, 20% size)
2026-06-01 20:33:08+00:00 | (522654 files, 20% size)
2026-06-01 20:33:18+00:00 | (522694 files, 20% size)
2026-06-01 20:33:28+00:00 | (522734 files, 20% size)
2026-06-01 20:33:38+00:00 | (522774 files, 20% size)
2026-06-01 20:33:48+00:00 | (522814 files, 20% size)
2026-06-01 20:33:58+00:00 | (522854 files, 20% size)
2026-06-01 20:34:08+00:00 | (522894 files, 20% size)
2026-06-01 20:34:18+00:00 | (522934 files, 20% size)
2026-06-01 20:34:28+00:00 | (522974 files, 20% size)
2026-06-01 20:34:38+00:00 | (523014 files, 20% size)
2026-06-01 20:34:48+00:00 | (523054 files, 20% size)
2026-06-01 20:34:58+00:00 | (523094 files, 20% size)
2026-06-01 20:35:08+00:00 | (523134 files, 20% size)
2026-06-01 20:35:18+00:00 | (523174 files, 20% size)
2026-06-01 20:35:28+00:00 | (523214 files, 20% size)
2026-06-01 20:35:38+00:00 | (523254 files, 20% size)
2026-06-01 20:35:48+00:00 | (523294 files, 20% size)
2026-06-01 20:35:58+00:00 | (523334 files, 20% size)
2026-06-01 20:36:08+00:00 | (523374 files, 20% size)
2026-06-01 20:36:18+00:00 | (523414 files, 20% size)
2026-06-01 20:36:28+00:00 | (523454 files, 20% size)
2026-06-01 20:36:38+00:00 | (523494 files, 20% size)
2026-06-01 20:36:48+00:00 | (523534 files, 20% size)
2026-06-01 20:36:58+00:00 | (523574 files, 20% size)
2026-06-01 20:37:08+00:00 | (523614 files, 20% size)
2026-06-01 20:37:18+00:00 | (523654 files, 20% size)
2026-06-01 20:37:28+00:00 | (523694 files, 20% size)
2026-06-01 20:37:38+00:00 | (523734 files, 20% size)
2026-06-01 20:37:48+00:00 | (523774 files, 20% size)
2026-06-01 20:37:58+00:00 | (523814 files, 20% size)
2026-06-01 20:38:08+00:00 | (523854 files, 20% size)
2026-06-01 20:38:18+00:00 | (523894 files, 20% size)
2026-06-01 20:38:28+00:00 | (523934 files, 20% size)
2026-06-01 20:38:38+00:00 | (523974 files, 20% size)
2026-06-01 20:38:48+00:00 | (524014 files, 20% size)
2026-06-01 20:38:58+00:00 | (524054 files, 21% size)
2026-06-01 20:39:08+00:00 | (524094 files, 21% size)
2026-06-01 20:39:18+00:00 | (524134 files, 21% size)
2026-06-01 20:39:28+00:00 | (524174 files, 21% size)
2026-06-01 20:39:38+00:00 | (524214 files, 21% size)
2026-06-01 20:39:48+00:00 | (524254 files, 21% size)
2026-06-01 20:39:58+00:00 | (524294 files, 21% size)
2026-06-01 20:40:08+00:00 | (524334 files, 21% size)
2026-06-01 20:40:18+00:00 | (524374 files, 21% size)
2026-06-01 20:40:28+00:00 | (524410 files, 21% size)
2026-06-01 20:40:38+00:00 | (524450 files, 21% size)
2026-06-01 20:40:48+00:00 | (524490 files, 21% size)
2026-06-01 20:40:58+00:00 | (524530 files, 21% size)
2026-06-01 20:41:08+00:00 | (524570 files, 21% size)
2026-06-01 20:41:18+00:00 | (524610 files, 21% size)
2026-06-01 20:41:28+00:00 | (524650 files, 21% size)
2026-06-01 20:41:38+00:00 | (524690 files, 21% size)
2026-06-01 20:41:48+00:00 | (524730 files, 21% size)
2026-06-01 20:41:58+00:00 | (524770 files, 21% size)
2026-06-01 20:42:08+00:00 | (524810 files, 21% size)
2026-06-01 20:42:18+00:00 | (524850 files, 21% size)
2026-06-01 20:42:28+00:00 | (524892 files, 21% size)
2026-06-01 20:42:38+00:00 | (524934 files, 21% size)
2026-06-01 20:42:48+00:00 | (524974 files, 21% size)
2026-06-01 20:42:58+00:00 | (525014 files, 21% size)
2026-06-01 20:43:08+00:00 | (525054 files, 21% size)
2026-06-01 20:43:18+00:00 | (525094 files, 21% size)
2026-06-01 20:43:28+00:00 | (525134 files, 21% size)
2026-06-01 20:43:38+00:00 | (525174 files, 21% size)
2026-06-01 20:43:48+00:00 | (525214 files, 21% size)
2026-06-01 20:43:58+00:00 | (525254 files, 21% size)
2026-06-01 20:44:08+00:00 | (525294 files, 21% size)
2026-06-01 20:44:18+00:00 | (525334 files, 21% size)
2026-06-01 20:44:28+00:00 | (525374 files, 21% size)
2026-06-01 20:44:38+00:00 | (525414 files, 21% size)
2026-06-01 20:44:48+00:00 | (525454 files, 21% size)
2026-06-01 20:44:58+00:00 | (525494 files, 21% size)
2026-06-01 20:45:08+00:00 | (525534 files, 21% size)
2026-06-01 20:45:18+00:00 | (525574 files, 21% size)
2026-06-01 20:45:28+00:00 | (525614 files, 21% size)
2026-06-01 20:45:38+00:00 | (525654 files, 21% size)
2026-06-01 20:45:48+00:00 | (525694 files, 21% size)
2026-06-01 20:45:58+00:00 | (525734 files, 21% size)
2026-06-01 20:46:08+00:00 | (525774 files, 21% size)
2026-06-01 20:46:18+00:00 | (525814 files, 21% size)
2026-06-01 20:46:28+00:00 | (525854 files, 21% size)
2026-06-01 20:46:38+00:00 | (525894 files, 21% size)
2026-06-01 20:46:48+00:00 | (525934 files, 21% size)
2026-06-01 20:46:58+00:00 | (525974 files, 21% size)
2026-06-01 20:47:08+00:00 | (526014 files, 21% size)
2026-06-01 20:47:18+00:00 | (526054 files, 21% size)
2026-06-01 20:47:28+00:00 | (526094 files, 21% size)
2026-06-01 20:47:38+00:00 | (526134 files, 21% size)
2026-06-01 20:47:48+00:00 | (526174 files, 21% size)
2026-06-01 20:47:58+00:00 | (526214 files, 21% size)
2026-06-01 20:48:08+00:00 | (526254 files, 21% size)
2026-06-01 20:48:18+00:00 | (526294 files, 21% size)
2026-06-01 20:48:28+00:00 | (526334 files, 21% size)
2026-06-01 20:48:38+00:00 | (526374 files, 21% size)
2026-06-01 20:48:48+00:00 | (526414 files, 21% size)
2026-06-01 20:48:58+00:00 | (526454 files, 21% size)
2026-06-01 20:49:08+00:00 | (526494 files, 21% size)
2026-06-01 20:49:18+00:00 | (526534 files, 21% size)
2026-06-01 20:49:28+00:00 | (526574 files, 21% size)
2026-06-01 20:49:38+00:00 | (526614 files, 21% size)
2026-06-01 20:49:48+00:00 | (526654 files, 21% size)
2026-06-01 20:49:58+00:00 | (526694 files, 21% size)
2026-06-01 20:50:08+00:00 | (526734 files, 21% size)
2026-06-01 20:50:18+00:00 | (526774 files, 21% size)
2026-06-01 20:50:28+00:00 | (526814 files, 21% size)
2026-06-01 20:50:38+00:00 | (526854 files, 21% size)
2026-06-01 20:50:48+00:00 | (526894 files, 21% size)
2026-06-01 20:50:58+00:00 | (526934 files, 21% size)
2026-06-01 20:51:08+00:00 | (526974 files, 21% size)
2026-06-01 20:51:18+00:00 | (527014 files, 21% size)
2026-06-01 20:51:28+00:00 | (527054 files, 21% size)
2026-06-01 20:51:38+00:00 | (527094 files, 21% size)
2026-06-01 20:51:48+00:00 | (527134 files, 21% size)
2026-06-01 20:51:58+00:00 | (527174 files, 21% size)
2026-06-01 20:52:08+00:00 | (527214 files, 21% size)
2026-06-01 20:52:18+00:00 | (527254 files, 21% size)
2026-06-01 20:52:28+00:00 | (527294 files, 21% size)
2026-06-01 20:52:38+00:00 | (527334 files, 21% size)
2026-06-01 20:52:48+00:00 | (527374 files, 21% size)
2026-06-01 20:52:58+00:00 | (527414 files, 21% size)
2026-06-01 20:53:08+00:00 | (527454 files, 21% size)
2026-06-01 20:53:18+00:00 | (527494 files, 21% size)
2026-06-01 20:53:28+00:00 | (527534 files, 21% size)
2026-06-01 20:53:38+00:00 | (527574 files, 21% size)
2026-06-01 20:53:48+00:00 | (527614 files, 21% size)
2026-06-01 20:53:58+00:00 | (527654 files, 21% size)
2026-06-01 20:54:08+00:00 | (527694 files, 21% size)
2026-06-01 20:54:18+00:00 | (527734 files, 21% size)
2026-06-01 20:54:28+00:00 | (527774 files, 21% size)
2026-06-01 20:54:38+00:00 | (527814 files, 21% size)
2026-06-01 20:54:48+00:00 | (527854 files, 21% size)
2026-06-01 20:54:58+00:00 | (527894 files, 21% size)
2026-06-01 20:55:08+00:00 | (527934 files, 21% size)
2026-06-01 20:55:18+00:00 | (527974 files, 21% size)
2026-06-01 20:55:28+00:00 | (528014 files, 21% size)
2026-06-01 20:55:38+00:00 | (528054 files, 21% size)
2026-06-01 20:55:48+00:00 | (528094 files, 21% size)
2026-06-01 20:55:58+00:00 | (528134 files, 21% size)
2026-06-01 20:56:08+00:00 | (528174 files, 21% size)
2026-06-01 20:56:18+00:00 | (528214 files, 21% size)
2026-06-01 20:56:28+00:00 | (528254 files, 21% size)
2026-06-01 20:56:38+00:00 | (528294 files, 21% size)
2026-06-01 20:56:48+00:00 | (528334 files, 21% size)
2026-06-01 20:56:58+00:00 | (528374 files, 21% size)
2026-06-01 20:57:08+00:00 | (528414 files, 21% size)
2026-06-01 20:57:18+00:00 | (528454 files, 21% size)
2026-06-01 20:57:28+00:00 | (528494 files, 21% size)
2026-06-01 20:57:38+00:00 | (528534 files, 21% size)
2026-06-01 20:57:48+00:00 | (528574 files, 21% size)
2026-06-01 20:57:58+00:00 | (528614 files, 21% size)
2026-06-01 20:58:08+00:00 | (528654 files, 21% size)
2026-06-01 20:58:18+00:00 | (528694 files, 21% size)
2026-06-01 20:58:28+00:00 | (528734 files, 21% size)
2026-06-01 20:58:38+00:00 | (528774 files, 21% size)
2026-06-01 20:58:48+00:00 | (528814 files, 21% size)
2026-06-01 20:58:58+00:00 | (528854 files, 21% size)
2026-06-01 20:59:08+00:00 | (528894 files, 21% size)
2026-06-01 20:59:18+00:00 | (528934 files, 21% size)
2026-06-01 20:59:28+00:00 | (528974 files, 21% size)
2026-06-01 20:59:38+00:00 | (529014 files, 21% size)
2026-06-01 20:59:48+00:00 | (529054 files, 21% size)
2026-06-01 20:59:58+00:00 | (529094 files, 21% size)
2026-06-01 21:00:08+00:00 | (529134 files, 21% size)
2026-06-01 21:00:18+00:00 | (529174 files, 21% size)
2026-06-01 21:00:28+00:00 | (529214 files, 21% size)
2026-06-01 21:00:38+00:00 | (529254 files, 21% size)
2026-06-01 21:00:48+00:00 | (529294 files, 21% size)
2026-06-01 21:00:58+00:00 | (529334 files, 21% size)
2026-06-01 21:01:08+00:00 | (529374 files, 21% size)
2026-06-01 21:01:18+00:00 | (529414 files, 21% size)
2026-06-01 21:01:28+00:00 | (529454 files, 21% size)
2026-06-01 21:01:38+00:00 | (529494 files, 21% size)
2026-06-01 21:01:48+00:00 | (529534 files, 21% size)
2026-06-01 21:01:58+00:00 | (529574 files, 21% size)
2026-06-01 21:02:08+00:00 | (529614 files, 21% size)
2026-06-01 21:02:18+00:00 | (529654 files, 21% size)
2026-06-01 21:02:28+00:00 | (529694 files, 21% size)
2026-06-01 21:02:38+00:00 | (529734 files, 21% size)
2026-06-01 21:02:48+00:00 | (529774 files, 21% size)
2026-06-01 21:02:58+00:00 | (529814 files, 21% size)
2026-06-01 21:03:08+00:00 | (529854 files, 21% size)
2026-06-01 21:03:18+00:00 | (529894 files, 21% size)
2026-06-01 21:03:28+00:00 | (529934 files, 21% size)
2026-06-01 21:03:38+00:00 | (529974 files, 21% size)
2026-06-01 21:03:48+00:00 | (530014 files, 21% size)
2026-06-01 21:03:58+00:00 | (530054 files, 21% size)
2026-06-01 21:04:08+00:00 | (530094 files, 21% size)
2026-06-01 21:04:18+00:00 | (530134 files, 21% size)
2026-06-01 21:04:28+00:00 | (530174 files, 21% size)
2026-06-01 21:04:38+00:00 | (530214 files, 21% size)
2026-06-01 21:04:48+00:00 | (530254 files, 21% size)
2026-06-01 21:04:58+00:00 | (530294 files, 21% size)
2026-06-01 21:05:08+00:00 | (530334 files, 21% size)
2026-06-01 21:05:18+00:00 | (530374 files, 21% size)
2026-06-01 21:05:28+00:00 | (530414 files, 21% size)
2026-06-01 21:05:38+00:00 | (530454 files, 21% size)
2026-06-01 21:05:48+00:00 | (530494 files, 21% size)
2026-06-01 21:05:58+00:00 | (530534 files, 21% size)
2026-06-01 21:06:08+00:00 | (530574 files, 21% size)
2026-06-01 21:06:18+00:00 | (530614 files, 21% size)
2026-06-01 21:06:28+00:00 | (530654 files, 21% size)
2026-06-01 21:06:38+00:00 | (530694 files, 21% size)
2026-06-01 21:06:48+00:00 | (530734 files, 21% size)
2026-06-01 21:06:58+00:00 | (530774 files, 21% size)
2026-06-01 21:07:08+00:00 | (530814 files, 21% size)
2026-06-01 21:07:18+00:00 | (530854 files, 21% size)
2026-06-01 21:07:28+00:00 | (530894 files, 21% size)
2026-06-01 21:07:38+00:00 | (530934 files, 21% size)
2026-06-01 21:07:48+00:00 | (530974 files, 21% size)
2026-06-01 21:07:58+00:00 | (531014 files, 21% size)
2026-06-01 21:08:08+00:00 | (531054 files, 21% size)
2026-06-01 21:08:18+00:00 | (531094 files, 21% size)
2026-06-01 21:08:28+00:00 | (531134 files, 21% size)
2026-06-01 21:08:38+00:00 | (531174 files, 21% size)
2026-06-01 21:08:48+00:00 | (531214 files, 21% size)
2026-06-01 21:08:58+00:00 | (531254 files, 21% size)
2026-06-01 21:09:08+00:00 | (531294 files, 21% size)
2026-06-01 21:09:18+00:00 | (531334 files, 21% size)
2026-06-01 21:09:28+00:00 | (531374 files, 21% size)
2026-06-01 21:09:38+00:00 | (531414 files, 21% size)
2026-06-01 21:09:48+00:00 | (531454 files, 21% size)
2026-06-01 21:09:58+00:00 | (531494 files, 21% size)
2026-06-01 21:10:08+00:00 | (531534 files, 21% size)
2026-06-01 21:10:18+00:00 | (531574 files, 21% size)
2026-06-01 21:10:28+00:00 | (531614 files, 21% size)
2026-06-01 21:10:38+00:00 | (531654 files, 21% size)
2026-06-01 21:10:48+00:00 | (531694 files, 21% size)
2026-06-01 21:10:58+00:00 | (531734 files, 21% size)
2026-06-01 21:11:08+00:00 | (531774 files, 21% size)
2026-06-01 21:11:18+00:00 | (531814 files, 21% size)
2026-06-01 21:11:28+00:00 | (531854 files, 21% size)
2026-06-01 21:11:38+00:00 | (531894 files, 21% size)
2026-06-01 21:11:48+00:00 | (531934 files, 21% size)
2026-06-01 21:11:58+00:00 | (531974 files, 21% size)
2026-06-01 21:12:08+00:00 | (532014 files, 21% size)
2026-06-01 21:12:18+00:00 | (532054 files, 21% size)
2026-06-01 21:12:28+00:00 | (532094 files, 21% size)
2026-06-01 21:12:38+00:00 | (532134 files, 21% size)
2026-06-01 21:12:48+00:00 | (532174 files, 21% size)
2026-06-01 21:12:58+00:00 | (532214 files, 21% size)
2026-06-01 21:13:08+00:00 | (532254 files, 21% size)
2026-06-01 21:13:18+00:00 | (532294 files, 21% size)
2026-06-01 21:13:28+00:00 | (532334 files, 21% size)
2026-06-01 21:13:38+00:00 | (532374 files, 21% size)
2026-06-01 21:13:48+00:00 | (532414 files, 21% size)
2026-06-01 21:13:58+00:00 | (532454 files, 21% size)
2026-06-01 21:14:08+00:00 | (532494 files, 21% size)
2026-06-01 21:14:18+00:00 | (532534 files, 21% size)
2026-06-01 21:14:28+00:00 | (532574 files, 21% size)
2026-06-01 21:14:38+00:00 | (532614 files, 21% size)
2026-06-01 21:14:48+00:00 | (532654 files, 21% size)
2026-06-01 21:14:58+00:00 | (532694 files, 21% size)
2026-06-01 21:15:08+00:00 | (532734 files, 21% size)
2026-06-01 21:15:18+00:00 | (532774 files, 21% size)
2026-06-01 21:15:28+00:00 | (532814 files, 21% size)
2026-06-01 21:15:38+00:00 | (532854 files, 21% size)
2026-06-01 21:15:48+00:00 | (532894 files, 21% size)
2026-06-01 21:15:58+00:00 | (532934 files, 21% size)
2026-06-01 21:16:08+00:00 | (532974 files, 21% size)
2026-06-01 21:16:18+00:00 | (533014 files, 21% size)
2026-06-01 21:16:28+00:00 | (533054 files, 21% size)
2026-06-01 21:16:38+00:00 | (533094 files, 21% size)
2026-06-01 21:16:48+00:00 | (533134 files, 21% size)
2026-06-01 21:16:58+00:00 | (533174 files, 21% size)
2026-06-01 21:17:08+00:00 | (533214 files, 21% size)
2026-06-01 21:17:18+00:00 | (533254 files, 21% size)
2026-06-01 21:17:28+00:00 | (533294 files, 21% size)
2026-06-01 21:17:38+00:00 | (533334 files, 21% size)
2026-06-01 21:17:48+00:00 | (533374 files, 21% size)
2026-06-01 21:17:58+00:00 | (533414 files, 21% size)
2026-06-01 21:18:08+00:00 | (533454 files, 21% size)
2026-06-01 21:18:18+00:00 | (533494 files, 21% size)
2026-06-01 21:18:28+00:00 | (533534 files, 21% size)
2026-06-01 21:18:38+00:00 | (533574 files, 21% size)
2026-06-01 21:18:48+00:00 | (533614 files, 21% size)
2026-06-01 21:18:58+00:00 | (533654 files, 21% size)
2026-06-01 21:19:08+00:00 | (533694 files, 21% size)
2026-06-01 21:19:18+00:00 | (533734 files, 21% size)
2026-06-01 21:19:28+00:00 | (533774 files, 21% size)
2026-06-01 21:19:38+00:00 | (533814 files, 21% size)
2026-06-01 21:19:48+00:00 | (533854 files, 21% size)
2026-06-01 21:19:58+00:00 | (533894 files, 21% size)
2026-06-01 21:20:08+00:00 | (533934 files, 21% size)
2026-06-01 21:20:18+00:00 | (533974 files, 21% size)
2026-06-01 21:20:28+00:00 | (534014 files, 21% size)
2026-06-01 21:20:38+00:00 | (534054 files, 21% size)
2026-06-01 21:20:48+00:00 | (534094 files, 21% size)
2026-06-01 21:20:58+00:00 | (534134 files, 21% size)
2026-06-01 21:21:08+00:00 | (534174 files, 21% size)
2026-06-01 21:21:18+00:00 | (534214 files, 21% size)
2026-06-01 21:21:28+00:00 | (534254 files, 21% size)
2026-06-01 21:21:38+00:00 | (534294 files, 21% size)
2026-06-01 21:21:48+00:00 | (534334 files, 21% size)
2026-06-01 21:21:58+00:00 | (534374 files, 21% size)
2026-06-01 21:22:08+00:00 | (534414 files, 21% size)
2026-06-01 21:22:18+00:00 | (534454 files, 21% size)
2026-06-01 21:22:28+00:00 | (534494 files, 21% size)
2026-06-01 21:22:38+00:00 | (534534 files, 21% size)
2026-06-01 21:22:48+00:00 | (534574 files, 21% size)
2026-06-01 21:22:58+00:00 | (534614 files, 21% size)
2026-06-01 21:23:08+00:00 | (534654 files, 21% size)
2026-06-01 21:23:18+00:00 | (534694 files, 21% size)
2026-06-01 21:23:28+00:00 | (534734 files, 21% size)
2026-06-01 21:23:38+00:00 | (534774 files, 21% size)
2026-06-01 21:23:48+00:00 | (534814 files, 21% size)
2026-06-01 21:23:58+00:00 | (534854 files, 21% size)
2026-06-01 21:24:08+00:00 | (534894 files, 21% size)
2026-06-01 21:24:18+00:00 | (534934 files, 21% size)
2026-06-01 21:24:28+00:00 | (534974 files, 21% size)
2026-06-01 21:24:38+00:00 | (535014 files, 21% size)
2026-06-01 21:24:48+00:00 | (535054 files, 21% size)
2026-06-01 21:24:58+00:00 | (535094 files, 21% size)
2026-06-01 21:25:08+00:00 | (535134 files, 21% size)
2026-06-01 21:25:18+00:00 | (535174 files, 21% size)
2026-06-01 21:25:28+00:00 | (535213 files, 21% size)
2026-06-01 21:25:38+00:00 | (535254 files, 21% size)
2026-06-01 21:25:48+00:00 | (535294 files, 21% size)
2026-06-01 21:25:58+00:00 | (535334 files, 21% size)
2026-06-01 21:26:08+00:00 | (535374 files, 21% size)
2026-06-01 21:26:18+00:00 | (535414 files, 21% size)
2026-06-01 21:26:28+00:00 | (535454 files, 21% size)
2026-06-01 21:26:38+00:00 | (535494 files, 21% size)
2026-06-01 21:26:48+00:00 | (535534 files, 21% size)
2026-06-01 21:26:58+00:00 | (535574 files, 21% size)
2026-06-01 21:27:08+00:00 | (535614 files, 21% size)
2026-06-01 21:27:18+00:00 | (535654 files, 21% size)
2026-06-01 21:27:28+00:00 | (535694 files, 21% size)
2026-06-01 21:27:38+00:00 | (535734 files, 21% size)
2026-06-01 21:27:48+00:00 | (535774 files, 21% size)
2026-06-01 21:27:58+00:00 | (535814 files, 21% size)
2026-06-01 21:28:08+00:00 | (535854 files, 21% size)
2026-06-01 21:28:18+00:00 | (535894 files, 21% size)
2026-06-01 21:28:28+00:00 | (535934 files, 21% size)
2026-06-01 21:28:38+00:00 | (535974 files, 21% size)
2026-06-01 21:28:48+00:00 | (536014 files, 21% size)
2026-06-01 21:28:58+00:00 | (536054 files, 21% size)
2026-06-01 21:29:08+00:00 | (536094 files, 21% size)
2026-06-01 21:29:18+00:00 | (536134 files, 21% size)
2026-06-01 21:29:28+00:00 | (536174 files, 21% size)
2026-06-01 21:29:38+00:00 | (536214 files, 21% size)
2026-06-01 21:29:48+00:00 | (536254 files, 21% size)
2026-06-01 21:29:58+00:00 | (536294 files, 21% size)
2026-06-01 21:30:08+00:00 | (536334 files, 21% size)
2026-06-01 21:30:18+00:00 | (536374 files, 21% size)
2026-06-01 21:30:28+00:00 | (536414 files, 21% size)
2026-06-01 21:30:38+00:00 | (536454 files, 21% size)
2026-06-01 21:30:48+00:00 | (536494 files, 21% size)
2026-06-01 21:30:58+00:00 | (536534 files, 21% size)
2026-06-01 21:31:08+00:00 | (536574 files, 21% size)
2026-06-01 21:31:18+00:00 | (536614 files, 21% size)
2026-06-01 21:31:28+00:00 | (536654 files, 21% size)
2026-06-01 21:31:38+00:00 | (536694 files, 21% size)
2026-06-01 21:31:48+00:00 | (536734 files, 21% size)
2026-06-01 21:31:58+00:00 | (536774 files, 21% size)
2026-06-01 21:32:08+00:00 | (536814 files, 21% size)
2026-06-01 21:32:18+00:00 | (536854 files, 21% size)
2026-06-01 21:32:28+00:00 | (536894 files, 21% size)
2026-06-01 21:32:38+00:00 | (536934 files, 21% size)
2026-06-01 21:32:48+00:00 | (536974 files, 21% size)
2026-06-01 21:32:58+00:00 | (537014 files, 21% size)
2026-06-01 21:33:08+00:00 | (537054 files, 21% size)
2026-06-01 21:33:18+00:00 | (537094 files, 21% size)
2026-06-01 21:33:28+00:00 | (537134 files, 21% size)
2026-06-01 21:33:38+00:00 | (537174 files, 21% size)
2026-06-01 21:33:48+00:00 | (537214 files, 21% size)
2026-06-01 21:33:58+00:00 | (537254 files, 21% size)
2026-06-01 21:34:08+00:00 | (537294 files, 21% size)
2026-06-01 21:34:18+00:00 | (537334 files, 21% size)
2026-06-01 21:34:28+00:00 | (537374 files, 21% size)
2026-06-01 21:34:38+00:00 | (537414 files, 21% size)
2026-06-01 21:34:48+00:00 | (537454 files, 21% size)
2026-06-01 21:34:58+00:00 | (537494 files, 21% size)
2026-06-01 21:35:08+00:00 | (537534 files, 21% size)
2026-06-01 21:35:18+00:00 | (537574 files, 21% size)
2026-06-01 21:35:28+00:00 | (537614 files, 21% size)
2026-06-01 21:35:38+00:00 | (537654 files, 21% size)
2026-06-01 21:35:48+00:00 | (537694 files, 21% size)
2026-06-01 21:35:58+00:00 | (537734 files, 21% size)
2026-06-01 21:36:08+00:00 | (537774 files, 21% size)
2026-06-01 21:36:18+00:00 | (537814 files, 21% size)
2026-06-01 21:36:28+00:00 | (537854 files, 21% size)
2026-06-01 21:36:38+00:00 | (537894 files, 21% size)
2026-06-01 21:36:48+00:00 | (537934 files, 21% size)
2026-06-01 21:36:58+00:00 | (537974 files, 21% size)
2026-06-01 21:37:08+00:00 | (538014 files, 21% size)
2026-06-01 21:37:18+00:00 | (538054 files, 21% size)
2026-06-01 21:37:28+00:00 | (538094 files, 21% size)
2026-06-01 21:37:38+00:00 | (538134 files, 21% size)
2026-06-01 21:37:48+00:00 | (538174 files, 21% size)
2026-06-01 21:37:58+00:00 | (538214 files, 21% size)
2026-06-01 21:38:08+00:00 | (538254 files, 21% size)
2026-06-01 21:38:18+00:00 | (538294 files, 21% size)
2026-06-01 21:38:28+00:00 | (538334 files, 21% size)
2026-06-01 21:38:38+00:00 | (538374 files, 21% size)
2026-06-01 21:38:48+00:00 | (538414 files, 21% size)
2026-06-01 21:38:58+00:00 | (538454 files, 21% size)
2026-06-01 21:39:08+00:00 | (538494 files, 21% size)
2026-06-01 21:39:18+00:00 | (538534 files, 21% size)
2026-06-01 21:39:28+00:00 | (538574 files, 21% size)
2026-06-01 21:39:38+00:00 | (538614 files, 21% size)
2026-06-01 21:39:48+00:00 | (538654 files, 21% size)
2026-06-01 21:39:58+00:00 | (538694 files, 21% size)
2026-06-01 21:40:08+00:00 | (538734 files, 21% size)
2026-06-01 21:40:18+00:00 | (538774 files, 21% size)
2026-06-01 21:40:28+00:00 | (538814 files, 21% size)
2026-06-01 21:40:38+00:00 | (538854 files, 21% size)
2026-06-01 21:40:48+00:00 | (538894 files, 21% size)
2026-06-01 21:40:58+00:00 | (538934 files, 21% size)
2026-06-01 21:41:08+00:00 | (538974 files, 21% size)
2026-06-01 21:41:18+00:00 | (539014 files, 21% size)
2026-06-01 21:41:28+00:00 | (539054 files, 21% size)
2026-06-01 21:41:38+00:00 | (539094 files, 21% size)
2026-06-01 21:41:48+00:00 | (539134 files, 21% size)
2026-06-01 21:41:58+00:00 | (539174 files, 21% size)
2026-06-01 21:42:08+00:00 | (539214 files, 21% size)
2026-06-01 21:42:18+00:00 | (539254 files, 21% size)
2026-06-01 21:42:28+00:00 | (539294 files, 21% size)
2026-06-01 21:42:38+00:00 | (539334 files, 21% size)
2026-06-01 21:42:48+00:00 | (539374 files, 21% size)
2026-06-01 21:42:58+00:00 | (539414 files, 21% size)
2026-06-01 21:43:08+00:00 | (539454 files, 21% size)
2026-06-01 21:43:18+00:00 | (539494 files, 21% size)
2026-06-01 21:43:28+00:00 | (539534 files, 21% size)
2026-06-01 21:43:38+00:00 | (539574 files, 21% size)
2026-06-01 21:43:48+00:00 | (539614 files, 21% size)
2026-06-01 21:43:58+00:00 | (539654 files, 21% size)
2026-06-01 21:44:08+00:00 | (539694 files, 21% size)
2026-06-01 21:44:18+00:00 | (539734 files, 21% size)
2026-06-01 21:44:28+00:00 | (539774 files, 21% size)
2026-06-01 21:44:38+00:00 | (539814 files, 21% size)
2026-06-01 21:44:48+00:00 | (539854 files, 21% size)
2026-06-01 21:44:58+00:00 | (539894 files, 21% size)
2026-06-01 21:45:08+00:00 | (539934 files, 21% size)
2026-06-01 21:45:18+00:00 | (539974 files, 21% size)
2026-06-01 21:45:28+00:00 | (540014 files, 21% size)
2026-06-01 21:45:38+00:00 | (540054 files, 21% size)
2026-06-01 21:45:48+00:00 | (540094 files, 21% size)
2026-06-01 21:45:58+00:00 | (540134 files, 21% size)
2026-06-01 21:46:08+00:00 | (540174 files, 21% size)
2026-06-01 21:46:18+00:00 | (540214 files, 21% size)
2026-06-01 21:46:28+00:00 | (540254 files, 21% size)
2026-06-01 21:46:38+00:00 | (540294 files, 21% size)
2026-06-01 21:46:48+00:00 | (540334 files, 21% size)
2026-06-01 21:46:58+00:00 | (540374 files, 21% size)
2026-06-01 21:47:08+00:00 | (540414 files, 21% size)
2026-06-01 21:47:18+00:00 | (540454 files, 21% size)
2026-06-01 21:47:28+00:00 | (540494 files, 21% size)
2026-06-01 21:47:38+00:00 | (540534 files, 21% size)
2026-06-01 21:47:48+00:00 | (540574 files, 21% size)
2026-06-01 21:47:58+00:00 | (540614 files, 21% size)
2026-06-01 21:48:08+00:00 | (540654 files, 21% size)
2026-06-01 21:48:18+00:00 | (540694 files, 21% size)
2026-06-01 21:48:28+00:00 | (540734 files, 21% size)
2026-06-01 21:48:38+00:00 | (540774 files, 21% size)
2026-06-01 21:48:48+00:00 | (540814 files, 21% size)
2026-06-01 21:48:58+00:00 | (540854 files, 21% size)
2026-06-01 21:49:08+00:00 | (540894 files, 21% size)
2026-06-01 21:49:18+00:00 | (540934 files, 21% size)
2026-06-01 21:49:28+00:00 | (540974 files, 21% size)
2026-06-01 21:49:38+00:00 | (541014 files, 21% size)
2026-06-01 21:49:48+00:00 | (541054 files, 21% size)
2026-06-01 21:49:58+00:00 | (541094 files, 21% size)
2026-06-01 21:50:08+00:00 | (541134 files, 21% size)
2026-06-01 21:50:18+00:00 | (541174 files, 21% size)
2026-06-01 21:50:28+00:00 | (541214 files, 21% size)
2026-06-01 21:50:38+00:00 | (541254 files, 21% size)
2026-06-01 21:50:48+00:00 | (541294 files, 21% size)
2026-06-01 21:50:58+00:00 | (541334 files, 21% size)
2026-06-01 21:51:08+00:00 | (541374 files, 21% size)
2026-06-01 21:51:18+00:00 | (541414 files, 21% size)
2026-06-01 21:51:28+00:00 | (541454 files, 21% size)
2026-06-01 21:51:38+00:00 | (541494 files, 21% size)
2026-06-01 21:51:48+00:00 | (541534 files, 21% size)
2026-06-01 21:51:58+00:00 | (541574 files, 21% size)
2026-06-01 21:52:08+00:00 | (541614 files, 21% size)
2026-06-01 21:52:18+00:00 | (541654 files, 21% size)
2026-06-01 21:52:28+00:00 | (541694 files, 21% size)
2026-06-01 21:52:38+00:00 | (541734 files, 21% size)
2026-06-01 21:52:48+00:00 | (541774 files, 21% size)
2026-06-01 21:52:58+00:00 | (541814 files, 21% size)
2026-06-01 21:53:08+00:00 | (541854 files, 21% size)
2026-06-01 21:53:18+00:00 | (541894 files, 21% size)
2026-06-01 21:53:28+00:00 | (541934 files, 21% size)
2026-06-01 21:53:38+00:00 | (541974 files, 21% size)
2026-06-01 21:53:48+00:00 | (542014 files, 21% size)
2026-06-01 21:53:58+00:00 | (542054 files, 21% size)
2026-06-01 21:54:08+00:00 | (542094 files, 21% size)
2026-06-01 21:54:18+00:00 | (542134 files, 21% size)
2026-06-01 21:54:28+00:00 | (542174 files, 21% size)
2026-06-01 21:54:38+00:00 | (542214 files, 21% size)
2026-06-01 21:54:48+00:00 | (542254 files, 21% size)
2026-06-01 21:54:58+00:00 | (542294 files, 21% size)
2026-06-01 21:55:08+00:00 | (542334 files, 21% size)
2026-06-01 21:55:18+00:00 | (542374 files, 21% size)
2026-06-01 21:55:28+00:00 | (542414 files, 21% size)
2026-06-01 21:55:38+00:00 | (542454 files, 21% size)
2026-06-01 21:55:48+00:00 | (542494 files, 21% size)
2026-06-01 21:55:58+00:00 | (542534 files, 21% size)
2026-06-01 21:56:08+00:00 | (542574 files, 21% size)
2026-06-01 21:56:18+00:00 | (542614 files, 21% size)
2026-06-01 21:56:28+00:00 | (542654 files, 21% size)
2026-06-01 21:56:38+00:00 | (542694 files, 21% size)
2026-06-01 21:56:48+00:00 | (542734 files, 21% size)
2026-06-01 21:56:58+00:00 | (542774 files, 21% size)
2026-06-01 21:57:08+00:00 | (542814 files, 21% size)
2026-06-01 21:57:18+00:00 | (542854 files, 21% size)
2026-06-01 21:57:28+00:00 | (542894 files, 21% size)
2026-06-01 21:57:38+00:00 | (542934 files, 21% size)
2026-06-01 21:57:48+00:00 | (542974 files, 21% size)
2026-06-01 21:57:58+00:00 | (543014 files, 21% size)
2026-06-01 21:58:08+00:00 | (543054 files, 21% size)
2026-06-01 21:58:18+00:00 | (543094 files, 21% size)
2026-06-01 21:58:28+00:00 | (543134 files, 21% size)
2026-06-01 21:58:38+00:00 | (543174 files, 21% size)
2026-06-01 21:58:48+00:00 | (543214 files, 21% size)
2026-06-01 21:58:58+00:00 | (543254 files, 21% size)
2026-06-01 21:59:08+00:00 | (543294 files, 21% size)
2026-06-01 21:59:18+00:00 | (543334 files, 21% size)
2026-06-01 21:59:28+00:00 | (543374 files, 21% size)
2026-06-01 21:59:38+00:00 | (543414 files, 21% size)
2026-06-01 21:59:48+00:00 | (543454 files, 21% size)
2026-06-01 21:59:58+00:00 | (543494 files, 21% size)
2026-06-01 22:00:08+00:00 | (543534 files, 21% size)
2026-06-01 22:00:18+00:00 | (543574 files, 21% size)
2026-06-01 22:00:28+00:00 | (543614 files, 21% size)
2026-06-01 22:00:38+00:00 | (543654 files, 21% size)
2026-06-01 22:00:48+00:00 | (543694 files, 21% size)
2026-06-01 22:00:58+00:00 | (543734 files, 21% size)
2026-06-01 22:01:08+00:00 | (543774 files, 21% size)
2026-06-01 22:01:18+00:00 | (543814 files, 21% size)
2026-06-01 22:01:28+00:00 | (543854 files, 21% size)
2026-06-01 22:01:38+00:00 | (543894 files, 21% size)
2026-06-01 22:01:48+00:00 | (543934 files, 21% size)
2026-06-01 22:01:58+00:00 | (543974 files, 21% size)
2026-06-01 22:02:08+00:00 | (544014 files, 21% size)
2026-06-01 22:02:18+00:00 | (544054 files, 21% size)
2026-06-01 22:02:28+00:00 | (544094 files, 21% size)
2026-06-01 22:02:38+00:00 | (544134 files, 21% size)
2026-06-01 22:02:48+00:00 | (544174 files, 21% size)
2026-06-01 22:02:58+00:00 | (544214 files, 21% size)
2026-06-01 22:03:08+00:00 | (544254 files, 21% size)
2026-06-01 22:03:18+00:00 | (544294 files, 21% size)
2026-06-01 22:03:28+00:00 | (544334 files, 21% size)
2026-06-01 22:03:38+00:00 | (544374 files, 21% size)
2026-06-01 22:03:48+00:00 | (544414 files, 21% size)
2026-06-01 22:03:58+00:00 | (544454 files, 21% size)
2026-06-01 22:04:08+00:00 | (544494 files, 21% size)
2026-06-01 22:04:18+00:00 | (544534 files, 21% size)
2026-06-01 22:04:28+00:00 | (544574 files, 21% size)
2026-06-01 22:04:38+00:00 | (544614 files, 21% size)
2026-06-01 22:04:48+00:00 | (544654 files, 21% size)
2026-06-01 22:04:58+00:00 | (544694 files, 21% size)
2026-06-01 22:05:08+00:00 | (544734 files, 21% size)
2026-06-01 22:05:18+00:00 | (544774 files, 21% size)
2026-06-01 22:05:28+00:00 | (544814 files, 21% size)
2026-06-01 22:05:38+00:00 | (544854 files, 21% size)
2026-06-01 22:05:48+00:00 | (544894 files, 21% size)
2026-06-01 22:05:58+00:00 | (544934 files, 21% size)
2026-06-01 22:06:08+00:00 | (544974 files, 21% size)
2026-06-01 22:06:18+00:00 | (545014 files, 21% size)
2026-06-01 22:06:28+00:00 | (545054 files, 21% size)
2026-06-01 22:06:38+00:00 | (545094 files, 21% size)
2026-06-01 22:06:48+00:00 | (545134 files, 21% size)
2026-06-01 22:06:58+00:00 | (545174 files, 21% size)
2026-06-01 22:07:08+00:00 | (545214 files, 21% size)
2026-06-01 22:07:18+00:00 | (545254 files, 21% size)
2026-06-01 22:07:28+00:00 | (545294 files, 21% size)
2026-06-01 22:07:38+00:00 | (545334 files, 21% size)
2026-06-01 22:07:48+00:00 | (545374 files, 21% size)
2026-06-01 22:07:58+00:00 | (545414 files, 21% size)
2026-06-01 22:08:08+00:00 | (545454 files, 21% size)
2026-06-01 22:08:18+00:00 | (545494 files, 21% size)
2026-06-01 22:08:28+00:00 | (545534 files, 21% size)
2026-06-01 22:08:38+00:00 | (545574 files, 21% size)
2026-06-01 22:08:48+00:00 | (545614 files, 21% size)
2026-06-01 22:08:58+00:00 | (545654 files, 21% size)
2026-06-01 22:09:08+00:00 | (545694 files, 21% size)
2026-06-01 22:09:18+00:00 | (545734 files, 21% size)
2026-06-01 22:09:28+00:00 | (545774 files, 21% size)
2026-06-01 22:09:38+00:00 | (545814 files, 21% size)
2026-06-01 22:09:48+00:00 | (545854 files, 21% size)
2026-06-01 22:09:58+00:00 | (545894 files, 21% size)
2026-06-01 22:10:08+00:00 | (545934 files, 21% size)
2026-06-01 22:10:18+00:00 | (545974 files, 21% size)
2026-06-01 22:10:28+00:00 | (546014 files, 21% size)
2026-06-01 22:10:38+00:00 | (546054 files, 21% size)
2026-06-01 22:10:48+00:00 | (546094 files, 21% size)
2026-06-01 22:10:58+00:00 | (546134 files, 21% size)
2026-06-01 22:11:08+00:00 | (546174 files, 21% size)
2026-06-01 22:11:18+00:00 | (546214 files, 21% size)
2026-06-01 22:11:28+00:00 | (546254 files, 21% size)
2026-06-01 22:11:38+00:00 | (546294 files, 21% size)
2026-06-01 22:11:48+00:00 | (546334 files, 21% size)
2026-06-01 22:11:58+00:00 | (546374 files, 21% size)
2026-06-01 22:12:08+00:00 | (546414 files, 21% size)
2026-06-01 22:12:18+00:00 | (546454 files, 21% size)
2026-06-01 22:12:28+00:00 | (546494 files, 21% size)
2026-06-01 22:12:38+00:00 | (546534 files, 21% size)
2026-06-01 22:12:48+00:00 | (546574 files, 21% size)
2026-06-01 22:12:58+00:00 | (546614 files, 21% size)
2026-06-01 22:13:08+00:00 | (546654 files, 21% size)
2026-06-01 22:13:18+00:00 | (546694 files, 21% size)
2026-06-01 22:13:28+00:00 | (546734 files, 21% size)
2026-06-01 22:13:38+00:00 | (546774 files, 21% size)
2026-06-01 22:13:48+00:00 | (546814 files, 21% size)
2026-06-01 22:13:58+00:00 | (546854 files, 21% size)
2026-06-01 22:14:08+00:00 | (546894 files, 21% size)
2026-06-01 22:14:18+00:00 | (546934 files, 21% size)
2026-06-01 22:14:28+00:00 | (546974 files, 21% size)
2026-06-01 22:14:38+00:00 | (547014 files, 21% size)
2026-06-01 22:14:48+00:00 | (547054 files, 21% size)
2026-06-01 22:14:58+00:00 | (547094 files, 21% size)
2026-06-01 22:15:08+00:00 | (547134 files, 21% size)
2026-06-01 22:15:18+00:00 | (547174 files, 21% size)
2026-06-01 22:15:28+00:00 | (547214 files, 21% size)
2026-06-01 22:15:38+00:00 | (547254 files, 21% size)
2026-06-01 22:15:48+00:00 | (547294 files, 21% size)
2026-06-01 22:15:58+00:00 | (547334 files, 21% size)
2026-06-01 22:16:08+00:00 | (547374 files, 21% size)
2026-06-01 22:16:18+00:00 | (547414 files, 21% size)
2026-06-01 22:16:28+00:00 | (547454 files, 21% size)
2026-06-01 22:16:38+00:00 | (547494 files, 21% size)
2026-06-01 22:16:48+00:00 | (547534 files, 21% size)
2026-06-01 22:16:58+00:00 | (547574 files, 21% size)
2026-06-01 22:17:08+00:00 | (547614 files, 21% size)
2026-06-01 22:17:18+00:00 | (547654 files, 21% size)
2026-06-01 22:17:28+00:00 | (547694 files, 21% size)
2026-06-01 22:17:38+00:00 | (547734 files, 21% size)
2026-06-01 22:17:48+00:00 | (547774 files, 21% size)
2026-06-01 22:17:58+00:00 | (547814 files, 21% size)
2026-06-01 22:18:08+00:00 | (547854 files, 21% size)
2026-06-01 22:18:18+00:00 | (547894 files, 21% size)
2026-06-01 22:18:28+00:00 | (547934 files, 21% size)
2026-06-01 22:18:38+00:00 | (547974 files, 21% size)
2026-06-01 22:18:48+00:00 | (548014 files, 21% size)
2026-06-01 22:18:58+00:00 | (548054 files, 21% size)
2026-06-01 22:19:08+00:00 | (548094 files, 21% size)
2026-06-01 22:19:18+00:00 | (548134 files, 21% size)
2026-06-01 22:19:28+00:00 | (548174 files, 21% size)
2026-06-01 22:19:38+00:00 | (548214 files, 21% size)
2026-06-01 22:19:48+00:00 | (548254 files, 21% size)
2026-06-01 22:19:58+00:00 | (548294 files, 21% size)
2026-06-01 22:20:08+00:00 | (548334 files, 21% size)
2026-06-01 22:20:18+00:00 | (548374 files, 21% size)
2026-06-01 22:20:28+00:00 | (548414 files, 21% size)
2026-06-01 22:20:38+00:00 | (548454 files, 21% size)
2026-06-01 22:20:48+00:00 | (548494 files, 21% size)
2026-06-01 22:20:58+00:00 | (548534 files, 21% size)
2026-06-01 22:21:08+00:00 | (548574 files, 21% size)
2026-06-01 22:21:18+00:00 | (548614 files, 21% size)
2026-06-01 22:21:28+00:00 | (548654 files, 21% size)
2026-06-01 22:21:38+00:00 | (548694 files, 21% size)
2026-06-01 22:21:48+00:00 | (548734 files, 21% size)
2026-06-01 22:21:58+00:00 | (548774 files, 21% size)
2026-06-01 22:22:08+00:00 | (548814 files, 21% size)
2026-06-01 22:22:18+00:00 | (548854 files, 21% size)
2026-06-01 22:22:28+00:00 | (548894 files, 21% size)
2026-06-01 22:22:38+00:00 | (548934 files, 21% size)
2026-06-01 22:22:48+00:00 | (548974 files, 22% size)
2026-06-01 22:22:58+00:00 | (549014 files, 22% size)
2026-06-01 22:23:08+00:00 | (549054 files, 22% size)
2026-06-01 22:23:18+00:00 | (549090 files, 22% size)
2026-06-01 22:23:28+00:00 | (549130 files, 22% size)
2026-06-01 22:23:38+00:00 | (549170 files, 22% size)
2026-06-01 22:23:48+00:00 | (549210 files, 22% size)
2026-06-01 22:23:58+00:00 | (549250 files, 22% size)
2026-06-01 22:24:08+00:00 | (549290 files, 22% size)
2026-06-01 22:24:18+00:00 | (549330 files, 22% size)
2026-06-01 22:24:28+00:00 | (549370 files, 22% size)
2026-06-01 22:24:38+00:00 | (549410 files, 22% size)
2026-06-01 22:24:48+00:00 | (549450 files, 22% size)
2026-06-01 22:24:58+00:00 | (549490 files, 22% size)
2026-06-01 22:25:08+00:00 | (549532 files, 22% size)
2026-06-01 22:25:18+00:00 | (549574 files, 22% size)
2026-06-01 22:25:28+00:00 | (549614 files, 22% size)
2026-06-01 22:25:38+00:00 | (549654 files, 22% size)
2026-06-01 22:25:48+00:00 | (549694 files, 22% size)
2026-06-01 22:25:58+00:00 | (549734 files, 22% size)
2026-06-01 22:26:08+00:00 | (549774 files, 22% size)
2026-06-01 22:26:18+00:00 | (549814 files, 22% size)
2026-06-01 22:26:28+00:00 | (549854 files, 22% size)
2026-06-01 22:26:38+00:00 | (549894 files, 22% size)
2026-06-01 22:26:48+00:00 | (549934 files, 22% size)
2026-06-01 22:26:58+00:00 | (549974 files, 22% size)
2026-06-01 22:27:08+00:00 | (550014 files, 22% size)
2026-06-01 22:27:18+00:00 | (550054 files, 22% size)
2026-06-01 22:27:28+00:00 | (550094 files, 22% size)
2026-06-01 22:27:38+00:00 | (550134 files, 22% size)
2026-06-01 22:27:48+00:00 | (550174 files, 22% size)
2026-06-01 22:27:58+00:00 | (550214 files, 22% size)
2026-06-01 22:28:08+00:00 | (550254 files, 22% size)
2026-06-01 22:28:18+00:00 | (550294 files, 22% size)
2026-06-01 22:28:28+00:00 | (550334 files, 22% size)
2026-06-01 22:28:38+00:00 | (550374 files, 22% size)
2026-06-01 22:28:48+00:00 | (550414 files, 22% size)
2026-06-01 22:28:58+00:00 | (550454 files, 22% size)
2026-06-01 22:29:08+00:00 | (550494 files, 22% size)
2026-06-01 22:29:18+00:00 | (550534 files, 22% size)
2026-06-01 22:29:28+00:00 | (550574 files, 22% size)
2026-06-01 22:29:38+00:00 | (550614 files, 22% size)
2026-06-01 22:29:48+00:00 | (550654 files, 22% size)
2026-06-01 22:29:58+00:00 | (550694 files, 22% size)
2026-06-01 22:30:08+00:00 | (550734 files, 22% size)
2026-06-01 22:30:18+00:00 | (550774 files, 22% size)
2026-06-01 22:30:28+00:00 | (550814 files, 22% size)
2026-06-01 22:30:38+00:00 | (550854 files, 22% size)
2026-06-01 22:30:48+00:00 | (550894 files, 22% size)
2026-06-01 22:30:58+00:00 | (550934 files, 22% size)
2026-06-01 22:31:08+00:00 | (550974 files, 22% size)
2026-06-01 22:31:18+00:00 | (551014 files, 22% size)
2026-06-01 22:31:28+00:00 | (551054 files, 22% size)
2026-06-01 22:31:38+00:00 | (551094 files, 22% size)
2026-06-01 22:31:48+00:00 | (551134 files, 22% size)
2026-06-01 22:31:58+00:00 | (551174 files, 22% size)
2026-06-01 22:32:08+00:00 | (551214 files, 22% size)
2026-06-01 22:32:18+00:00 | (551254 files, 22% size)
2026-06-01 22:32:28+00:00 | (551294 files, 22% size)
2026-06-01 22:32:38+00:00 | (551334 files, 22% size)
2026-06-01 22:32:48+00:00 | (551374 files, 22% size)
2026-06-01 22:32:58+00:00 | (551414 files, 22% size)
2026-06-01 22:33:08+00:00 | (551454 files, 22% size)
2026-06-01 22:33:18+00:00 | (551494 files, 22% size)
2026-06-01 22:33:28+00:00 | (551534 files, 22% size)
2026-06-01 22:33:38+00:00 | (551574 files, 22% size)
2026-06-01 22:33:48+00:00 | (551614 files, 22% size)
2026-06-01 22:33:58+00:00 | (551654 files, 22% size)
2026-06-01 22:34:08+00:00 | (551694 files, 22% size)
2026-06-01 22:34:18+00:00 | (551734 files, 22% size)
2026-06-01 22:34:28+00:00 | (551774 files, 22% size)
2026-06-01 22:34:38+00:00 | (551814 files, 22% size)
2026-06-01 22:34:48+00:00 | (551854 files, 22% size)
2026-06-01 22:34:58+00:00 | (551894 files, 22% size)
2026-06-01 22:35:08+00:00 | (551934 files, 22% size)
2026-06-01 22:35:18+00:00 | (551974 files, 22% size)
2026-06-01 22:35:28+00:00 | (552014 files, 22% size)
2026-06-01 22:35:38+00:00 | (552054 files, 22% size)
2026-06-01 22:35:48+00:00 | (552094 files, 22% size)
2026-06-01 22:35:58+00:00 | (552134 files, 22% size)
2026-06-01 22:36:08+00:00 | (552174 files, 22% size)
2026-06-01 22:36:18+00:00 | (552214 files, 22% size)
2026-06-01 22:36:28+00:00 | (552254 files, 22% size)
2026-06-01 22:36:38+00:00 | (552294 files, 22% size)
2026-06-01 22:36:48+00:00 | (552334 files, 22% size)
2026-06-01 22:36:58+00:00 | (552374 files, 22% size)
2026-06-01 22:37:08+00:00 | (552414 files, 22% size)
2026-06-01 22:37:18+00:00 | (552454 files, 22% size)
2026-06-01 22:37:28+00:00 | (552494 files, 22% size)
2026-06-01 22:37:38+00:00 | (552534 files, 22% size)
2026-06-01 22:37:48+00:00 | (552574 files, 22% size)
2026-06-01 22:37:58+00:00 | (552614 files, 22% size)
2026-06-01 22:38:08+00:00 | (552654 files, 22% size)
2026-06-01 22:38:18+00:00 | (552694 files, 22% size)
2026-06-01 22:38:28+00:00 | (552734 files, 22% size)
2026-06-01 22:38:38+00:00 | (552774 files, 22% size)
2026-06-01 22:38:48+00:00 | (552814 files, 22% size)
2026-06-01 22:38:58+00:00 | (552854 files, 22% size)
2026-06-01 22:39:08+00:00 | (552894 files, 22% size)
2026-06-01 22:39:18+00:00 | (552934 files, 22% size)
2026-06-01 22:39:28+00:00 | (552974 files, 22% size)
2026-06-01 22:39:38+00:00 | (553014 files, 22% size)
2026-06-01 22:39:48+00:00 | (553054 files, 22% size)
2026-06-01 22:39:58+00:00 | (553094 files, 22% size)
2026-06-01 22:40:08+00:00 | (553134 files, 22% size)
2026-06-01 22:40:18+00:00 | (553174 files, 22% size)
2026-06-01 22:40:28+00:00 | (553214 files, 22% size)
2026-06-01 22:40:38+00:00 | (553254 files, 22% size)
2026-06-01 22:40:48+00:00 | (553294 files, 22% size)
2026-06-01 22:40:58+00:00 | (553334 files, 22% size)
2026-06-01 22:41:08+00:00 | (553374 files, 22% size)
2026-06-01 22:41:18+00:00 | (553414 files, 22% size)
2026-06-01 22:41:28+00:00 | (553454 files, 22% size)
2026-06-01 22:41:38+00:00 | (553494 files, 22% size)
2026-06-01 22:41:48+00:00 | (553534 files, 22% size)
2026-06-01 22:41:58+00:00 | (553574 files, 22% size)
2026-06-01 22:42:08+00:00 | (553614 files, 22% size)
2026-06-01 22:42:18+00:00 | (553654 files, 22% size)
2026-06-01 22:42:28+00:00 | (553694 files, 22% size)
2026-06-01 22:42:38+00:00 | (553734 files, 22% size)
2026-06-01 22:42:48+00:00 | (553774 files, 22% size)
2026-06-01 22:42:58+00:00 | (553814 files, 22% size)
2026-06-01 22:43:08+00:00 | (553854 files, 22% size)
2026-06-01 22:43:18+00:00 | (553894 files, 22% size)
2026-06-01 22:43:28+00:00 | (553934 files, 22% size)
2026-06-01 22:43:38+00:00 | (553974 files, 22% size)
2026-06-01 22:43:48+00:00 | (554014 files, 22% size)
2026-06-01 22:43:58+00:00 | (554054 files, 22% size)
2026-06-01 22:44:08+00:00 | (554094 files, 22% size)
2026-06-01 22:44:18+00:00 | (554134 files, 22% size)
2026-06-01 22:44:28+00:00 | (554174 files, 22% size)
2026-06-01 22:44:38+00:00 | (554214 files, 22% size)
2026-06-01 22:44:48+00:00 | (554254 files, 22% size)
2026-06-01 22:44:58+00:00 | (554294 files, 22% size)
2026-06-01 22:45:08+00:00 | (554334 files, 22% size)
2026-06-01 22:45:18+00:00 | (554374 files, 22% size)
2026-06-01 22:45:28+00:00 | (554414 files, 22% size)
2026-06-01 22:45:38+00:00 | (554454 files, 22% size)
2026-06-01 22:45:48+00:00 | (554494 files, 22% size)
2026-06-01 22:45:58+00:00 | (554534 files, 22% size)
2026-06-01 22:46:08+00:00 | (554574 files, 22% size)
2026-06-01 22:46:18+00:00 | (554614 files, 22% size)
2026-06-01 22:46:28+00:00 | (554654 files, 22% size)
2026-06-01 22:46:38+00:00 | (554694 files, 22% size)
2026-06-01 22:46:48+00:00 | (554734 files, 22% size)
2026-06-01 22:46:58+00:00 | (554774 files, 22% size)
2026-06-01 22:47:08+00:00 | (554814 files, 22% size)
2026-06-01 22:47:18+00:00 | (554854 files, 22% size)
2026-06-01 22:47:28+00:00 | (554894 files, 22% size)
2026-06-01 22:47:38+00:00 | (554934 files, 22% size)
2026-06-01 22:47:48+00:00 | (554974 files, 22% size)
2026-06-01 22:47:58+00:00 | (555014 files, 22% size)
2026-06-01 22:48:08+00:00 | (555054 files, 22% size)
2026-06-01 22:48:18+00:00 | (555094 files, 22% size)
2026-06-01 22:48:28+00:00 | (555134 files, 22% size)
2026-06-01 22:48:38+00:00 | (555174 files, 22% size)
2026-06-01 22:48:48+00:00 | (555214 files, 22% size)
2026-06-01 22:48:58+00:00 | (555254 files, 22% size)
2026-06-01 22:49:08+00:00 | (555294 files, 22% size)
2026-06-01 22:49:18+00:00 | (555334 files, 22% size)
2026-06-01 22:49:28+00:00 | (555374 files, 22% size)
2026-06-01 22:49:38+00:00 | (555414 files, 22% size)
2026-06-01 22:49:48+00:00 | (555454 files, 22% size)
2026-06-01 22:49:58+00:00 | (555494 files, 22% size)
2026-06-01 22:50:08+00:00 | (555534 files, 22% size)
2026-06-01 22:50:18+00:00 | (555574 files, 22% size)
2026-06-01 22:50:28+00:00 | (555614 files, 22% size)
2026-06-01 22:50:38+00:00 | (555654 files, 22% size)
2026-06-01 22:50:48+00:00 | (555694 files, 22% size)
2026-06-01 22:50:58+00:00 | (555734 files, 22% size)
2026-06-01 22:51:08+00:00 | (555774 files, 22% size)
2026-06-01 22:51:18+00:00 | (555814 files, 22% size)
2026-06-01 22:51:28+00:00 | (555854 files, 22% size)
2026-06-01 22:51:38+00:00 | (555894 files, 22% size)
2026-06-01 22:51:48+00:00 | (555934 files, 22% size)
2026-06-01 22:51:58+00:00 | (555974 files, 22% size)
2026-06-01 22:52:08+00:00 | (556014 files, 22% size)
2026-06-01 22:52:18+00:00 | (556054 files, 22% size)
2026-06-01 22:52:28+00:00 | (556094 files, 22% size)
2026-06-01 22:52:38+00:00 | (556134 files, 22% size)
2026-06-01 22:52:48+00:00 | (556174 files, 22% size)
2026-06-01 22:52:58+00:00 | (556214 files, 22% size)
2026-06-01 22:53:08+00:00 | (556254 files, 22% size)
2026-06-01 22:53:18+00:00 | (556294 files, 22% size)
2026-06-01 22:53:28+00:00 | (556334 files, 22% size)
2026-06-01 22:53:38+00:00 | (556374 files, 22% size)
2026-06-01 22:53:48+00:00 | (556414 files, 22% size)
2026-06-01 22:53:58+00:00 | (556454 files, 22% size)
2026-06-01 22:54:08+00:00 | (556494 files, 22% size)
2026-06-01 22:54:18+00:00 | (556534 files, 22% size)
2026-06-01 22:54:28+00:00 | (556574 files, 22% size)
2026-06-01 22:54:38+00:00 | (556614 files, 22% size)
2026-06-01 22:54:48+00:00 | (556654 files, 22% size)
2026-06-01 22:54:58+00:00 | (556694 files, 22% size)
2026-06-01 22:55:08+00:00 | (556734 files, 22% size)
2026-06-01 22:55:18+00:00 | (556774 files, 22% size)
2026-06-01 22:55:28+00:00 | (556814 files, 22% size)
2026-06-01 22:55:38+00:00 | (556854 files, 22% size)
2026-06-01 22:55:48+00:00 | (556894 files, 22% size)
2026-06-01 22:55:58+00:00 | (556934 files, 22% size)
2026-06-01 22:56:08+00:00 | (556974 files, 22% size)
2026-06-01 22:56:18+00:00 | (557014 files, 22% size)
2026-06-01 22:56:28+00:00 | (557054 files, 22% size)
2026-06-01 22:56:38+00:00 | (557094 files, 22% size)
2026-06-01 22:56:48+00:00 | (557134 files, 22% size)
2026-06-01 22:56:58+00:00 | (557174 files, 22% size)
2026-06-01 22:57:08+00:00 | (557214 files, 22% size)
2026-06-01 22:57:18+00:00 | (557254 files, 22% size)
2026-06-01 22:57:28+00:00 | (557294 files, 22% size)
2026-06-01 22:57:38+00:00 | (557334 files, 22% size)
2026-06-01 22:57:48+00:00 | (557374 files, 22% size)
2026-06-01 22:57:58+00:00 | (557414 files, 22% size)
2026-06-01 22:58:08+00:00 | (557454 files, 22% size)
2026-06-01 22:58:18+00:00 | (557494 files, 22% size)
2026-06-01 22:58:28+00:00 | (557534 files, 22% size)
2026-06-01 22:58:38+00:00 | (557574 files, 22% size)
2026-06-01 22:58:48+00:00 | (557614 files, 22% size)
2026-06-01 22:58:58+00:00 | (557654 files, 22% size)
2026-06-01 22:59:08+00:00 | (557694 files, 22% size)
2026-06-01 22:59:18+00:00 | (557734 files, 22% size)
2026-06-01 22:59:28+00:00 | (557774 files, 22% size)
2026-06-01 22:59:38+00:00 | (557814 files, 22% size)
2026-06-01 22:59:48+00:00 | (557854 files, 22% size)
2026-06-01 22:59:58+00:00 | (557894 files, 22% size)
2026-06-01 23:00:08+00:00 | (557934 files, 22% size)
2026-06-01 23:00:18+00:00 | (557974 files, 22% size)
2026-06-01 23:00:28+00:00 | (558014 files, 22% size)
2026-06-01 23:00:38+00:00 | (558054 files, 22% size)
2026-06-01 23:00:48+00:00 | (558094 files, 22% size)
2026-06-01 23:00:58+00:00 | (558134 files, 22% size)
2026-06-01 23:01:08+00:00 | (558174 files, 22% size)
2026-06-01 23:01:18+00:00 | (558214 files, 22% size)
2026-06-01 23:01:28+00:00 | (558254 files, 22% size)
2026-06-01 23:01:38+00:00 | (558294 files, 22% size)
2026-06-01 23:01:48+00:00 | (558334 files, 22% size)
2026-06-01 23:01:58+00:00 | (558374 files, 22% size)
2026-06-01 23:02:08+00:00 | (558414 files, 22% size)
2026-06-01 23:02:18+00:00 | (558454 files, 22% size)
2026-06-01 23:02:28+00:00 | (558494 files, 22% size)
2026-06-01 23:02:38+00:00 | (558534 files, 22% size)
2026-06-01 23:02:48+00:00 | (558574 files, 22% size)
2026-06-01 23:02:58+00:00 | (558614 files, 22% size)
2026-06-01 23:03:08+00:00 | (558654 files, 22% size)
2026-06-01 23:03:18+00:00 | (558694 files, 22% size)
2026-06-01 23:03:28+00:00 | (558734 files, 22% size)
2026-06-01 23:03:38+00:00 | (558774 files, 22% size)
2026-06-01 23:03:48+00:00 | (558814 files, 22% size)
2026-06-01 23:03:58+00:00 | (558854 files, 22% size)
2026-06-01 23:04:08+00:00 | (558894 files, 22% size)
2026-06-01 23:04:18+00:00 | (558934 files, 22% size)
2026-06-01 23:04:28+00:00 | (558974 files, 22% size)
2026-06-01 23:04:38+00:00 | (559014 files, 22% size)
2026-06-01 23:04:48+00:00 | (559054 files, 22% size)
2026-06-01 23:04:58+00:00 | (559094 files, 22% size)
2026-06-01 23:05:08+00:00 | (559134 files, 22% size)
2026-06-01 23:05:18+00:00 | (559174 files, 22% size)
2026-06-01 23:05:28+00:00 | (559214 files, 22% size)
2026-06-01 23:05:38+00:00 | (559254 files, 22% size)
2026-06-01 23:05:48+00:00 | (559294 files, 22% size)
2026-06-01 23:05:58+00:00 | (559334 files, 22% size)
2026-06-01 23:06:08+00:00 | (559374 files, 22% size)
2026-06-01 23:06:18+00:00 | (559414 files, 22% size)
2026-06-01 23:06:28+00:00 | (559454 files, 22% size)
2026-06-01 23:06:38+00:00 | (559494 files, 22% size)
2026-06-01 23:06:48+00:00 | (559534 files, 22% size)
2026-06-01 23:06:58+00:00 | (559574 files, 22% size)
2026-06-01 23:07:08+00:00 | (559614 files, 22% size)
2026-06-01 23:07:18+00:00 | (559654 files, 22% size)
2026-06-01 23:07:28+00:00 | (559694 files, 22% size)
2026-06-01 23:07:38+00:00 | (559734 files, 22% size)
2026-06-01 23:07:48+00:00 | (559774 files, 22% size)
2026-06-01 23:07:58+00:00 | (559814 files, 22% size)
2026-06-01 23:08:08+00:00 | (559854 files, 22% size)
2026-06-01 23:08:18+00:00 | (559894 files, 22% size)
2026-06-01 23:08:28+00:00 | (559934 files, 22% size)
2026-06-01 23:08:38+00:00 | (559974 files, 22% size)
2026-06-01 23:08:48+00:00 | (560014 files, 22% size)
2026-06-01 23:08:58+00:00 | (560054 files, 22% size)
2026-06-01 23:09:08+00:00 | (560094 files, 22% size)
2026-06-01 23:09:18+00:00 | (560134 files, 22% size)
2026-06-01 23:09:28+00:00 | (560174 files, 22% size)
2026-06-01 23:09:38+00:00 | (560214 files, 22% size)
2026-06-01 23:09:48+00:00 | (560254 files, 22% size)
2026-06-01 23:09:58+00:00 | (560294 files, 22% size)
2026-06-01 23:10:08+00:00 | (560334 files, 22% size)
2026-06-01 23:10:18+00:00 | (560374 files, 22% size)
2026-06-01 23:10:28+00:00 | (560414 files, 22% size)
2026-06-01 23:10:38+00:00 | (560454 files, 22% size)
2026-06-01 23:10:48+00:00 | (560494 files, 22% size)
2026-06-01 23:10:58+00:00 | (560534 files, 22% size)
2026-06-01 23:11:08+00:00 | (560574 files, 22% size)
2026-06-01 23:11:18+00:00 | (560614 files, 22% size)
2026-06-01 23:11:28+00:00 | (560654 files, 22% size)
2026-06-01 23:11:38+00:00 | (560694 files, 22% size)
2026-06-01 23:11:48+00:00 | (560734 files, 22% size)
2026-06-01 23:11:58+00:00 | (560774 files, 22% size)
2026-06-01 23:12:08+00:00 | (560814 files, 22% size)
2026-06-01 23:12:18+00:00 | (560854 files, 22% size)
2026-06-01 23:12:28+00:00 | (560894 files, 22% size)
2026-06-01 23:12:38+00:00 | (560934 files, 22% size)
2026-06-01 23:12:48+00:00 | (560974 files, 22% size)
2026-06-01 23:12:58+00:00 | (561014 files, 22% size)
2026-06-01 23:13:08+00:00 | (561054 files, 22% size)
2026-06-01 23:13:18+00:00 | (561094 files, 22% size)
2026-06-01 23:13:28+00:00 | (561134 files, 22% size)
2026-06-01 23:13:38+00:00 | (561174 files, 22% size)
2026-06-01 23:13:48+00:00 | (561214 files, 22% size)
2026-06-01 23:13:58+00:00 | (561254 files, 22% size)
2026-06-01 23:14:08+00:00 | (561294 files, 22% size)
2026-06-01 23:14:18+00:00 | (561334 files, 22% size)
2026-06-01 23:14:28+00:00 | (561374 files, 22% size)
2026-06-01 23:14:38+00:00 | (561414 files, 22% size)
2026-06-01 23:14:48+00:00 | (561454 files, 22% size)
2026-06-01 23:14:58+00:00 | (561494 files, 22% size)
2026-06-01 23:15:08+00:00 | (561534 files, 22% size)
2026-06-01 23:15:18+00:00 | (561574 files, 22% size)
2026-06-01 23:15:28+00:00 | (561614 files, 22% size)
2026-06-01 23:15:38+00:00 | (561654 files, 22% size)
2026-06-01 23:15:48+00:00 | (561694 files, 22% size)
2026-06-01 23:15:58+00:00 | (561734 files, 22% size)
2026-06-01 23:16:08+00:00 | (561774 files, 22% size)
2026-06-01 23:16:18+00:00 | (561814 files, 22% size)
2026-06-01 23:16:28+00:00 | (561854 files, 22% size)
2026-06-01 23:16:38+00:00 | (561894 files, 22% size)
2026-06-01 23:16:48+00:00 | (561934 files, 22% size)
2026-06-01 23:16:58+00:00 | (561974 files, 22% size)
2026-06-01 23:17:08+00:00 | (562014 files, 22% size)
2026-06-01 23:17:18+00:00 | (562054 files, 22% size)
2026-06-01 23:17:28+00:00 | (562094 files, 22% size)
2026-06-01 23:17:38+00:00 | (562134 files, 22% size)
2026-06-01 23:17:48+00:00 | (562174 files, 22% size)
2026-06-01 23:17:58+00:00 | (562214 files, 22% size)
2026-06-01 23:18:08+00:00 | (562254 files, 22% size)
2026-06-01 23:18:18+00:00 | (562294 files, 22% size)
2026-06-01 23:18:28+00:00 | (562334 files, 22% size)
2026-06-01 23:18:38+00:00 | (562374 files, 22% size)
2026-06-01 23:18:48+00:00 | (562414 files, 22% size)
2026-06-01 23:18:58+00:00 | (562454 files, 22% size)
2026-06-01 23:19:08+00:00 | (562494 files, 22% size)
2026-06-01 23:19:18+00:00 | (562534 files, 22% size)
2026-06-01 23:19:28+00:00 | (562574 files, 22% size)
2026-06-01 23:19:38+00:00 | (562614 files, 22% size)
2026-06-01 23:19:48+00:00 | (562654 files, 22% size)
2026-06-01 23:19:58+00:00 | (562694 files, 22% size)
2026-06-01 23:20:08+00:00 | (562734 files, 22% size)
2026-06-01 23:20:18+00:00 | (562774 files, 22% size)
2026-06-01 23:20:28+00:00 | (562814 files, 22% size)
2026-06-01 23:20:38+00:00 | (562854 files, 22% size)
2026-06-01 23:20:48+00:00 | (562894 files, 22% size)
2026-06-01 23:20:58+00:00 | (562934 files, 22% size)
2026-06-01 23:21:08+00:00 | (562974 files, 22% size)
2026-06-01 23:21:18+00:00 | (563014 files, 22% size)
2026-06-01 23:21:28+00:00 | (563054 files, 22% size)
2026-06-01 23:21:38+00:00 | (563094 files, 22% size)
2026-06-01 23:21:48+00:00 | (563134 files, 22% size)
2026-06-01 23:21:58+00:00 | (563174 files, 22% size)
2026-06-01 23:22:08+00:00 | (563214 files, 22% size)
2026-06-01 23:22:18+00:00 | (563254 files, 22% size)
2026-06-01 23:22:28+00:00 | (563294 files, 22% size)
2026-06-01 23:22:38+00:00 | (563334 files, 22% size)
2026-06-01 23:22:48+00:00 | (563374 files, 22% size)
2026-06-01 23:22:58+00:00 | (563414 files, 22% size)
2026-06-01 23:23:08+00:00 | (563454 files, 22% size)
2026-06-01 23:23:18+00:00 | (563494 files, 22% size)
2026-06-01 23:23:28+00:00 | (563534 files, 22% size)
2026-06-01 23:23:38+00:00 | (563574 files, 22% size)
2026-06-01 23:23:48+00:00 | (563614 files, 22% size)
2026-06-01 23:23:58+00:00 | (563654 files, 22% size)
2026-06-01 23:24:08+00:00 | (563694 files, 22% size)
2026-06-01 23:24:18+00:00 | (563734 files, 22% size)
2026-06-01 23:24:28+00:00 | (563774 files, 22% size)
2026-06-01 23:24:38+00:00 | (563814 files, 22% size)
2026-06-01 23:24:48+00:00 | (563854 files, 22% size)
2026-06-01 23:24:58+00:00 | (563894 files, 22% size)
2026-06-01 23:25:08+00:00 | (563934 files, 22% size)
2026-06-01 23:25:18+00:00 | (563974 files, 22% size)
2026-06-01 23:25:28+00:00 | (564014 files, 22% size)
2026-06-01 23:25:38+00:00 | (564054 files, 22% size)
2026-06-01 23:25:48+00:00 | (564094 files, 22% size)
2026-06-01 23:25:58+00:00 | (564134 files, 22% size)
2026-06-01 23:26:08+00:00 | (564174 files, 22% size)
2026-06-01 23:26:18+00:00 | (564214 files, 22% size)
2026-06-01 23:26:28+00:00 | (564254 files, 22% size)
2026-06-01 23:26:38+00:00 | (564294 files, 22% size)
2026-06-01 23:26:48+00:00 | (564334 files, 22% size)
2026-06-01 23:26:58+00:00 | (564374 files, 22% size)
2026-06-01 23:27:08+00:00 | (564414 files, 22% size)
2026-06-01 23:27:18+00:00 | (564454 files, 22% size)
2026-06-01 23:27:28+00:00 | (564494 files, 22% size)
2026-06-01 23:27:38+00:00 | (564534 files, 22% size)
2026-06-01 23:27:48+00:00 | (564574 files, 22% size)
2026-06-01 23:27:58+00:00 | (564614 files, 22% size)
2026-06-01 23:28:08+00:00 | (564654 files, 22% size)
2026-06-01 23:28:18+00:00 | (564694 files, 22% size)
2026-06-01 23:28:28+00:00 | (564734 files, 22% size)
2026-06-01 23:28:38+00:00 | (564774 files, 22% size)
2026-06-01 23:28:48+00:00 | (564814 files, 22% size)
2026-06-01 23:28:58+00:00 | (564854 files, 22% size)
2026-06-01 23:29:08+00:00 | (564894 files, 22% size)
2026-06-01 23:29:18+00:00 | (564934 files, 22% size)
2026-06-01 23:29:28+00:00 | (564974 files, 22% size)
2026-06-01 23:29:38+00:00 | (565014 files, 22% size)
2026-06-01 23:29:48+00:00 | (565054 files, 22% size)
2026-06-01 23:29:58+00:00 | (565094 files, 22% size)
2026-06-01 23:30:08+00:00 | (565134 files, 22% size)
2026-06-01 23:30:18+00:00 | (565174 files, 22% size)
2026-06-01 23:30:28+00:00 | (565214 files, 22% size)
2026-06-01 23:30:38+00:00 | (565254 files, 22% size)
2026-06-01 23:30:48+00:00 | (565294 files, 22% size)
2026-06-01 23:30:58+00:00 | (565334 files, 22% size)
2026-06-01 23:31:08+00:00 | (565374 files, 22% size)
2026-06-01 23:31:18+00:00 | (565414 files, 22% size)
2026-06-01 23:31:28+00:00 | (565454 files, 22% size)
2026-06-01 23:31:38+00:00 | (565494 files, 22% size)
2026-06-01 23:31:48+00:00 | (565534 files, 22% size)
2026-06-01 23:31:58+00:00 | (565574 files, 22% size)
2026-06-01 23:32:08+00:00 | (565614 files, 22% size)
2026-06-01 23:32:18+00:00 | (565654 files, 22% size)
2026-06-01 23:32:28+00:00 | (565694 files, 22% size)
2026-06-01 23:32:38+00:00 | (565734 files, 22% size)
2026-06-01 23:32:48+00:00 | (565774 files, 22% size)
2026-06-01 23:32:58+00:00 | (565814 files, 22% size)
2026-06-01 23:33:08+00:00 | (565854 files, 22% size)
2026-06-01 23:33:18+00:00 | (565894 files, 22% size)
2026-06-01 23:33:28+00:00 | (565934 files, 22% size)
2026-06-01 23:33:38+00:00 | (565974 files, 22% size)
2026-06-01 23:33:48+00:00 | (566014 files, 22% size)
2026-06-01 23:33:58+00:00 | (566054 files, 22% size)
2026-06-01 23:34:08+00:00 | (566094 files, 22% size)
2026-06-01 23:34:18+00:00 | (566134 files, 22% size)
2026-06-01 23:34:28+00:00 | (566174 files, 22% size)
2026-06-01 23:34:38+00:00 | (566214 files, 22% size)
2026-06-01 23:34:48+00:00 | (566254 files, 22% size)
2026-06-01 23:34:58+00:00 | (566294 files, 22% size)
2026-06-01 23:35:08+00:00 | (566334 files, 22% size)
2026-06-01 23:35:18+00:00 | (566374 files, 22% size)
2026-06-01 23:35:28+00:00 | (566414 files, 22% size)
2026-06-01 23:35:38+00:00 | (566454 files, 22% size)
2026-06-01 23:35:48+00:00 | (566494 files, 22% size)
2026-06-01 23:35:58+00:00 | (566534 files, 22% size)
2026-06-01 23:36:08+00:00 | (566574 files, 22% size)
2026-06-01 23:36:18+00:00 | (566614 files, 22% size)
2026-06-01 23:36:28+00:00 | (566654 files, 22% size)
2026-06-01 23:36:38+00:00 | (566694 files, 22% size)
2026-06-01 23:36:48+00:00 | (566734 files, 22% size)
2026-06-01 23:36:58+00:00 | (566774 files, 22% size)
2026-06-01 23:37:08+00:00 | (566814 files, 22% size)
2026-06-01 23:37:18+00:00 | (566854 files, 22% size)
2026-06-01 23:37:28+00:00 | (566894 files, 22% size)
2026-06-01 23:37:38+00:00 | (566934 files, 22% size)
2026-06-01 23:37:48+00:00 | (566974 files, 22% size)
2026-06-01 23:37:58+00:00 | (567014 files, 22% size)
2026-06-01 23:38:08+00:00 | (567054 files, 22% size)
2026-06-01 23:38:18+00:00 | (567094 files, 22% size)
2026-06-01 23:38:28+00:00 | (567134 files, 22% size)
2026-06-01 23:38:38+00:00 | (567174 files, 22% size)
2026-06-01 23:38:48+00:00 | (567214 files, 22% size)
2026-06-01 23:38:58+00:00 | (567254 files, 22% size)
2026-06-01 23:39:08+00:00 | (567294 files, 22% size)
2026-06-01 23:39:18+00:00 | (567334 files, 22% size)
2026-06-01 23:39:28+00:00 | (567374 files, 22% size)
2026-06-01 23:39:38+00:00 | (567414 files, 22% size)
2026-06-01 23:39:48+00:00 | (567454 files, 22% size)
2026-06-01 23:39:58+00:00 | (567494 files, 22% size)
2026-06-01 23:40:08+00:00 | (567534 files, 22% size)
2026-06-01 23:40:18+00:00 | (567574 files, 22% size)
2026-06-01 23:40:28+00:00 | (567614 files, 22% size)
2026-06-01 23:40:38+00:00 | (567654 files, 22% size)
2026-06-01 23:40:48+00:00 | (567694 files, 22% size)
2026-06-01 23:40:58+00:00 | (567734 files, 22% size)
2026-06-01 23:41:08+00:00 | (567774 files, 22% size)
2026-06-01 23:41:18+00:00 | (567814 files, 22% size)
2026-06-01 23:41:28+00:00 | (567854 files, 22% size)
2026-06-01 23:41:38+00:00 | (567894 files, 22% size)
2026-06-01 23:41:48+00:00 | (567934 files, 22% size)
2026-06-01 23:41:58+00:00 | (567974 files, 22% size)
2026-06-01 23:42:08+00:00 | (568014 files, 22% size)
2026-06-01 23:42:18+00:00 | (568054 files, 22% size)
2026-06-01 23:42:28+00:00 | (568094 files, 22% size)
2026-06-01 23:42:38+00:00 | (568134 files, 22% size)
2026-06-01 23:42:48+00:00 | (568174 files, 22% size)
2026-06-01 23:42:58+00:00 | (568214 files, 22% size)
2026-06-01 23:43:08+00:00 | (568254 files, 22% size)
2026-06-01 23:43:18+00:00 | (568294 files, 22% size)
2026-06-01 23:43:28+00:00 | (568334 files, 22% size)
2026-06-01 23:43:38+00:00 | (568374 files, 22% size)
2026-06-01 23:43:48+00:00 | (568414 files, 22% size)
2026-06-01 23:43:58+00:00 | (568454 files, 22% size)
2026-06-01 23:44:08+00:00 | (568494 files, 22% size)
2026-06-01 23:44:18+00:00 | (568534 files, 22% size)
2026-06-01 23:44:28+00:00 | (568574 files, 22% size)
2026-06-01 23:44:38+00:00 | (568614 files, 22% size)
2026-06-01 23:44:48+00:00 | (568654 files, 22% size)
2026-06-01 23:44:58+00:00 | (568694 files, 22% size)
2026-06-01 23:45:08+00:00 | (568734 files, 22% size)
2026-06-01 23:45:18+00:00 | (568774 files, 22% size)
2026-06-01 23:45:28+00:00 | (568814 files, 22% size)
2026-06-01 23:45:38+00:00 | (568854 files, 22% size)
2026-06-01 23:45:48+00:00 | (568894 files, 22% size)
2026-06-01 23:45:58+00:00 | (568934 files, 22% size)
2026-06-01 23:46:08+00:00 | (568974 files, 22% size)
2026-06-01 23:46:18+00:00 | (569014 files, 22% size)
2026-06-01 23:46:28+00:00 | (569054 files, 22% size)
2026-06-01 23:46:38+00:00 | (569094 files, 22% size)
2026-06-01 23:46:48+00:00 | (569134 files, 22% size)
2026-06-01 23:46:58+00:00 | (569174 files, 22% size)
2026-06-01 23:47:08+00:00 | (569214 files, 22% size)
2026-06-01 23:47:18+00:00 | (569254 files, 22% size)
2026-06-01 23:47:28+00:00 | (569294 files, 22% size)
2026-06-01 23:47:38+00:00 | (569334 files, 22% size)
2026-06-01 23:47:48+00:00 | (569374 files, 22% size)
2026-06-01 23:47:58+00:00 | (569414 files, 22% size)
2026-06-01 23:48:08+00:00 | (569454 files, 22% size)
2026-06-01 23:48:18+00:00 | (569494 files, 22% size)
2026-06-01 23:48:28+00:00 | (569534 files, 22% size)
2026-06-01 23:48:38+00:00 | (569574 files, 22% size)
2026-06-01 23:48:48+00:00 | (569614 files, 22% size)
2026-06-01 23:48:58+00:00 | (569654 files, 22% size)
2026-06-01 23:49:08+00:00 | (569694 files, 22% size)
2026-06-01 23:49:18+00:00 | (569734 files, 22% size)
2026-06-01 23:49:28+00:00 | (569774 files, 22% size)
2026-06-01 23:49:38+00:00 | (569814 files, 22% size)
2026-06-01 23:49:48+00:00 | (569854 files, 22% size)
2026-06-01 23:49:58+00:00 | (569894 files, 22% size)
2026-06-01 23:50:08+00:00 | (569934 files, 22% size)
2026-06-01 23:50:18+00:00 | (569974 files, 22% size)
2026-06-01 23:50:28+00:00 | (570014 files, 22% size)
2026-06-01 23:50:38+00:00 | (570054 files, 22% size)
2026-06-01 23:50:48+00:00 | (570094 files, 22% size)
2026-06-01 23:50:58+00:00 | (570134 files, 22% size)
2026-06-01 23:51:08+00:00 | (570174 files, 22% size)
2026-06-01 23:51:18+00:00 | (570214 files, 22% size)
2026-06-01 23:51:28+00:00 | (570254 files, 22% size)
2026-06-01 23:51:38+00:00 | (570294 files, 22% size)
2026-06-01 23:51:48+00:00 | (570334 files, 22% size)
2026-06-01 23:51:58+00:00 | (570374 files, 22% size)
2026-06-01 23:52:08+00:00 | (570414 files, 22% size)
2026-06-01 23:52:18+00:00 | (570454 files, 22% size)
2026-06-01 23:52:28+00:00 | (570490 files, 22% size)
2026-06-01 23:52:38+00:00 | (570530 files, 22% size)
2026-06-01 23:52:48+00:00 | (570570 files, 22% size)
2026-06-01 23:52:58+00:00 | (570610 files, 22% size)
2026-06-01 23:53:08+00:00 | (570650 files, 22% size)
2026-06-01 23:53:18+00:00 | (570690 files, 22% size)
2026-06-01 23:53:28+00:00 | (570730 files, 22% size)
2026-06-01 23:53:38+00:00 | (570770 files, 22% size)
2026-06-01 23:53:48+00:00 | (570810 files, 22% size)
2026-06-01 23:53:58+00:00 | (570850 files, 22% size)
2026-06-01 23:54:08+00:00 | (570892 files, 22% size)
2026-06-01 23:54:18+00:00 | (570934 files, 22% size)
2026-06-01 23:54:28+00:00 | (570974 files, 22% size)
2026-06-01 23:54:38+00:00 | (571014 files, 22% size)
2026-06-01 23:54:48+00:00 | (571054 files, 22% size)
2026-06-01 23:54:58+00:00 | (571094 files, 22% size)
2026-06-01 23:55:08+00:00 | (571134 files, 22% size)
2026-06-01 23:55:18+00:00 | (571174 files, 22% size)
2026-06-01 23:55:28+00:00 | (571214 files, 22% size)
2026-06-01 23:55:38+00:00 | (571254 files, 22% size)
2026-06-01 23:55:48+00:00 | (571294 files, 22% size)
2026-06-01 23:55:58+00:00 | (571334 files, 22% size)
2026-06-01 23:56:08+00:00 | (571374 files, 22% size)
2026-06-01 23:56:18+00:00 | (571414 files, 22% size)
2026-06-01 23:56:28+00:00 | (571454 files, 22% size)
2026-06-01 23:56:38+00:00 | (571494 files, 22% size)
2026-06-01 23:56:48+00:00 | (571534 files, 22% size)
2026-06-01 23:56:58+00:00 | (571574 files, 22% size)
2026-06-01 23:57:08+00:00 | (571614 files, 22% size)
2026-06-01 23:57:18+00:00 | (571654 files, 22% size)
2026-06-01 23:57:28+00:00 | (571694 files, 22% size)
2026-06-01 23:57:38+00:00 | (571734 files, 22% size)
2026-06-01 23:57:48+00:00 | (571774 files, 22% size)
2026-06-01 23:57:58+00:00 | (571814 files, 22% size)
2026-06-01 23:58:08+00:00 | (571854 files, 22% size)
2026-06-01 23:58:18+00:00 | (571894 files, 22% size)
2026-06-01 23:58:28+00:00 | (571934 files, 22% size)
2026-06-01 23:58:38+00:00 | (571974 files, 22% size)
2026-06-01 23:58:48+00:00 | (572014 files, 22% size)
2026-06-01 23:58:58+00:00 | (572054 files, 22% size)
2026-06-01 23:59:08+00:00 | (572094 files, 22% size)
2026-06-01 23:59:18+00:00 | (572134 files, 22% size)
2026-06-01 23:59:28+00:00 | (572174 files, 22% size)
2026-06-01 23:59:38+00:00 | (572214 files, 22% size)
2026-06-01 23:59:48+00:00 | (572254 files, 22% size)
2026-06-01 23:59:58+00:00 | (572294 files, 22% size)
2026-06-02 00:00:08+00:00 | (572334 files, 22% size)
2026-06-02 00:00:18+00:00 | (572374 files, 22% size)
2026-06-02 00:00:28+00:00 | (572414 files, 22% size)
2026-06-02 00:00:38+00:00 | (572454 files, 22% size)
2026-06-02 00:00:48+00:00 | (572494 files, 22% size)
2026-06-02 00:00:58+00:00 | (572534 files, 22% size)
2026-06-02 00:01:08+00:00 | (572574 files, 22% size)
2026-06-02 00:01:18+00:00 | (572614 files, 22% size)
2026-06-02 00:01:28+00:00 | (572654 files, 22% size)
2026-06-02 00:01:38+00:00 | (572694 files, 22% size)
2026-06-02 00:01:48+00:00 | (572734 files, 22% size)
2026-06-02 00:01:58+00:00 | (572774 files, 22% size)
2026-06-02 00:02:08+00:00 | (572814 files, 22% size)
2026-06-02 00:02:18+00:00 | (572854 files, 22% size)
2026-06-02 00:02:28+00:00 | (572894 files, 22% size)
2026-06-02 00:02:38+00:00 | (572934 files, 22% size)
2026-06-02 00:02:48+00:00 | (572974 files, 22% size)
2026-06-02 00:02:58+00:00 | (573014 files, 22% size)
2026-06-02 00:03:08+00:00 | (573054 files, 22% size)
2026-06-02 00:03:18+00:00 | (573094 files, 22% size)
2026-06-02 00:03:28+00:00 | (573134 files, 22% size)
2026-06-02 00:03:38+00:00 | (573174 files, 22% size)
2026-06-02 00:03:48+00:00 | (573214 files, 22% size)
2026-06-02 00:03:58+00:00 | (573254 files, 22% size)
2026-06-02 00:04:08+00:00 | (573294 files, 22% size)
2026-06-02 00:04:18+00:00 | (573334 files, 22% size)
2026-06-02 00:04:28+00:00 | (573374 files, 22% size)
2026-06-02 00:04:38+00:00 | (573414 files, 22% size)
2026-06-02 00:04:48+00:00 | (573454 files, 22% size)
2026-06-02 00:04:58+00:00 | (573494 files, 22% size)
2026-06-02 00:05:08+00:00 | (573534 files, 22% size)
2026-06-02 00:05:18+00:00 | (573574 files, 22% size)
2026-06-02 00:05:28+00:00 | (573614 files, 22% size)
2026-06-02 00:05:38+00:00 | (573654 files, 22% size)
2026-06-02 00:05:48+00:00 | (573694 files, 22% size)
2026-06-02 00:05:58+00:00 | (573734 files, 22% size)
2026-06-02 00:06:08+00:00 | (573774 files, 22% size)
2026-06-02 00:06:18+00:00 | (573814 files, 22% size)
2026-06-02 00:06:28+00:00 | (573854 files, 22% size)
2026-06-02 00:06:38+00:00 | (573894 files, 22% size)
2026-06-02 00:06:48+00:00 | (573934 files, 23% size)
2026-06-02 00:06:58+00:00 | (573974 files, 23% size)
2026-06-02 00:07:08+00:00 | (574014 files, 23% size)
2026-06-02 00:07:18+00:00 | (574054 files, 23% size)
2026-06-02 00:07:28+00:00 | (574094 files, 23% size)
2026-06-02 00:07:38+00:00 | (574134 files, 23% size)
2026-06-02 00:07:48+00:00 | (574174 files, 23% size)
2026-06-02 00:07:58+00:00 | (574214 files, 23% size)
2026-06-02 00:08:08+00:00 | (574254 files, 23% size)
2026-06-02 00:08:18+00:00 | (574294 files, 23% size)
2026-06-02 00:08:28+00:00 | (574334 files, 23% size)
2026-06-02 00:08:38+00:00 | (574374 files, 23% size)
2026-06-02 00:08:48+00:00 | (574414 files, 23% size)
2026-06-02 00:08:58+00:00 | (574454 files, 23% size)
2026-06-02 00:09:08+00:00 | (574494 files, 23% size)
2026-06-02 00:09:18+00:00 | (574534 files, 23% size)
2026-06-02 00:09:28+00:00 | (574574 files, 23% size)
2026-06-02 00:09:38+00:00 | (574614 files, 23% size)
2026-06-02 00:09:48+00:00 | (574654 files, 23% size)
2026-06-02 00:09:58+00:00 | (574694 files, 23% size)
2026-06-02 00:10:08+00:00 | (574734 files, 23% size)
2026-06-02 00:10:18+00:00 | (574774 files, 23% size)
2026-06-02 00:10:28+00:00 | (574814 files, 23% size)
2026-06-02 00:10:38+00:00 | (574854 files, 23% size)
2026-06-02 00:10:48+00:00 | (574894 files, 23% size)
2026-06-02 00:10:58+00:00 | (574934 files, 23% size)
2026-06-02 00:11:08+00:00 | (574974 files, 23% size)
2026-06-02 00:11:18+00:00 | (575014 files, 23% size)
2026-06-02 00:11:28+00:00 | (575054 files, 23% size)
2026-06-02 00:11:38+00:00 | (575094 files, 23% size)
2026-06-02 00:11:48+00:00 | (575134 files, 23% size)
2026-06-02 00:11:58+00:00 | (575174 files, 23% size)
2026-06-02 00:12:08+00:00 | (575214 files, 23% size)
2026-06-02 00:12:18+00:00 | (575254 files, 23% size)
2026-06-02 00:12:28+00:00 | (575294 files, 23% size)
2026-06-02 00:12:38+00:00 | (575334 files, 23% size)
2026-06-02 00:12:48+00:00 | (575374 files, 23% size)
2026-06-02 00:12:58+00:00 | (575414 files, 23% size)
2026-06-02 00:13:08+00:00 | (575454 files, 23% size)
2026-06-02 00:13:18+00:00 | (575494 files, 23% size)
2026-06-02 00:13:28+00:00 | (575534 files, 23% size)
2026-06-02 00:13:38+00:00 | (575574 files, 23% size)
2026-06-02 00:13:48+00:00 | (575614 files, 23% size)
2026-06-02 00:13:58+00:00 | (575654 files, 23% size)
2026-06-02 00:14:08+00:00 | (575694 files, 23% size)
2026-06-02 00:14:18+00:00 | (575734 files, 23% size)
2026-06-02 00:14:28+00:00 | (575774 files, 23% size)
2026-06-02 00:14:38+00:00 | (575814 files, 23% size)
2026-06-02 00:14:48+00:00 | (575854 files, 23% size)
2026-06-02 00:14:58+00:00 | (575894 files, 23% size)
2026-06-02 00:15:08+00:00 | (575934 files, 23% size)
2026-06-02 00:15:18+00:00 | (575974 files, 23% size)
2026-06-02 00:15:28+00:00 | (576014 files, 23% size)
2026-06-02 00:15:38+00:00 | (576054 files, 23% size)
2026-06-02 00:15:48+00:00 | (576094 files, 23% size)
2026-06-02 00:15:58+00:00 | (576134 files, 23% size)
2026-06-02 00:16:08+00:00 | (576174 files, 23% size)
2026-06-02 00:16:18+00:00 | (576214 files, 23% size)
2026-06-02 00:16:28+00:00 | (576254 files, 23% size)
2026-06-02 00:16:38+00:00 | (576294 files, 23% size)
2026-06-02 00:16:48+00:00 | (576334 files, 23% size)
2026-06-02 00:16:58+00:00 | (576374 files, 23% size)
2026-06-02 00:17:08+00:00 | (576414 files, 23% size)
2026-06-02 00:17:18+00:00 | (576454 files, 23% size)
2026-06-02 00:17:28+00:00 | (576494 files, 23% size)
2026-06-02 00:17:38+00:00 | (576534 files, 23% size)
2026-06-02 00:17:48+00:00 | (576574 files, 23% size)
2026-06-02 00:17:58+00:00 | (576614 files, 23% size)
2026-06-02 00:18:08+00:00 | (576654 files, 23% size)
2026-06-02 00:18:18+00:00 | (576694 files, 23% size)
2026-06-02 00:18:28+00:00 | (576734 files, 23% size)
2026-06-02 00:18:38+00:00 | (576774 files, 23% size)
2026-06-02 00:18:48+00:00 | (576814 files, 23% size)
2026-06-02 00:18:58+00:00 | (576854 files, 23% size)
2026-06-02 00:19:08+00:00 | (576894 files, 23% size)
2026-06-02 00:19:18+00:00 | (576934 files, 23% size)
2026-06-02 00:19:28+00:00 | (576974 files, 23% size)
2026-06-02 00:19:38+00:00 | (577014 files, 23% size)
2026-06-02 00:19:48+00:00 | (577054 files, 23% size)
2026-06-02 00:19:58+00:00 | (577094 files, 23% size)
2026-06-02 00:20:08+00:00 | (577134 files, 23% size)
2026-06-02 00:20:18+00:00 | (577174 files, 23% size)
2026-06-02 00:20:28+00:00 | (577214 files, 23% size)
2026-06-02 00:20:38+00:00 | (577254 files, 23% size)
2026-06-02 00:20:48+00:00 | (577294 files, 23% size)
2026-06-02 00:20:58+00:00 | (577334 files, 23% size)
2026-06-02 00:21:08+00:00 | (577374 files, 23% size)
2026-06-02 00:21:18+00:00 | (577414 files, 23% size)
2026-06-02 00:21:28+00:00 | (577454 files, 23% size)
2026-06-02 00:21:38+00:00 | (577494 files, 23% size)
2026-06-02 00:21:48+00:00 | (577534 files, 23% size)
2026-06-02 00:21:58+00:00 | (577574 files, 23% size)
2026-06-02 00:22:08+00:00 | (577614 files, 23% size)
2026-06-02 00:22:18+00:00 | (577654 files, 23% size)
2026-06-02 00:22:28+00:00 | (577694 files, 23% size)
2026-06-02 00:22:38+00:00 | (577734 files, 23% size)
2026-06-02 00:22:48+00:00 | (577774 files, 23% size)
2026-06-02 00:22:58+00:00 | (577814 files, 23% size)
2026-06-02 00:23:08+00:00 | (577854 files, 23% size)
2026-06-02 00:23:18+00:00 | (577894 files, 23% size)
2026-06-02 00:23:28+00:00 | (577934 files, 23% size)
2026-06-02 00:23:38+00:00 | (577974 files, 23% size)
2026-06-02 00:23:48+00:00 | (578014 files, 23% size)
2026-06-02 00:23:58+00:00 | (578054 files, 23% size)
2026-06-02 00:24:08+00:00 | (578094 files, 23% size)
2026-06-02 00:24:18+00:00 | (578134 files, 23% size)
2026-06-02 00:24:28+00:00 | (578174 files, 23% size)
2026-06-02 00:24:38+00:00 | (578214 files, 23% size)
2026-06-02 00:24:48+00:00 | (578254 files, 23% size)
2026-06-02 00:24:58+00:00 | (578294 files, 23% size)
2026-06-02 00:25:08+00:00 | (578334 files, 23% size)
2026-06-02 00:25:18+00:00 | (578374 files, 23% size)
2026-06-02 00:25:28+00:00 | (578414 files, 23% size)
2026-06-02 00:25:38+00:00 | (578454 files, 23% size)
2026-06-02 00:25:48+00:00 | (578494 files, 23% size)
2026-06-02 00:25:58+00:00 | (578534 files, 23% size)
2026-06-02 00:26:08+00:00 | (578574 files, 23% size)
2026-06-02 00:26:18+00:00 | (578614 files, 23% size)
2026-06-02 00:26:28+00:00 | (578654 files, 23% size)
2026-06-02 00:26:38+00:00 | (578694 files, 23% size)
2026-06-02 00:26:48+00:00 | (578734 files, 23% size)
2026-06-02 00:26:58+00:00 | (578774 files, 23% size)
2026-06-02 00:27:08+00:00 | (578814 files, 23% size)
2026-06-02 00:27:18+00:00 | (578854 files, 23% size)
2026-06-02 00:27:28+00:00 | (578894 files, 23% size)
2026-06-02 00:27:38+00:00 | (578934 files, 23% size)
2026-06-02 00:27:48+00:00 | (578974 files, 23% size)
2026-06-02 00:27:58+00:00 | (579014 files, 23% size)
2026-06-02 00:28:08+00:00 | (579054 files, 23% size)
2026-06-02 00:28:18+00:00 | (579094 files, 23% size)
2026-06-02 00:28:28+00:00 | (579134 files, 23% size)
2026-06-02 00:28:38+00:00 | (579174 files, 23% size)
2026-06-02 00:28:48+00:00 | (579214 files, 23% size)
2026-06-02 00:28:58+00:00 | (579254 files, 23% size)
2026-06-02 00:29:08+00:00 | (579294 files, 23% size)
2026-06-02 00:29:18+00:00 | (579334 files, 23% size)
2026-06-02 00:29:28+00:00 | (579374 files, 23% size)
2026-06-02 00:29:38+00:00 | (579414 files, 23% size)
2026-06-02 00:29:48+00:00 | (579454 files, 23% size)
2026-06-02 00:29:58+00:00 | (579494 files, 23% size)
2026-06-02 00:30:08+00:00 | (579534 files, 23% size)
2026-06-02 00:30:18+00:00 | (579574 files, 23% size)
2026-06-02 00:30:28+00:00 | (579614 files, 23% size)
2026-06-02 00:30:38+00:00 | (579654 files, 23% size)
2026-06-02 00:30:48+00:00 | (579694 files, 23% size)
2026-06-02 00:30:58+00:00 | (579734 files, 23% size)
2026-06-02 00:31:08+00:00 | (579774 files, 23% size)
2026-06-02 00:31:18+00:00 | (579814 files, 23% size)
2026-06-02 00:31:28+00:00 | (579854 files, 23% size)
2026-06-02 00:31:38+00:00 | (579894 files, 23% size)
2026-06-02 00:31:48+00:00 | (579934 files, 23% size)
2026-06-02 00:31:58+00:00 | (579974 files, 23% size)
2026-06-02 00:32:08+00:00 | (580014 files, 23% size)
2026-06-02 00:32:18+00:00 | (580054 files, 23% size)
2026-06-02 00:32:28+00:00 | (580094 files, 23% size)
2026-06-02 00:32:38+00:00 | (580134 files, 23% size)
2026-06-02 00:32:48+00:00 | (580174 files, 23% size)
2026-06-02 00:32:58+00:00 | (580214 files, 23% size)
2026-06-02 00:33:08+00:00 | (580254 files, 23% size)
2026-06-02 00:33:18+00:00 | (580294 files, 23% size)
2026-06-02 00:33:28+00:00 | (580334 files, 23% size)
2026-06-02 00:33:38+00:00 | (580374 files, 23% size)
2026-06-02 00:33:48+00:00 | (580414 files, 23% size)
2026-06-02 00:33:58+00:00 | (580454 files, 23% size)
2026-06-02 00:34:08+00:00 | (580494 files, 23% size)
2026-06-02 00:34:18+00:00 | (580534 files, 23% size)
2026-06-02 00:34:28+00:00 | (580574 files, 23% size)
2026-06-02 00:34:38+00:00 | (580614 files, 23% size)
2026-06-02 00:34:48+00:00 | (580654 files, 23% size)
2026-06-02 00:34:58+00:00 | (580694 files, 23% size)
2026-06-02 00:35:08+00:00 | (580734 files, 23% size)
2026-06-02 00:35:18+00:00 | (580774 files, 23% size)
2026-06-02 00:35:28+00:00 | (580814 files, 23% size)
2026-06-02 00:35:38+00:00 | (580854 files, 23% size)
2026-06-02 00:35:48+00:00 | (580894 files, 23% size)
2026-06-02 00:35:58+00:00 | (580934 files, 23% size)
2026-06-02 00:36:08+00:00 | (580974 files, 23% size)
2026-06-02 00:36:18+00:00 | (581014 files, 23% size)
2026-06-02 00:36:28+00:00 | (581054 files, 23% size)
2026-06-02 00:36:38+00:00 | (581094 files, 23% size)
2026-06-02 00:36:48+00:00 | (581134 files, 23% size)
2026-06-02 00:36:58+00:00 | (581174 files, 23% size)
2026-06-02 00:37:08+00:00 | (581214 files, 23% size)
2026-06-02 00:37:18+00:00 | (581254 files, 23% size)
2026-06-02 00:37:28+00:00 | (581294 files, 23% size)
2026-06-02 00:37:38+00:00 | (581334 files, 23% size)
2026-06-02 00:37:48+00:00 | (581374 files, 23% size)
2026-06-02 00:37:58+00:00 | (581414 files, 23% size)
2026-06-02 00:38:08+00:00 | (581454 files, 23% size)
2026-06-02 00:38:18+00:00 | (581494 files, 23% size)
2026-06-02 00:38:28+00:00 | (581534 files, 23% size)
2026-06-02 00:38:38+00:00 | (581574 files, 23% size)
2026-06-02 00:38:48+00:00 | (581614 files, 23% size)
2026-06-02 00:38:58+00:00 | (581654 files, 23% size)
2026-06-02 00:39:08+00:00 | (581694 files, 23% size)
2026-06-02 00:39:18+00:00 | (581734 files, 23% size)
2026-06-02 00:39:28+00:00 | (581774 files, 23% size)
2026-06-02 00:39:38+00:00 | (581814 files, 23% size)
2026-06-02 00:39:48+00:00 | (581854 files, 23% size)
2026-06-02 00:39:58+00:00 | (581894 files, 23% size)
2026-06-02 00:40:08+00:00 | (581934 files, 23% size)
2026-06-02 00:40:18+00:00 | (581974 files, 23% size)
2026-06-02 00:40:28+00:00 | (582014 files, 23% size)
2026-06-02 00:40:38+00:00 | (582054 files, 23% size)
2026-06-02 00:40:48+00:00 | (582094 files, 23% size)
2026-06-02 00:40:58+00:00 | (582134 files, 23% size)
2026-06-02 00:41:08+00:00 | (582174 files, 23% size)
2026-06-02 00:41:18+00:00 | (582214 files, 23% size)
2026-06-02 00:41:28+00:00 | (582254 files, 23% size)
2026-06-02 00:41:38+00:00 | (582294 files, 23% size)
2026-06-02 00:41:48+00:00 | (582334 files, 23% size)
2026-06-02 00:41:58+00:00 | (582374 files, 23% size)
2026-06-02 00:42:08+00:00 | (582414 files, 23% size)
2026-06-02 00:42:18+00:00 | (582454 files, 23% size)
2026-06-02 00:42:28+00:00 | (582494 files, 23% size)
2026-06-02 00:42:38+00:00 | (582534 files, 23% size)
2026-06-02 00:42:48+00:00 | (582574 files, 23% size)
2026-06-02 00:42:58+00:00 | (582614 files, 23% size)
2026-06-02 00:43:08+00:00 | (582654 files, 23% size)
2026-06-02 00:43:18+00:00 | (582694 files, 23% size)
2026-06-02 00:43:28+00:00 | (582734 files, 23% size)
2026-06-02 00:43:38+00:00 | (582774 files, 23% size)
2026-06-02 00:43:48+00:00 | (582814 files, 23% size)
2026-06-02 00:43:58+00:00 | (582854 files, 23% size)
2026-06-02 00:44:08+00:00 | (582894 files, 23% size)
2026-06-02 00:44:18+00:00 | (582934 files, 23% size)
2026-06-02 00:44:28+00:00 | (582974 files, 23% size)
2026-06-02 00:44:38+00:00 | (583014 files, 23% size)
2026-06-02 00:44:48+00:00 | (583054 files, 23% size)
2026-06-02 00:44:58+00:00 | (583094 files, 23% size)
2026-06-02 00:45:08+00:00 | (583134 files, 23% size)
2026-06-02 00:45:18+00:00 | (583174 files, 23% size)
2026-06-02 00:45:28+00:00 | (583214 files, 23% size)
2026-06-02 00:45:38+00:00 | (583254 files, 23% size)
2026-06-02 00:45:48+00:00 | (583294 files, 23% size)
2026-06-02 00:45:58+00:00 | (583334 files, 23% size)
2026-06-02 00:46:08+00:00 | (583374 files, 23% size)
2026-06-02 00:46:18+00:00 | (583414 files, 23% size)
2026-06-02 00:46:28+00:00 | (583454 files, 23% size)
2026-06-02 00:46:38+00:00 | (583494 files, 23% size)
2026-06-02 00:46:48+00:00 | (583534 files, 23% size)
2026-06-02 00:46:58+00:00 | (583574 files, 23% size)
2026-06-02 00:47:08+00:00 | (583614 files, 23% size)
2026-06-02 00:47:18+00:00 | (583654 files, 23% size)
2026-06-02 00:47:28+00:00 | (583694 files, 23% size)
2026-06-02 00:47:38+00:00 | (583734 files, 23% size)
2026-06-02 00:47:48+00:00 | (583774 files, 23% size)
2026-06-02 00:47:58+00:00 | (583814 files, 23% size)
2026-06-02 00:48:08+00:00 | (583854 files, 23% size)
2026-06-02 00:48:18+00:00 | (583894 files, 23% size)
2026-06-02 00:48:28+00:00 | (583934 files, 23% size)
2026-06-02 00:48:38+00:00 | (583974 files, 23% size)
2026-06-02 00:48:48+00:00 | (584014 files, 23% size)
2026-06-02 00:48:58+00:00 | (584054 files, 23% size)
2026-06-02 00:49:08+00:00 | (584094 files, 23% size)
2026-06-02 00:49:18+00:00 | (584134 files, 23% size)
2026-06-02 00:49:28+00:00 | (584174 files, 23% size)
2026-06-02 00:49:38+00:00 | (584214 files, 23% size)
2026-06-02 00:49:48+00:00 | (584254 files, 23% size)
2026-06-02 00:49:58+00:00 | (584294 files, 23% size)
2026-06-02 00:50:08+00:00 | (584334 files, 23% size)
2026-06-02 00:50:18+00:00 | (584374 files, 23% size)
2026-06-02 00:50:28+00:00 | (584414 files, 23% size)
2026-06-02 00:50:38+00:00 | (584454 files, 23% size)
2026-06-02 00:50:48+00:00 | (584494 files, 23% size)
2026-06-02 00:50:58+00:00 | (584534 files, 23% size)
2026-06-02 00:51:08+00:00 | (584574 files, 23% size)
2026-06-02 00:51:18+00:00 | (584614 files, 23% size)
2026-06-02 00:51:28+00:00 | (584654 files, 23% size)
2026-06-02 00:51:38+00:00 | (584694 files, 23% size)
2026-06-02 00:51:48+00:00 | (584734 files, 23% size)
2026-06-02 00:51:58+00:00 | (584774 files, 23% size)
2026-06-02 00:52:08+00:00 | (584814 files, 23% size)
2026-06-02 00:52:18+00:00 | (584854 files, 23% size)
2026-06-02 00:52:28+00:00 | (584894 files, 23% size)
2026-06-02 00:52:38+00:00 | (584934 files, 23% size)
2026-06-02 00:52:48+00:00 | (584974 files, 23% size)
2026-06-02 00:52:58+00:00 | (585014 files, 23% size)
2026-06-02 00:53:08+00:00 | (585054 files, 23% size)
2026-06-02 00:53:18+00:00 | (585094 files, 23% size)
2026-06-02 00:53:28+00:00 | (585134 files, 23% size)
2026-06-02 00:53:38+00:00 | (585174 files, 23% size)
2026-06-02 00:53:48+00:00 | (585214 files, 23% size)
2026-06-02 00:53:58+00:00 | (585254 files, 23% size)
2026-06-02 00:54:08+00:00 | (585294 files, 23% size)
2026-06-02 00:54:18+00:00 | (585334 files, 23% size)
2026-06-02 00:54:28+00:00 | (585374 files, 23% size)
2026-06-02 00:54:38+00:00 | (585414 files, 23% size)
2026-06-02 00:54:48+00:00 | (585454 files, 23% size)
2026-06-02 00:54:58+00:00 | (585494 files, 23% size)
2026-06-02 00:55:08+00:00 | (585534 files, 23% size)
2026-06-02 00:55:18+00:00 | (585574 files, 23% size)
2026-06-02 00:55:28+00:00 | (585614 files, 23% size)
2026-06-02 00:55:38+00:00 | (585654 files, 23% size)
2026-06-02 00:55:48+00:00 | (585694 files, 23% size)
2026-06-02 00:55:58+00:00 | (585734 files, 23% size)
2026-06-02 00:56:08+00:00 | (585774 files, 23% size)
2026-06-02 00:56:18+00:00 | (585814 files, 23% size)
2026-06-02 00:56:28+00:00 | (585854 files, 23% size)
2026-06-02 00:56:38+00:00 | (585894 files, 23% size)
2026-06-02 00:56:48+00:00 | (585934 files, 23% size)
2026-06-02 00:56:58+00:00 | (585974 files, 23% size)
2026-06-02 00:57:08+00:00 | (586014 files, 23% size)
2026-06-02 00:57:18+00:00 | (586054 files, 23% size)
2026-06-02 00:57:28+00:00 | (586094 files, 23% size)
2026-06-02 00:57:38+00:00 | (586134 files, 23% size)
2026-06-02 00:57:48+00:00 | (586174 files, 23% size)
2026-06-02 00:57:58+00:00 | (586214 files, 23% size)
2026-06-02 00:58:08+00:00 | (586254 files, 23% size)
2026-06-02 00:58:18+00:00 | (586294 files, 23% size)
2026-06-02 00:58:28+00:00 | (586334 files, 23% size)
2026-06-02 00:58:38+00:00 | (586374 files, 23% size)
2026-06-02 00:58:48+00:00 | (586414 files, 23% size)
2026-06-02 00:58:58+00:00 | (586454 files, 23% size)
2026-06-02 00:59:08+00:00 | (586494 files, 23% size)
2026-06-02 00:59:18+00:00 | (586534 files, 23% size)
2026-06-02 00:59:28+00:00 | (586574 files, 23% size)
2026-06-02 00:59:38+00:00 | (586614 files, 23% size)
2026-06-02 00:59:48+00:00 | (586654 files, 23% size)
2026-06-02 00:59:58+00:00 | (586694 files, 23% size)
2026-06-02 01:00:08+00:00 | (586734 files, 23% size)
2026-06-02 01:00:18+00:00 | (586774 files, 23% size)
2026-06-02 01:00:28+00:00 | (586814 files, 23% size)
2026-06-02 01:00:38+00:00 | (586854 files, 23% size)
2026-06-02 01:00:48+00:00 | (586894 files, 23% size)
2026-06-02 01:00:58+00:00 | (586934 files, 23% size)
2026-06-02 01:01:08+00:00 | (586974 files, 23% size)
2026-06-02 01:01:18+00:00 | (587014 files, 23% size)
2026-06-02 01:01:28+00:00 | (587054 files, 23% size)
2026-06-02 01:01:38+00:00 | (587094 files, 23% size)
2026-06-02 01:01:48+00:00 | (587134 files, 23% size)
2026-06-02 01:01:58+00:00 | (587174 files, 23% size)
2026-06-02 01:02:08+00:00 | (587214 files, 23% size)
2026-06-02 01:02:18+00:00 | (587254 files, 23% size)
2026-06-02 01:02:28+00:00 | (587294 files, 23% size)
2026-06-02 01:02:38+00:00 | (587334 files, 23% size)
2026-06-02 01:02:48+00:00 | (587374 files, 23% size)
2026-06-02 01:02:58+00:00 | (587414 files, 23% size)
2026-06-02 01:03:08+00:00 | (587454 files, 23% size)
2026-06-02 01:03:18+00:00 | (587494 files, 23% size)
2026-06-02 01:03:28+00:00 | (587534 files, 23% size)
2026-06-02 01:03:38+00:00 | (587574 files, 23% size)
2026-06-02 01:03:48+00:00 | (587614 files, 23% size)
2026-06-02 01:03:58+00:00 | (587654 files, 23% size)
2026-06-02 01:04:08+00:00 | (587694 files, 23% size)
2026-06-02 01:04:18+00:00 | (587734 files, 23% size)
2026-06-02 01:04:28+00:00 | (587774 files, 23% size)
2026-06-02 01:04:38+00:00 | (587814 files, 23% size)
2026-06-02 01:04:48+00:00 | (587854 files, 23% size)
2026-06-02 01:04:58+00:00 | (587894 files, 23% size)
2026-06-02 01:05:08+00:00 | (587934 files, 23% size)
2026-06-02 01:05:18+00:00 | (587974 files, 23% size)
2026-06-02 01:05:28+00:00 | (588014 files, 23% size)
2026-06-02 01:05:38+00:00 | (588054 files, 23% size)
2026-06-02 01:05:48+00:00 | (588094 files, 23% size)
2026-06-02 01:05:58+00:00 | (588134 files, 23% size)
2026-06-02 01:06:08+00:00 | (588174 files, 23% size)
2026-06-02 01:06:18+00:00 | (588214 files, 23% size)
2026-06-02 01:06:28+00:00 | (588254 files, 23% size)
2026-06-02 01:06:38+00:00 | (588294 files, 23% size)
2026-06-02 01:06:48+00:00 | (588334 files, 23% size)
2026-06-02 01:06:58+00:00 | (588374 files, 23% size)
2026-06-02 01:07:08+00:00 | (588414 files, 23% size)
2026-06-02 01:07:18+00:00 | (588454 files, 23% size)
2026-06-02 01:07:28+00:00 | (588494 files, 23% size)
2026-06-02 01:07:38+00:00 | (588534 files, 23% size)
2026-06-02 01:07:48+00:00 | (588574 files, 23% size)
2026-06-02 01:07:58+00:00 | (588614 files, 23% size)
2026-06-02 01:08:08+00:00 | (588654 files, 23% size)
2026-06-02 01:08:18+00:00 | (588694 files, 23% size)
2026-06-02 01:08:28+00:00 | (588734 files, 23% size)
2026-06-02 01:08:38+00:00 | (588774 files, 23% size)
2026-06-02 01:08:48+00:00 | (588814 files, 23% size)
2026-06-02 01:08:58+00:00 | (588854 files, 23% size)
2026-06-02 01:09:08+00:00 | (588894 files, 23% size)
2026-06-02 01:09:18+00:00 | (588934 files, 23% size)
2026-06-02 01:09:28+00:00 | (588974 files, 23% size)
2026-06-02 01:09:38+00:00 | (589014 files, 23% size)
2026-06-02 01:09:48+00:00 | (589054 files, 23% size)
2026-06-02 01:09:58+00:00 | (589094 files, 23% size)
2026-06-02 01:10:08+00:00 | (589134 files, 23% size)
2026-06-02 01:10:18+00:00 | (589174 files, 23% size)
2026-06-02 01:10:28+00:00 | (589214 files, 23% size)
2026-06-02 01:10:38+00:00 | (589254 files, 23% size)
2026-06-02 01:10:48+00:00 | (589294 files, 23% size)
2026-06-02 01:10:58+00:00 | (589334 files, 23% size)
2026-06-02 01:11:08+00:00 | (589374 files, 23% size)
2026-06-02 01:11:18+00:00 | (589414 files, 23% size)
2026-06-02 01:11:28+00:00 | (589454 files, 23% size)
2026-06-02 01:11:38+00:00 | (589494 files, 23% size)
2026-06-02 01:11:48+00:00 | (589534 files, 23% size)
2026-06-02 01:11:58+00:00 | (589574 files, 23% size)
2026-06-02 01:12:08+00:00 | (589614 files, 23% size)
2026-06-02 01:12:18+00:00 | (589654 files, 23% size)
2026-06-02 01:12:28+00:00 | (589694 files, 23% size)
2026-06-02 01:12:38+00:00 | (589734 files, 23% size)
2026-06-02 01:12:48+00:00 | (589774 files, 23% size)
2026-06-02 01:12:58+00:00 | (589814 files, 23% size)
2026-06-02 01:13:08+00:00 | (589854 files, 23% size)
2026-06-02 01:13:18+00:00 | (589894 files, 23% size)
2026-06-02 01:13:28+00:00 | (589934 files, 23% size)
2026-06-02 01:13:38+00:00 | (589974 files, 23% size)
2026-06-02 01:13:48+00:00 | (590014 files, 23% size)
2026-06-02 01:13:58+00:00 | (590054 files, 23% size)
2026-06-02 01:14:08+00:00 | (590094 files, 23% size)
2026-06-02 01:14:18+00:00 | (590134 files, 23% size)
2026-06-02 01:14:28+00:00 | (590174 files, 23% size)
2026-06-02 01:14:38+00:00 | (590214 files, 23% size)
2026-06-02 01:14:48+00:00 | (590254 files, 23% size)
2026-06-02 01:14:58+00:00 | (590294 files, 23% size)
2026-06-02 01:15:08+00:00 | (590334 files, 23% size)
2026-06-02 01:15:18+00:00 | (590374 files, 23% size)
2026-06-02 01:15:28+00:00 | (590414 files, 23% size)
2026-06-02 01:15:38+00:00 | (590454 files, 23% size)
2026-06-02 01:15:48+00:00 | (590494 files, 23% size)
2026-06-02 01:15:58+00:00 | (590534 files, 23% size)
2026-06-02 01:16:08+00:00 | (590574 files, 23% size)
2026-06-02 01:16:18+00:00 | (590614 files, 23% size)
2026-06-02 01:16:28+00:00 | (590654 files, 23% size)
2026-06-02 01:16:38+00:00 | (590694 files, 23% size)
2026-06-02 01:16:48+00:00 | (590734 files, 23% size)
2026-06-02 01:16:58+00:00 | (590774 files, 23% size)
2026-06-02 01:17:08+00:00 | (590814 files, 23% size)
2026-06-02 01:17:18+00:00 | (590854 files, 23% size)
2026-06-02 01:17:28+00:00 | (590894 files, 23% size)
2026-06-02 01:17:38+00:00 | (590934 files, 23% size)
2026-06-02 01:17:48+00:00 | (590974 files, 23% size)
2026-06-02 01:17:58+00:00 | (591014 files, 23% size)
2026-06-02 01:18:08+00:00 | (591054 files, 23% size)
2026-06-02 01:18:18+00:00 | (591094 files, 23% size)
2026-06-02 01:18:28+00:00 | (591134 files, 23% size)
2026-06-02 01:18:38+00:00 | (591174 files, 23% size)
2026-06-02 01:18:48+00:00 | (591214 files, 23% size)
2026-06-02 01:18:58+00:00 | (591254 files, 23% size)
2026-06-02 01:19:08+00:00 | (591294 files, 23% size)
2026-06-02 01:19:18+00:00 | (591334 files, 23% size)
2026-06-02 01:19:28+00:00 | (591374 files, 23% size)
2026-06-02 01:19:38+00:00 | (591414 files, 23% size)
2026-06-02 01:19:48+00:00 | (591454 files, 23% size)
2026-06-02 01:19:58+00:00 | (591494 files, 23% size)
2026-06-02 01:20:08+00:00 | (591534 files, 23% size)
2026-06-02 01:20:18+00:00 | (591574 files, 23% size)
2026-06-02 01:20:28+00:00 | (591614 files, 23% size)
2026-06-02 01:20:38+00:00 | (591654 files, 23% size)
2026-06-02 01:20:48+00:00 | (591694 files, 23% size)
2026-06-02 01:20:58+00:00 | (591734 files, 23% size)
2026-06-02 01:21:08+00:00 | (591774 files, 23% size)
2026-06-02 01:21:18+00:00 | (591814 files, 23% size)
2026-06-02 01:21:28+00:00 | (591854 files, 23% size)
2026-06-02 01:21:38+00:00 | (591894 files, 23% size)
2026-06-02 01:21:48+00:00 | (591934 files, 23% size)
2026-06-02 01:21:58+00:00 | (591974 files, 23% size)
2026-06-02 01:22:08+00:00 | (592014 files, 23% size)
2026-06-02 01:22:18+00:00 | (592054 files, 23% size)
2026-06-02 01:22:28+00:00 | (592094 files, 23% size)
2026-06-02 01:22:38+00:00 | (592134 files, 23% size)
2026-06-02 01:22:48+00:00 | (592174 files, 23% size)
2026-06-02 01:22:58+00:00 | (592214 files, 23% size)
2026-06-02 01:23:08+00:00 | (592254 files, 23% size)
2026-06-02 01:23:18+00:00 | (592294 files, 23% size)
2026-06-02 01:23:28+00:00 | (592334 files, 23% size)
2026-06-02 01:23:38+00:00 | (592374 files, 23% size)
2026-06-02 01:23:48+00:00 | (592414 files, 23% size)
2026-06-02 01:23:58+00:00 | (592454 files, 23% size)
2026-06-02 01:24:08+00:00 | (592494 files, 23% size)
2026-06-02 01:24:18+00:00 | (592534 files, 23% size)
2026-06-02 01:24:28+00:00 | (592574 files, 23% size)
2026-06-02 01:24:38+00:00 | (592614 files, 23% size)
2026-06-02 01:24:48+00:00 | (592654 files, 23% size)
2026-06-02 01:24:58+00:00 | (592694 files, 23% size)
2026-06-02 01:25:08+00:00 | (592734 files, 23% size)
2026-06-02 01:25:18+00:00 | (592774 files, 23% size)
2026-06-02 01:25:28+00:00 | (592814 files, 23% size)
2026-06-02 01:25:38+00:00 | (592854 files, 23% size)
2026-06-02 01:25:48+00:00 | (592894 files, 23% size)
2026-06-02 01:25:58+00:00 | (592934 files, 23% size)
2026-06-02 01:26:08+00:00 | (592974 files, 23% size)
2026-06-02 01:26:18+00:00 | (593014 files, 23% size)
2026-06-02 01:26:28+00:00 | (593054 files, 23% size)
2026-06-02 01:26:38+00:00 | (593094 files, 23% size)
2026-06-02 01:26:48+00:00 | (593134 files, 23% size)
2026-06-02 01:26:58+00:00 | (593174 files, 23% size)
2026-06-02 01:27:08+00:00 | (593214 files, 23% size)
2026-06-02 01:27:18+00:00 | (593254 files, 23% size)
2026-06-02 01:27:28+00:00 | (593294 files, 23% size)
2026-06-02 01:27:38+00:00 | (593334 files, 23% size)
2026-06-02 01:27:48+00:00 | (593374 files, 23% size)
2026-06-02 01:27:58+00:00 | (593414 files, 23% size)
2026-06-02 01:28:08+00:00 | (593454 files, 23% size)
2026-06-02 01:28:18+00:00 | (593494 files, 23% size)
2026-06-02 01:28:28+00:00 | (593534 files, 23% size)
2026-06-02 01:28:38+00:00 | (593574 files, 23% size)
2026-06-02 01:28:48+00:00 | (593614 files, 23% size)
2026-06-02 01:28:58+00:00 | (593654 files, 23% size)
2026-06-02 01:29:08+00:00 | (593694 files, 23% size)
2026-06-02 01:29:18+00:00 | (593734 files, 23% size)
2026-06-02 01:29:28+00:00 | (593774 files, 23% size)
2026-06-02 01:29:38+00:00 | (593814 files, 23% size)
2026-06-02 01:29:48+00:00 | (593854 files, 23% size)
2026-06-02 01:29:58+00:00 | (593894 files, 23% size)
2026-06-02 01:30:08+00:00 | (593934 files, 23% size)
2026-06-02 01:30:18+00:00 | (593974 files, 23% size)
2026-06-02 01:30:28+00:00 | (594014 files, 23% size)
2026-06-02 01:30:38+00:00 | (594054 files, 23% size)
2026-06-02 01:30:48+00:00 | (594094 files, 23% size)
2026-06-02 01:30:58+00:00 | (594134 files, 23% size)
2026-06-02 01:31:08+00:00 | (594174 files, 23% size)
2026-06-02 01:31:18+00:00 | (594214 files, 23% size)
2026-06-02 01:31:28+00:00 | (594254 files, 23% size)
2026-06-02 01:31:38+00:00 | (594294 files, 23% size)
2026-06-02 01:31:48+00:00 | (594334 files, 23% size)
2026-06-02 01:31:58+00:00 | (594374 files, 23% size)
2026-06-02 01:32:08+00:00 | (594414 files, 23% size)
2026-06-02 01:32:18+00:00 | (594454 files, 23% size)
2026-06-02 01:32:28+00:00 | (594494 files, 23% size)
2026-06-02 01:32:38+00:00 | (594534 files, 23% size)
2026-06-02 01:32:48+00:00 | (594574 files, 23% size)
2026-06-02 01:32:58+00:00 | (594614 files, 23% size)
2026-06-02 01:33:08+00:00 | (594654 files, 23% size)
2026-06-02 01:33:18+00:00 | (594694 files, 23% size)
2026-06-02 01:33:28+00:00 | (594734 files, 23% size)
2026-06-02 01:33:38+00:00 | (594774 files, 23% size)
2026-06-02 01:33:48+00:00 | (594814 files, 23% size)
2026-06-02 01:33:58+00:00 | (594854 files, 23% size)
2026-06-02 01:34:08+00:00 | (594894 files, 23% size)
2026-06-02 01:34:18+00:00 | (594934 files, 23% size)
2026-06-02 01:34:28+00:00 | (594974 files, 23% size)
2026-06-02 01:34:38+00:00 | (595014 files, 23% size)
2026-06-02 01:34:48+00:00 | (595054 files, 23% size)
2026-06-02 01:34:58+00:00 | (595094 files, 23% size)
2026-06-02 01:35:08+00:00 | (595134 files, 23% size)
2026-06-02 01:35:18+00:00 | (595174 files, 23% size)
2026-06-02 01:35:28+00:00 | (595214 files, 23% size)
2026-06-02 01:35:38+00:00 | (595254 files, 23% size)
2026-06-02 01:35:48+00:00 | (595294 files, 23% size)
2026-06-02 01:35:58+00:00 | (595334 files, 23% size)
2026-06-02 01:36:08+00:00 | (595374 files, 23% size)
2026-06-02 01:36:18+00:00 | (595414 files, 23% size)
2026-06-02 01:36:28+00:00 | (595454 files, 23% size)
2026-06-02 01:36:38+00:00 | (595494 files, 23% size)
2026-06-02 01:36:48+00:00 | (595534 files, 23% size)
2026-06-02 01:36:58+00:00 | (595574 files, 23% size)
2026-06-02 01:37:08+00:00 | (595614 files, 23% size)
2026-06-02 01:37:18+00:00 | (595654 files, 23% size)
2026-06-02 01:37:28+00:00 | (595690 files, 23% size)
2026-06-02 01:37:38+00:00 | (595730 files, 23% size)
2026-06-02 01:37:48+00:00 | (595770 files, 23% size)
2026-06-02 01:37:58+00:00 | (595810 files, 23% size)
2026-06-02 01:38:08+00:00 | (595850 files, 23% size)
2026-06-02 01:38:18+00:00 | (595890 files, 23% size)
2026-06-02 01:38:28+00:00 | (595930 files, 23% size)
2026-06-02 01:38:38+00:00 | (595970 files, 23% size)
2026-06-02 01:38:48+00:00 | (596010 files, 23% size)
2026-06-02 01:38:58+00:00 | (596054 files, 23% size)
2026-06-02 01:39:08+00:00 | (596094 files, 23% size)
2026-06-02 01:39:18+00:00 | (596134 files, 23% size)
2026-06-02 01:39:28+00:00 | (596174 files, 23% size)
2026-06-02 01:39:38+00:00 | (596214 files, 23% size)
2026-06-02 01:39:48+00:00 | (596254 files, 23% size)
2026-06-02 01:39:58+00:00 | (596294 files, 23% size)
2026-06-02 01:40:08+00:00 | (596334 files, 23% size)
2026-06-02 01:40:18+00:00 | (596374 files, 23% size)
2026-06-02 01:40:28+00:00 | (596414 files, 23% size)
2026-06-02 01:40:38+00:00 | (596454 files, 23% size)
2026-06-02 01:40:48+00:00 | (596494 files, 23% size)
2026-06-02 01:40:58+00:00 | (596534 files, 23% size)
2026-06-02 01:41:08+00:00 | (596574 files, 23% size)
2026-06-02 01:41:18+00:00 | (596614 files, 23% size)
2026-06-02 01:41:28+00:00 | (596654 files, 23% size)
2026-06-02 01:41:38+00:00 | (596694 files, 23% size)
2026-06-02 01:41:48+00:00 | (596734 files, 23% size)
2026-06-02 01:41:58+00:00 | (596774 files, 23% size)
2026-06-02 01:42:08+00:00 | (596814 files, 23% size)
2026-06-02 01:42:18+00:00 | (596854 files, 23% size)
2026-06-02 01:42:28+00:00 | (596894 files, 23% size)
2026-06-02 01:42:38+00:00 | (596934 files, 23% size)
2026-06-02 01:42:48+00:00 | (596974 files, 23% size)
2026-06-02 01:42:58+00:00 | (597014 files, 23% size)
2026-06-02 01:43:08+00:00 | (597054 files, 23% size)
2026-06-02 01:43:18+00:00 | (597094 files, 23% size)
2026-06-02 01:43:28+00:00 | (597134 files, 23% size)
2026-06-02 01:43:38+00:00 | (597174 files, 23% size)
2026-06-02 01:43:48+00:00 | (597214 files, 23% size)
2026-06-02 01:43:58+00:00 | (597254 files, 23% size)
2026-06-02 01:44:08+00:00 | (597294 files, 23% size)
2026-06-02 01:44:18+00:00 | (597334 files, 23% size)
2026-06-02 01:44:28+00:00 | (597374 files, 23% size)
2026-06-02 01:44:38+00:00 | (597414 files, 23% size)
2026-06-02 01:44:48+00:00 | (597454 files, 23% size)
2026-06-02 01:44:58+00:00 | (597494 files, 23% size)
2026-06-02 01:45:08+00:00 | (597534 files, 23% size)
2026-06-02 01:45:18+00:00 | (597574 files, 23% size)
2026-06-02 01:45:28+00:00 | (597614 files, 23% size)
2026-06-02 01:45:38+00:00 | (597654 files, 23% size)
2026-06-02 01:45:48+00:00 | (597694 files, 23% size)
2026-06-02 01:45:58+00:00 | (597734 files, 23% size)
2026-06-02 01:46:08+00:00 | (597774 files, 23% size)
2026-06-02 01:46:18+00:00 | (597814 files, 23% size)
2026-06-02 01:46:28+00:00 | (597854 files, 23% size)
2026-06-02 01:46:38+00:00 | (597894 files, 23% size)
2026-06-02 01:46:48+00:00 | (597934 files, 23% size)
2026-06-02 01:46:58+00:00 | (597974 files, 23% size)
2026-06-02 01:47:08+00:00 | (598014 files, 23% size)
2026-06-02 01:47:18+00:00 | (598054 files, 23% size)
2026-06-02 01:47:28+00:00 | (598094 files, 23% size)
2026-06-02 01:47:38+00:00 | (598134 files, 23% size)
2026-06-02 01:47:48+00:00 | (598174 files, 23% size)
2026-06-02 01:47:58+00:00 | (598214 files, 23% size)
2026-06-02 01:48:08+00:00 | (598254 files, 23% size)
2026-06-02 01:48:18+00:00 | (598294 files, 23% size)
2026-06-02 01:48:28+00:00 | (598334 files, 23% size)
2026-06-02 01:48:38+00:00 | (598374 files, 23% size)
2026-06-02 01:48:48+00:00 | (598414 files, 23% size)
2026-06-02 01:48:58+00:00 | (598454 files, 23% size)
2026-06-02 01:49:08+00:00 | (598494 files, 23% size)
2026-06-02 01:49:18+00:00 | (598534 files, 23% size)
2026-06-02 01:49:28+00:00 | (598574 files, 23% size)
2026-06-02 01:49:38+00:00 | (598614 files, 23% size)
2026-06-02 01:49:48+00:00 | (598654 files, 23% size)
2026-06-02 01:49:58+00:00 | (598694 files, 23% size)
2026-06-02 01:50:08+00:00 | (598734 files, 23% size)
2026-06-02 01:50:18+00:00 | (598774 files, 23% size)
2026-06-02 01:50:28+00:00 | (598814 files, 23% size)
2026-06-02 01:50:38+00:00 | (598854 files, 23% size)
2026-06-02 01:50:48+00:00 | (598894 files, 24% size)
2026-06-02 01:50:58+00:00 | (598934 files, 24% size)
2026-06-02 01:51:08+00:00 | (598974 files, 24% size)
2026-06-02 01:51:18+00:00 | (599014 files, 24% size)
2026-06-02 01:51:28+00:00 | (599054 files, 24% size)
2026-06-02 01:51:38+00:00 | (599094 files, 24% size)
2026-06-02 01:51:48+00:00 | (599134 files, 24% size)
2026-06-02 01:51:58+00:00 | (599174 files, 24% size)
2026-06-02 01:52:08+00:00 | (599214 files, 24% size)
2026-06-02 01:52:18+00:00 | (599254 files, 24% size)
2026-06-02 01:52:28+00:00 | (599294 files, 24% size)
2026-06-02 01:52:38+00:00 | (599334 files, 24% size)
2026-06-02 01:52:48+00:00 | (599374 files, 24% size)
2026-06-02 01:52:58+00:00 | (599414 files, 24% size)
2026-06-02 01:53:08+00:00 | (599454 files, 24% size)
2026-06-02 01:53:18+00:00 | (599494 files, 24% size)
2026-06-02 01:53:28+00:00 | (599534 files, 24% size)
2026-06-02 01:53:38+00:00 | (599574 files, 24% size)
2026-06-02 01:53:48+00:00 | (599614 files, 24% size)
2026-06-02 01:53:58+00:00 | (599654 files, 24% size)
2026-06-02 01:54:08+00:00 | (599694 files, 24% size)
2026-06-02 01:54:18+00:00 | (599734 files, 24% size)
2026-06-02 01:54:28+00:00 | (599774 files, 24% size)
2026-06-02 01:54:38+00:00 | (599814 files, 24% size)
2026-06-02 01:54:48+00:00 | (599854 files, 24% size)
2026-06-02 01:54:58+00:00 | (599894 files, 24% size)
2026-06-02 01:55:08+00:00 | (599934 files, 24% size)
2026-06-02 01:55:18+00:00 | (599974 files, 24% size)
2026-06-02 01:55:28+00:00 | (600014 files, 24% size)
2026-06-02 01:55:38+00:00 | (600054 files, 24% size)
2026-06-02 01:55:48+00:00 | (600094 files, 24% size)
2026-06-02 01:55:58+00:00 | (600134 files, 24% size)
2026-06-02 01:56:08+00:00 | (600174 files, 24% size)
2026-06-02 01:56:18+00:00 | (600214 files, 24% size)
2026-06-02 01:56:28+00:00 | (600254 files, 24% size)
2026-06-02 01:56:38+00:00 | (600294 files, 24% size)
2026-06-02 01:56:48+00:00 | (600334 files, 24% size)
2026-06-02 01:56:58+00:00 | (600374 files, 24% size)
2026-06-02 01:57:08+00:00 | (600414 files, 24% size)
2026-06-02 01:57:18+00:00 | (600454 files, 24% size)
2026-06-02 01:57:28+00:00 | (600494 files, 24% size)
2026-06-02 01:57:38+00:00 | (600534 files, 24% size)
2026-06-02 01:57:48+00:00 | (600574 files, 24% size)
2026-06-02 01:57:58+00:00 | (600614 files, 24% size)
2026-06-02 01:58:08+00:00 | (600654 files, 24% size)
2026-06-02 01:58:18+00:00 | (600694 files, 24% size)
2026-06-02 01:58:28+00:00 | (600734 files, 24% size)
2026-06-02 01:58:38+00:00 | (600774 files, 24% size)
2026-06-02 01:58:48+00:00 | (600814 files, 24% size)
2026-06-02 01:58:58+00:00 | (600854 files, 24% size)
2026-06-02 01:59:08+00:00 | (600894 files, 24% size)
2026-06-02 01:59:18+00:00 | (600934 files, 24% size)
2026-06-02 01:59:28+00:00 | (600974 files, 24% size)
2026-06-02 01:59:38+00:00 | (601014 files, 24% size)
2026-06-02 01:59:48+00:00 | (601054 files, 24% size)
2026-06-02 01:59:58+00:00 | (601094 files, 24% size)
2026-06-02 02:00:08+00:00 | (601134 files, 24% size)
2026-06-02 02:00:18+00:00 | (601174 files, 24% size)
2026-06-02 02:00:28+00:00 | (601214 files, 24% size)
2026-06-02 02:00:38+00:00 | (601254 files, 24% size)
2026-06-02 02:00:48+00:00 | (601294 files, 24% size)
2026-06-02 02:00:58+00:00 | (601334 files, 24% size)
2026-06-02 02:01:08+00:00 | (601374 files, 24% size)
2026-06-02 02:01:18+00:00 | (601414 files, 24% size)
2026-06-02 02:01:28+00:00 | (601454 files, 24% size)
2026-06-02 02:01:38+00:00 | (601494 files, 24% size)
2026-06-02 02:01:48+00:00 | (601534 files, 24% size)
2026-06-02 02:01:58+00:00 | (601574 files, 24% size)
2026-06-02 02:02:08+00:00 | (601614 files, 24% size)
2026-06-02 02:02:18+00:00 | (601654 files, 24% size)
2026-06-02 02:02:28+00:00 | (601694 files, 24% size)
2026-06-02 02:02:38+00:00 | (601734 files, 24% size)
2026-06-02 02:02:48+00:00 | (601774 files, 24% size)
2026-06-02 02:02:58+00:00 | (601814 files, 24% size)
2026-06-02 02:03:08+00:00 | (601854 files, 24% size)
2026-06-02 02:03:18+00:00 | (601894 files, 24% size)
2026-06-02 02:03:28+00:00 | (601934 files, 24% size)
2026-06-02 02:03:38+00:00 | (601974 files, 24% size)
2026-06-02 02:03:48+00:00 | (602014 files, 24% size)
2026-06-02 02:03:58+00:00 | (602054 files, 24% size)
2026-06-02 02:04:08+00:00 | (602094 files, 24% size)
2026-06-02 02:04:18+00:00 | (602134 files, 24% size)
2026-06-02 02:04:28+00:00 | (602174 files, 24% size)
2026-06-02 02:04:38+00:00 | (602214 files, 24% size)
2026-06-02 02:04:48+00:00 | (602254 files, 24% size)
2026-06-02 02:04:58+00:00 | (602294 files, 24% size)
2026-06-02 02:05:08+00:00 | (602334 files, 24% size)
2026-06-02 02:05:18+00:00 | (602374 files, 24% size)
2026-06-02 02:05:28+00:00 | (602414 files, 24% size)
2026-06-02 02:05:38+00:00 | (602454 files, 24% size)
2026-06-02 02:05:48+00:00 | (602494 files, 24% size)
2026-06-02 02:05:58+00:00 | (602534 files, 24% size)
2026-06-02 02:06:08+00:00 | (602574 files, 24% size)
2026-06-02 02:06:18+00:00 | (602614 files, 24% size)
2026-06-02 02:06:28+00:00 | (602654 files, 24% size)
2026-06-02 02:06:38+00:00 | (602694 files, 24% size)
2026-06-02 02:06:48+00:00 | (602734 files, 24% size)
2026-06-02 02:06:58+00:00 | (602774 files, 24% size)
2026-06-02 02:07:08+00:00 | (602814 files, 24% size)
2026-06-02 02:07:18+00:00 | (602854 files, 24% size)
2026-06-02 02:07:28+00:00 | (602894 files, 24% size)
2026-06-02 02:07:38+00:00 | (602934 files, 24% size)
2026-06-02 02:07:48+00:00 | (602974 files, 24% size)
2026-06-02 02:07:58+00:00 | (603014 files, 24% size)
2026-06-02 02:08:08+00:00 | (603054 files, 24% size)
2026-06-02 02:08:18+00:00 | (603094 files, 24% size)
2026-06-02 02:08:28+00:00 | (603134 files, 24% size)
2026-06-02 02:08:38+00:00 | (603174 files, 24% size)
2026-06-02 02:08:48+00:00 | (603214 files, 24% size)
2026-06-02 02:08:58+00:00 | (603254 files, 24% size)
2026-06-02 02:09:08+00:00 | (603294 files, 24% size)
2026-06-02 02:09:18+00:00 | (603334 files, 24% size)
2026-06-02 02:09:28+00:00 | (603374 files, 24% size)
2026-06-02 02:09:38+00:00 | (603414 files, 24% size)
2026-06-02 02:09:48+00:00 | (603454 files, 24% size)
2026-06-02 02:09:58+00:00 | (603494 files, 24% size)
2026-06-02 02:10:08+00:00 | (603534 files, 24% size)
2026-06-02 02:10:18+00:00 | (603574 files, 24% size)
2026-06-02 02:10:28+00:00 | (603614 files, 24% size)
2026-06-02 02:10:38+00:00 | (603654 files, 24% size)
2026-06-02 02:10:48+00:00 | (603694 files, 24% size)
2026-06-02 02:10:58+00:00 | (603734 files, 24% size)
2026-06-02 02:11:08+00:00 | (603774 files, 24% size)
2026-06-02 02:11:18+00:00 | (603814 files, 24% size)
2026-06-02 02:11:28+00:00 | (603854 files, 24% size)
2026-06-02 02:11:38+00:00 | (603894 files, 24% size)
2026-06-02 02:11:48+00:00 | (603934 files, 24% size)
2026-06-02 02:11:58+00:00 | (603974 files, 24% size)
2026-06-02 02:12:08+00:00 | (604014 files, 24% size)
2026-06-02 02:12:18+00:00 | (604054 files, 24% size)
2026-06-02 02:12:28+00:00 | (604094 files, 24% size)
2026-06-02 02:12:38+00:00 | (604134 files, 24% size)
2026-06-02 02:12:48+00:00 | (604174 files, 24% size)
2026-06-02 02:12:58+00:00 | (604214 files, 24% size)
2026-06-02 02:13:08+00:00 | (604254 files, 24% size)
2026-06-02 02:13:18+00:00 | (604294 files, 24% size)
2026-06-02 02:13:28+00:00 | (604334 files, 24% size)
2026-06-02 02:13:38+00:00 | (604374 files, 24% size)
2026-06-02 02:13:48+00:00 | (604414 files, 24% size)
2026-06-02 02:13:58+00:00 | (604454 files, 24% size)
2026-06-02 02:14:08+00:00 | (604494 files, 24% size)
2026-06-02 02:14:18+00:00 | (604534 files, 24% size)
2026-06-02 02:14:28+00:00 | (604574 files, 24% size)
2026-06-02 02:14:38+00:00 | (604614 files, 24% size)
2026-06-02 02:14:48+00:00 | (604654 files, 24% size)
2026-06-02 02:14:58+00:00 | (604694 files, 24% size)
2026-06-02 02:15:08+00:00 | (604734 files, 24% size)
2026-06-02 02:15:18+00:00 | (604774 files, 24% size)
2026-06-02 02:15:28+00:00 | (604814 files, 24% size)
2026-06-02 02:15:38+00:00 | (604854 files, 24% size)
2026-06-02 02:15:48+00:00 | (604894 files, 24% size)
2026-06-02 02:15:58+00:00 | (604934 files, 24% size)
2026-06-02 02:16:08+00:00 | (604974 files, 24% size)
2026-06-02 02:16:18+00:00 | (605014 files, 24% size)
2026-06-02 02:16:28+00:00 | (605054 files, 24% size)
2026-06-02 02:16:38+00:00 | (605094 files, 24% size)
2026-06-02 02:16:48+00:00 | (605134 files, 24% size)
2026-06-02 02:16:58+00:00 | (605174 files, 24% size)
2026-06-02 02:17:08+00:00 | (605214 files, 24% size)
2026-06-02 02:17:18+00:00 | (605254 files, 24% size)
2026-06-02 02:17:28+00:00 | (605294 files, 24% size)
2026-06-02 02:17:38+00:00 | (605334 files, 24% size)
2026-06-02 02:17:48+00:00 | (605374 files, 24% size)
2026-06-02 02:17:58+00:00 | (605414 files, 24% size)
2026-06-02 02:18:08+00:00 | (605454 files, 24% size)
2026-06-02 02:18:18+00:00 | (605494 files, 24% size)
2026-06-02 02:18:28+00:00 | (605534 files, 24% size)
2026-06-02 02:18:38+00:00 | (605574 files, 24% size)
2026-06-02 02:18:48+00:00 | (605614 files, 24% size)
2026-06-02 02:18:58+00:00 | (605654 files, 24% size)
2026-06-02 02:19:08+00:00 | (605694 files, 24% size)
2026-06-02 02:19:18+00:00 | (605734 files, 24% size)
2026-06-02 02:19:28+00:00 | (605774 files, 24% size)
2026-06-02 02:19:38+00:00 | (605814 files, 24% size)
2026-06-02 02:19:48+00:00 | (605854 files, 24% size)
2026-06-02 02:19:58+00:00 | (605894 files, 24% size)
2026-06-02 02:20:08+00:00 | (605934 files, 24% size)
2026-06-02 02:20:18+00:00 | (605974 files, 24% size)
2026-06-02 02:20:28+00:00 | (606014 files, 24% size)
2026-06-02 02:20:38+00:00 | (606054 files, 24% size)
2026-06-02 02:20:48+00:00 | (606094 files, 24% size)
2026-06-02 02:20:58+00:00 | (606134 files, 24% size)
2026-06-02 02:21:08+00:00 | (606174 files, 24% size)
2026-06-02 02:21:18+00:00 | (606214 files, 24% size)
2026-06-02 02:21:28+00:00 | (606254 files, 24% size)
2026-06-02 02:21:38+00:00 | (606294 files, 24% size)
2026-06-02 02:21:48+00:00 | (606334 files, 24% size)
2026-06-02 02:21:58+00:00 | (606374 files, 24% size)
2026-06-02 02:22:08+00:00 | (606414 files, 24% size)
2026-06-02 02:22:18+00:00 | (606454 files, 24% size)
2026-06-02 02:22:28+00:00 | (606494 files, 24% size)
2026-06-02 02:22:38+00:00 | (606534 files, 24% size)
2026-06-02 02:22:48+00:00 | (606574 files, 24% size)
2026-06-02 02:22:58+00:00 | (606614 files, 24% size)
2026-06-02 02:23:08+00:00 | (606654 files, 24% size)
2026-06-02 02:23:18+00:00 | (606694 files, 24% size)
2026-06-02 02:23:28+00:00 | (606734 files, 24% size)
2026-06-02 02:23:38+00:00 | (606774 files, 24% size)
2026-06-02 02:23:48+00:00 | (606814 files, 24% size)
2026-06-02 02:23:58+00:00 | (606854 files, 24% size)
2026-06-02 02:24:08+00:00 | (606894 files, 24% size)
2026-06-02 02:24:18+00:00 | (606934 files, 24% size)
2026-06-02 02:24:28+00:00 | (606974 files, 24% size)
2026-06-02 02:24:38+00:00 | (607014 files, 24% size)
2026-06-02 02:24:48+00:00 | (607054 files, 24% size)
2026-06-02 02:24:58+00:00 | (607094 files, 24% size)
2026-06-02 02:25:08+00:00 | (607134 files, 24% size)
2026-06-02 02:25:18+00:00 | (607174 files, 24% size)
2026-06-02 02:25:28+00:00 | (607214 files, 24% size)
2026-06-02 02:25:38+00:00 | (607254 files, 24% size)
2026-06-02 02:25:48+00:00 | (607294 files, 24% size)
2026-06-02 02:25:58+00:00 | (607334 files, 24% size)
2026-06-02 02:26:08+00:00 | (607374 files, 24% size)
2026-06-02 02:26:18+00:00 | (607414 files, 24% size)
2026-06-02 02:26:28+00:00 | (607454 files, 24% size)
2026-06-02 02:26:38+00:00 | (607494 files, 24% size)
2026-06-02 02:26:48+00:00 | (607534 files, 24% size)
2026-06-02 02:26:58+00:00 | (607574 files, 24% size)
2026-06-02 02:27:08+00:00 | (607614 files, 24% size)
2026-06-02 02:27:18+00:00 | (607654 files, 24% size)
2026-06-02 02:27:28+00:00 | (607694 files, 24% size)
2026-06-02 02:27:38+00:00 | (607734 files, 24% size)
2026-06-02 02:27:48+00:00 | (607774 files, 24% size)
2026-06-02 02:27:58+00:00 | (607814 files, 24% size)
2026-06-02 02:28:08+00:00 | (607854 files, 24% size)
2026-06-02 02:28:18+00:00 | (607894 files, 24% size)
2026-06-02 02:28:28+00:00 | (607934 files, 24% size)
2026-06-02 02:28:38+00:00 | (607974 files, 24% size)
2026-06-02 02:28:48+00:00 | (608014 files, 24% size)
2026-06-02 02:28:58+00:00 | (608054 files, 24% size)
2026-06-02 02:29:08+00:00 | (608094 files, 24% size)
2026-06-02 02:29:18+00:00 | (608134 files, 24% size)
2026-06-02 02:29:28+00:00 | (608174 files, 24% size)
2026-06-02 02:29:38+00:00 | (608214 files, 24% size)
2026-06-02 02:29:48+00:00 | (608254 files, 24% size)
2026-06-02 02:29:58+00:00 | (608294 files, 24% size)
2026-06-02 02:30:08+00:00 | (608334 files, 24% size)
2026-06-02 02:30:18+00:00 | (608374 files, 24% size)
2026-06-02 02:30:28+00:00 | (608414 files, 24% size)
2026-06-02 02:30:38+00:00 | (608454 files, 24% size)
2026-06-02 02:30:48+00:00 | (608494 files, 24% size)
2026-06-02 02:30:58+00:00 | (608534 files, 24% size)
2026-06-02 02:31:08+00:00 | (608574 files, 24% size)
2026-06-02 02:31:18+00:00 | (608614 files, 24% size)
2026-06-02 02:31:28+00:00 | (608654 files, 24% size)
2026-06-02 02:31:38+00:00 | (608694 files, 24% size)
2026-06-02 02:31:48+00:00 | (608734 files, 24% size)
2026-06-02 02:31:58+00:00 | (608774 files, 24% size)
2026-06-02 02:32:08+00:00 | (608814 files, 24% size)
2026-06-02 02:32:18+00:00 | (608854 files, 24% size)
2026-06-02 02:32:28+00:00 | (608894 files, 24% size)
2026-06-02 02:32:38+00:00 | (608934 files, 24% size)
2026-06-02 02:32:48+00:00 | (608974 files, 24% size)
2026-06-02 02:32:58+00:00 | (609014 files, 24% size)
2026-06-02 02:33:08+00:00 | (609054 files, 24% size)
2026-06-02 02:33:18+00:00 | (609094 files, 24% size)
2026-06-02 02:33:28+00:00 | (609134 files, 24% size)
2026-06-02 02:33:38+00:00 | (609174 files, 24% size)
2026-06-02 02:33:48+00:00 | (609214 files, 24% size)
2026-06-02 02:33:58+00:00 | (609254 files, 24% size)
2026-06-02 02:34:08+00:00 | (609294 files, 24% size)
2026-06-02 02:34:18+00:00 | (609334 files, 24% size)
2026-06-02 02:34:28+00:00 | (609374 files, 24% size)
2026-06-02 02:34:38+00:00 | (609414 files, 24% size)
2026-06-02 02:34:48+00:00 | (609454 files, 24% size)
2026-06-02 02:34:58+00:00 | (609494 files, 24% size)
2026-06-02 02:35:08+00:00 | (609534 files, 24% size)
2026-06-02 02:35:18+00:00 | (609574 files, 24% size)
2026-06-02 02:35:28+00:00 | (609614 files, 24% size)
2026-06-02 02:35:38+00:00 | (609654 files, 24% size)
2026-06-02 02:35:48+00:00 | (609694 files, 24% size)
2026-06-02 02:35:58+00:00 | (609734 files, 24% size)
2026-06-02 02:36:08+00:00 | (609774 files, 24% size)
2026-06-02 02:36:18+00:00 | (609814 files, 24% size)
2026-06-02 02:36:28+00:00 | (609854 files, 24% size)
2026-06-02 02:36:38+00:00 | (609894 files, 24% size)
2026-06-02 02:36:48+00:00 | (609934 files, 24% size)
2026-06-02 02:36:58+00:00 | (609974 files, 24% size)
2026-06-02 02:37:08+00:00 | (610014 files, 24% size)
2026-06-02 02:37:18+00:00 | (610054 files, 24% size)
2026-06-02 02:37:28+00:00 | (610094 files, 24% size)
2026-06-02 02:37:38+00:00 | (610134 files, 24% size)
2026-06-02 02:37:48+00:00 | (610174 files, 24% size)
2026-06-02 02:37:58+00:00 | (610214 files, 24% size)
2026-06-02 02:38:08+00:00 | (610254 files, 24% size)
2026-06-02 02:38:18+00:00 | (610294 files, 24% size)
2026-06-02 02:38:28+00:00 | (610334 files, 24% size)
2026-06-02 02:38:38+00:00 | (610374 files, 24% size)
2026-06-02 02:38:48+00:00 | (610414 files, 24% size)
2026-06-02 02:38:58+00:00 | (610454 files, 24% size)
2026-06-02 02:39:08+00:00 | (610494 files, 24% size)
2026-06-02 02:39:18+00:00 | (610534 files, 24% size)
2026-06-02 02:39:28+00:00 | (610574 files, 24% size)
2026-06-02 02:39:38+00:00 | (610614 files, 24% size)
2026-06-02 02:39:48+00:00 | (610654 files, 24% size)
2026-06-02 02:39:58+00:00 | (610694 files, 24% size)
2026-06-02 02:40:08+00:00 | (610734 files, 24% size)
2026-06-02 02:40:18+00:00 | (610774 files, 24% size)
2026-06-02 02:40:28+00:00 | (610814 files, 24% size)
2026-06-02 02:40:38+00:00 | (610854 files, 24% size)
2026-06-02 02:40:48+00:00 | (610894 files, 24% size)
2026-06-02 02:40:58+00:00 | (610934 files, 24% size)
2026-06-02 02:41:08+00:00 | (610974 files, 24% size)
2026-06-02 02:41:18+00:00 | (611014 files, 24% size)
2026-06-02 02:41:28+00:00 | (611054 files, 24% size)
2026-06-02 02:41:38+00:00 | (611094 files, 24% size)
2026-06-02 02:41:48+00:00 | (611134 files, 24% size)
2026-06-02 02:41:58+00:00 | (611174 files, 24% size)
2026-06-02 02:42:08+00:00 | (611214 files, 24% size)
2026-06-02 02:42:18+00:00 | (611254 files, 24% size)
2026-06-02 02:42:28+00:00 | (611294 files, 24% size)
2026-06-02 02:42:38+00:00 | (611334 files, 24% size)
2026-06-02 02:42:48+00:00 | (611374 files, 24% size)
2026-06-02 02:42:58+00:00 | (611414 files, 24% size)
2026-06-02 02:43:08+00:00 | (611454 files, 24% size)
2026-06-02 02:43:18+00:00 | (611494 files, 24% size)
2026-06-02 02:43:28+00:00 | (611534 files, 24% size)
2026-06-02 02:43:38+00:00 | (611574 files, 24% size)
2026-06-02 02:43:48+00:00 | (611614 files, 24% size)
2026-06-02 02:43:58+00:00 | (611654 files, 24% size)
2026-06-02 02:44:08+00:00 | (611694 files, 24% size)
2026-06-02 02:44:18+00:00 | (611734 files, 24% size)
2026-06-02 02:44:28+00:00 | (611774 files, 24% size)
2026-06-02 02:44:38+00:00 | (611814 files, 24% size)
2026-06-02 02:44:48+00:00 | (611854 files, 24% size)
2026-06-02 02:44:58+00:00 | (611894 files, 24% size)
2026-06-02 02:45:08+00:00 | (611934 files, 24% size)
2026-06-02 02:45:18+00:00 | (611974 files, 24% size)
2026-06-02 02:45:28+00:00 | (612014 files, 24% size)
2026-06-02 02:45:38+00:00 | (612054 files, 24% size)
2026-06-02 02:45:48+00:00 | (612094 files, 24% size)
2026-06-02 02:45:58+00:00 | (612134 files, 24% size)
2026-06-02 02:46:08+00:00 | (612174 files, 24% size)
2026-06-02 02:46:18+00:00 | (612214 files, 24% size)
2026-06-02 02:46:28+00:00 | (612254 files, 24% size)
2026-06-02 02:46:38+00:00 | (612294 files, 24% size)
2026-06-02 02:46:48+00:00 | (612334 files, 24% size)
2026-06-02 02:46:58+00:00 | (612374 files, 24% size)
2026-06-02 02:47:08+00:00 | (612414 files, 24% size)
2026-06-02 02:47:18+00:00 | (612454 files, 24% size)
2026-06-02 02:47:28+00:00 | (612494 files, 24% size)
2026-06-02 02:47:38+00:00 | (612534 files, 24% size)
2026-06-02 02:47:48+00:00 | (612574 files, 24% size)
2026-06-02 02:47:58+00:00 | (612614 files, 24% size)
2026-06-02 02:48:08+00:00 | (612654 files, 24% size)
2026-06-02 02:48:18+00:00 | (612694 files, 24% size)
2026-06-02 02:48:28+00:00 | (612734 files, 24% size)
2026-06-02 02:48:38+00:00 | (612774 files, 24% size)
2026-06-02 02:48:48+00:00 | (612814 files, 24% size)
2026-06-02 02:48:58+00:00 | (612854 files, 24% size)
2026-06-02 02:49:08+00:00 | (612894 files, 24% size)
2026-06-02 02:49:18+00:00 | (612934 files, 24% size)
2026-06-02 02:49:28+00:00 | (612974 files, 24% size)
2026-06-02 02:49:38+00:00 | (613014 files, 24% size)
2026-06-02 02:49:48+00:00 | (613054 files, 24% size)
2026-06-02 02:49:58+00:00 | (613094 files, 24% size)
2026-06-02 02:50:08+00:00 | (613134 files, 24% size)
2026-06-02 02:50:18+00:00 | (613174 files, 24% size)
2026-06-02 02:50:28+00:00 | (613214 files, 24% size)
2026-06-02 02:50:38+00:00 | (613254 files, 24% size)
2026-06-02 02:50:48+00:00 | (613294 files, 24% size)
2026-06-02 02:50:58+00:00 | (613334 files, 24% size)
2026-06-02 02:51:08+00:00 | (613374 files, 24% size)
2026-06-02 02:51:18+00:00 | (613414 files, 24% size)
2026-06-02 02:51:28+00:00 | (613454 files, 24% size)
2026-06-02 02:51:38+00:00 | (613494 files, 24% size)
2026-06-02 02:51:48+00:00 | (613534 files, 24% size)
2026-06-02 02:51:58+00:00 | (613574 files, 24% size)
2026-06-02 02:52:08+00:00 | (613614 files, 24% size)
2026-06-02 02:52:18+00:00 | (613654 files, 24% size)
2026-06-02 02:52:28+00:00 | (613694 files, 24% size)
2026-06-02 02:52:38+00:00 | (613734 files, 24% size)
2026-06-02 02:52:48+00:00 | (613774 files, 24% size)
2026-06-02 02:52:58+00:00 | (613814 files, 24% size)
2026-06-02 02:53:08+00:00 | (613854 files, 24% size)
2026-06-02 02:53:18+00:00 | (613894 files, 24% size)
2026-06-02 02:53:28+00:00 | (613934 files, 24% size)
2026-06-02 02:53:38+00:00 | (613974 files, 24% size)
2026-06-02 02:53:48+00:00 | (614014 files, 24% size)
2026-06-02 02:53:58+00:00 | (614054 files, 24% size)
2026-06-02 02:54:08+00:00 | (614094 files, 24% size)
2026-06-02 02:54:18+00:00 | (614134 files, 24% size)
2026-06-02 02:54:28+00:00 | (614174 files, 24% size)
2026-06-02 02:54:38+00:00 | (614214 files, 24% size)
2026-06-02 02:54:48+00:00 | (614254 files, 24% size)
2026-06-02 02:54:58+00:00 | (614294 files, 24% size)
2026-06-02 02:55:08+00:00 | (614334 files, 24% size)
2026-06-02 02:55:18+00:00 | (614374 files, 24% size)
2026-06-02 02:55:28+00:00 | (614414 files, 24% size)
2026-06-02 02:55:38+00:00 | (614454 files, 24% size)
2026-06-02 02:55:48+00:00 | (614494 files, 24% size)
2026-06-02 02:55:58+00:00 | (614534 files, 24% size)
2026-06-02 02:56:08+00:00 | (614574 files, 24% size)
2026-06-02 02:56:18+00:00 | (614614 files, 24% size)
2026-06-02 02:56:28+00:00 | (614654 files, 24% size)
2026-06-02 02:56:38+00:00 | (614694 files, 24% size)
2026-06-02 02:56:48+00:00 | (614734 files, 24% size)
2026-06-02 02:56:58+00:00 | (614774 files, 24% size)
2026-06-02 02:57:08+00:00 | (614814 files, 24% size)
2026-06-02 02:57:18+00:00 | (614854 files, 24% size)
2026-06-02 02:57:28+00:00 | (614894 files, 24% size)
2026-06-02 02:57:38+00:00 | (614934 files, 24% size)
2026-06-02 02:57:48+00:00 | (614974 files, 24% size)
2026-06-02 02:57:58+00:00 | (615014 files, 24% size)
2026-06-02 02:58:08+00:00 | (615054 files, 24% size)
2026-06-02 02:58:18+00:00 | (615094 files, 24% size)
2026-06-02 02:58:28+00:00 | (615134 files, 24% size)
2026-06-02 02:58:38+00:00 | (615174 files, 24% size)
2026-06-02 02:58:48+00:00 | (615214 files, 24% size)
2026-06-02 02:58:58+00:00 | (615254 files, 24% size)
2026-06-02 02:59:08+00:00 | (615294 files, 24% size)
2026-06-02 02:59:18+00:00 | (615334 files, 24% size)
2026-06-02 02:59:28+00:00 | (615374 files, 24% size)
2026-06-02 02:59:38+00:00 | (615414 files, 24% size)
2026-06-02 02:59:48+00:00 | (615454 files, 24% size)
2026-06-02 02:59:58+00:00 | (615494 files, 24% size)
2026-06-02 03:00:08+00:00 | (615534 files, 24% size)
2026-06-02 03:00:18+00:00 | (615574 files, 24% size)
2026-06-02 03:00:28+00:00 | (615614 files, 24% size)
2026-06-02 03:00:38+00:00 | (615654 files, 24% size)
2026-06-02 03:00:48+00:00 | (615694 files, 24% size)
2026-06-02 03:00:58+00:00 | (615734 files, 24% size)
2026-06-02 03:01:08+00:00 | (615774 files, 24% size)
2026-06-02 03:01:18+00:00 | (615814 files, 24% size)
2026-06-02 03:01:28+00:00 | (615854 files, 24% size)
2026-06-02 03:01:38+00:00 | (615894 files, 24% size)
2026-06-02 03:01:48+00:00 | (615934 files, 24% size)
2026-06-02 03:01:58+00:00 | (615974 files, 24% size)
2026-06-02 03:02:08+00:00 | (616014 files, 24% size)
2026-06-02 03:02:18+00:00 | (616054 files, 24% size)
2026-06-02 03:02:28+00:00 | (616094 files, 24% size)
2026-06-02 03:02:38+00:00 | (616134 files, 24% size)
2026-06-02 03:02:48+00:00 | (616174 files, 24% size)
2026-06-02 03:02:58+00:00 | (616214 files, 24% size)
2026-06-02 03:03:08+00:00 | (616254 files, 24% size)
2026-06-02 03:03:18+00:00 | (616294 files, 24% size)
2026-06-02 03:03:28+00:00 | (616334 files, 24% size)
2026-06-02 03:03:38+00:00 | (616374 files, 24% size)
2026-06-02 03:03:48+00:00 | (616414 files, 24% size)
2026-06-02 03:03:58+00:00 | (616454 files, 24% size)
2026-06-02 03:04:08+00:00 | (616494 files, 24% size)
2026-06-02 03:04:18+00:00 | (616534 files, 24% size)
2026-06-02 03:04:28+00:00 | (616574 files, 24% size)
2026-06-02 03:04:38+00:00 | (616614 files, 24% size)
2026-06-02 03:04:48+00:00 | (616654 files, 24% size)
2026-06-02 03:04:58+00:00 | (616694 files, 24% size)
2026-06-02 03:05:08+00:00 | (616734 files, 24% size)
2026-06-02 03:05:18+00:00 | (616774 files, 24% size)
2026-06-02 03:05:28+00:00 | (616814 files, 24% size)
2026-06-02 03:05:38+00:00 | (616854 files, 24% size)
2026-06-02 03:05:48+00:00 | (616894 files, 24% size)
2026-06-02 03:05:58+00:00 | (616934 files, 24% size)
2026-06-02 03:06:08+00:00 | (616974 files, 24% size)
2026-06-02 03:06:18+00:00 | (617014 files, 24% size)
2026-06-02 03:06:28+00:00 | (617054 files, 24% size)
2026-06-02 03:06:38+00:00 | (617094 files, 24% size)
2026-06-02 03:06:48+00:00 | (617134 files, 24% size)
2026-06-02 03:06:58+00:00 | (617174 files, 24% size)
2026-06-02 03:07:08+00:00 | (617214 files, 24% size)
2026-06-02 03:07:18+00:00 | (617254 files, 24% size)
2026-06-02 03:07:28+00:00 | (617294 files, 24% size)
2026-06-02 03:07:38+00:00 | (617334 files, 24% size)
2026-06-02 03:07:48+00:00 | (617374 files, 24% size)
2026-06-02 03:07:58+00:00 | (617414 files, 24% size)
2026-06-02 03:08:08+00:00 | (617454 files, 24% size)
2026-06-02 03:08:18+00:00 | (617494 files, 24% size)
2026-06-02 03:08:28+00:00 | (617534 files, 24% size)
2026-06-02 03:08:38+00:00 | (617574 files, 24% size)
2026-06-02 03:08:48+00:00 | (617614 files, 24% size)
2026-06-02 03:08:58+00:00 | (617654 files, 24% size)
2026-06-02 03:09:08+00:00 | (617694 files, 24% size)
2026-06-02 03:09:18+00:00 | (617734 files, 24% size)
2026-06-02 03:09:28+00:00 | (617774 files, 24% size)
2026-06-02 03:09:38+00:00 | (617814 files, 24% size)
2026-06-02 03:09:48+00:00 | (617854 files, 24% size)
2026-06-02 03:09:58+00:00 | (617894 files, 24% size)
2026-06-02 03:10:08+00:00 | (617934 files, 24% size)
2026-06-02 03:10:18+00:00 | (617974 files, 24% size)
2026-06-02 03:10:28+00:00 | (618014 files, 24% size)
2026-06-02 03:10:38+00:00 | (618054 files, 24% size)
2026-06-02 03:10:48+00:00 | (618094 files, 24% size)
2026-06-02 03:10:58+00:00 | (618134 files, 24% size)
2026-06-02 03:11:08+00:00 | (618174 files, 24% size)
2026-06-02 03:11:18+00:00 | (618214 files, 24% size)
2026-06-02 03:11:28+00:00 | (618254 files, 24% size)
2026-06-02 03:11:38+00:00 | (618294 files, 24% size)
2026-06-02 03:11:48+00:00 | (618334 files, 24% size)
2026-06-02 03:11:58+00:00 | (618374 files, 24% size)
2026-06-02 03:12:08+00:00 | (618414 files, 24% size)
2026-06-02 03:12:18+00:00 | (618454 files, 24% size)
2026-06-02 03:12:28+00:00 | (618494 files, 24% size)
2026-06-02 03:12:38+00:00 | (618534 files, 24% size)
2026-06-02 03:12:48+00:00 | (618574 files, 24% size)
2026-06-02 03:12:58+00:00 | (618614 files, 24% size)
2026-06-02 03:13:08+00:00 | (618654 files, 24% size)
2026-06-02 03:13:18+00:00 | (618694 files, 24% size)
2026-06-02 03:13:28+00:00 | (618734 files, 24% size)
2026-06-02 03:13:38+00:00 | (618774 files, 24% size)
2026-06-02 03:13:48+00:00 | (618814 files, 24% size)
2026-06-02 03:13:58+00:00 | (618854 files, 24% size)
2026-06-02 03:14:08+00:00 | (618894 files, 24% size)
2026-06-02 03:14:18+00:00 | (618934 files, 24% size)
2026-06-02 03:14:28+00:00 | (618974 files, 24% size)
2026-06-02 03:14:38+00:00 | (619014 files, 24% size)
2026-06-02 03:14:48+00:00 | (619054 files, 24% size)
2026-06-02 03:14:58+00:00 | (619094 files, 24% size)
2026-06-02 03:15:08+00:00 | (619134 files, 24% size)
2026-06-02 03:15:18+00:00 | (619174 files, 24% size)
2026-06-02 03:15:28+00:00 | (619214 files, 24% size)
2026-06-02 03:15:38+00:00 | (619254 files, 24% size)
2026-06-02 03:15:48+00:00 | (619294 files, 24% size)
2026-06-02 03:15:58+00:00 | (619334 files, 24% size)
2026-06-02 03:16:08+00:00 | (619374 files, 24% size)
2026-06-02 03:16:18+00:00 | (619414 files, 24% size)
2026-06-02 03:16:28+00:00 | (619454 files, 24% size)
2026-06-02 03:16:38+00:00 | (619494 files, 24% size)
2026-06-02 03:16:48+00:00 | (619534 files, 24% size)
2026-06-02 03:16:58+00:00 | (619574 files, 24% size)
2026-06-02 03:17:08+00:00 | (619614 files, 24% size)
2026-06-02 03:17:18+00:00 | (619654 files, 24% size)
2026-06-02 03:17:28+00:00 | (619694 files, 24% size)
2026-06-02 03:17:38+00:00 | (619734 files, 24% size)
2026-06-02 03:17:48+00:00 | (619774 files, 24% size)
2026-06-02 03:17:58+00:00 | (619814 files, 24% size)
2026-06-02 03:18:08+00:00 | (619854 files, 24% size)
2026-06-02 03:18:18+00:00 | (619894 files, 24% size)
2026-06-02 03:18:28+00:00 | (619934 files, 24% size)
2026-06-02 03:18:38+00:00 | (619974 files, 24% size)
2026-06-02 03:18:48+00:00 | (620014 files, 24% size)
2026-06-02 03:18:58+00:00 | (620054 files, 24% size)
2026-06-02 03:19:08+00:00 | (620094 files, 24% size)
2026-06-02 03:19:18+00:00 | (620134 files, 24% size)
2026-06-02 03:19:28+00:00 | (620174 files, 24% size)
2026-06-02 03:19:38+00:00 | (620214 files, 24% size)
2026-06-02 03:19:48+00:00 | (620254 files, 24% size)
2026-06-02 03:19:58+00:00 | (620294 files, 24% size)
2026-06-02 03:20:08+00:00 | (620334 files, 24% size)
2026-06-02 03:20:18+00:00 | (620374 files, 24% size)
2026-06-02 03:20:28+00:00 | (620414 files, 24% size)
2026-06-02 03:20:38+00:00 | (620454 files, 24% size)
2026-06-02 03:20:48+00:00 | (620494 files, 24% size)
2026-06-02 03:20:58+00:00 | (620534 files, 24% size)
2026-06-02 03:21:08+00:00 | (620574 files, 24% size)
2026-06-02 03:21:18+00:00 | (620614 files, 24% size)
2026-06-02 03:21:28+00:00 | (620654 files, 24% size)
2026-06-02 03:21:38+00:00 | (620694 files, 24% size)
2026-06-02 03:21:48+00:00 | (620734 files, 24% size)
2026-06-02 03:21:58+00:00 | (620770 files, 24% size)
2026-06-02 03:22:08+00:00 | (620810 files, 24% size)
2026-06-02 03:22:18+00:00 | (620850 files, 24% size)
2026-06-02 03:22:28+00:00 | (620890 files, 24% size)
2026-06-02 03:22:38+00:00 | (620930 files, 24% size)
2026-06-02 03:22:48+00:00 | (620970 files, 24% size)
2026-06-02 03:22:58+00:00 | (621010 files, 24% size)
2026-06-02 03:23:08+00:00 | (621050 files, 24% size)
2026-06-02 03:23:18+00:00 | (621090 files, 24% size)
2026-06-02 03:23:28+00:00 | (621130 files, 24% size)
2026-06-02 03:23:38+00:00 | (621172 files, 24% size)
2026-06-02 03:23:48+00:00 | (621214 files, 24% size)
2026-06-02 03:23:58+00:00 | (621254 files, 24% size)
2026-06-02 03:24:08+00:00 | (621294 files, 24% size)
2026-06-02 03:24:18+00:00 | (621334 files, 24% size)
2026-06-02 03:24:28+00:00 | (621374 files, 24% size)
2026-06-02 03:24:38+00:00 | (621414 files, 24% size)
2026-06-02 03:24:48+00:00 | (621454 files, 24% size)
2026-06-02 03:24:58+00:00 | (621494 files, 24% size)
2026-06-02 03:25:08+00:00 | (621534 files, 24% size)
2026-06-02 03:25:18+00:00 | (621574 files, 24% size)
2026-06-02 03:25:28+00:00 | (621614 files, 24% size)
2026-06-02 03:25:38+00:00 | (621654 files, 24% size)
2026-06-02 03:25:48+00:00 | (621694 files, 24% size)
2026-06-02 03:25:58+00:00 | (621734 files, 24% size)
2026-06-02 03:26:08+00:00 | (621774 files, 24% size)
2026-06-02 03:26:18+00:00 | (621814 files, 24% size)
2026-06-02 03:26:28+00:00 | (621854 files, 24% size)
2026-06-02 03:26:38+00:00 | (621894 files, 24% size)
2026-06-02 03:26:48+00:00 | (621934 files, 24% size)
2026-06-02 03:26:58+00:00 | (621974 files, 24% size)
2026-06-02 03:27:08+00:00 | (622014 files, 24% size)
2026-06-02 03:27:18+00:00 | (622054 files, 24% size)
2026-06-02 03:27:28+00:00 | (622094 files, 24% size)
2026-06-02 03:27:38+00:00 | (622134 files, 24% size)
2026-06-02 03:27:48+00:00 | (622174 files, 24% size)
2026-06-02 03:27:58+00:00 | (622214 files, 24% size)
2026-06-02 03:28:08+00:00 | (622254 files, 24% size)
2026-06-02 03:28:18+00:00 | (622294 files, 24% size)
2026-06-02 03:28:28+00:00 | (622334 files, 24% size)
2026-06-02 03:28:38+00:00 | (622374 files, 24% size)
2026-06-02 03:28:48+00:00 | (622414 files, 24% size)
2026-06-02 03:28:58+00:00 | (622454 files, 24% size)
2026-06-02 03:29:08+00:00 | (622494 files, 24% size)
2026-06-02 03:29:18+00:00 | (622534 files, 24% size)
2026-06-02 03:29:28+00:00 | (622574 files, 24% size)
2026-06-02 03:29:38+00:00 | (622614 files, 24% size)
2026-06-02 03:29:48+00:00 | (622654 files, 24% size)
2026-06-02 03:29:58+00:00 | (622694 files, 24% size)
2026-06-02 03:30:08+00:00 | (622734 files, 24% size)
2026-06-02 03:30:18+00:00 | (622774 files, 24% size)
2026-06-02 03:30:28+00:00 | (622814 files, 24% size)
2026-06-02 03:30:38+00:00 | (622854 files, 24% size)
2026-06-02 03:30:48+00:00 | (622894 files, 24% size)
2026-06-02 03:30:58+00:00 | (622934 files, 24% size)
2026-06-02 03:31:08+00:00 | (622974 files, 24% size)
2026-06-02 03:31:18+00:00 | (623014 files, 24% size)
2026-06-02 03:31:28+00:00 | (623054 files, 24% size)
2026-06-02 03:31:38+00:00 | (623094 files, 24% size)
2026-06-02 03:31:48+00:00 | (623134 files, 24% size)
2026-06-02 03:31:58+00:00 | (623174 files, 24% size)
2026-06-02 03:32:08+00:00 | (623214 files, 24% size)
2026-06-02 03:32:18+00:00 | (623254 files, 24% size)
2026-06-02 03:32:28+00:00 | (623294 files, 24% size)
2026-06-02 03:32:38+00:00 | (623334 files, 24% size)
2026-06-02 03:32:48+00:00 | (623374 files, 24% size)
2026-06-02 03:32:58+00:00 | (623414 files, 24% size)
2026-06-02 03:33:08+00:00 | (623454 files, 24% size)
2026-06-02 03:33:18+00:00 | (623494 files, 24% size)
2026-06-02 03:33:28+00:00 | (623534 files, 24% size)
2026-06-02 03:33:38+00:00 | (623574 files, 24% size)
2026-06-02 03:33:48+00:00 | (623614 files, 24% size)
2026-06-02 03:33:58+00:00 | (623654 files, 24% size)
2026-06-02 03:34:08+00:00 | (623694 files, 24% size)
2026-06-02 03:34:18+00:00 | (623734 files, 24% size)
2026-06-02 03:34:28+00:00 | (623774 files, 24% size)
2026-06-02 03:34:38+00:00 | (623814 files, 24% size)
2026-06-02 03:34:48+00:00 | (623854 files, 25% size)
2026-06-02 03:34:58+00:00 | (623894 files, 25% size)
2026-06-02 03:35:08+00:00 | (623934 files, 25% size)
2026-06-02 03:35:18+00:00 | (623974 files, 25% size)
2026-06-02 03:35:28+00:00 | (624014 files, 25% size)
2026-06-02 03:35:38+00:00 | (624054 files, 25% size)
2026-06-02 03:35:48+00:00 | (624094 files, 25% size)
2026-06-02 03:35:58+00:00 | (624134 files, 25% size)
2026-06-02 03:36:08+00:00 | (624174 files, 25% size)
2026-06-02 03:36:18+00:00 | (624214 files, 25% size)
2026-06-02 03:36:28+00:00 | (624254 files, 25% size)
2026-06-02 03:36:38+00:00 | (624294 files, 25% size)
2026-06-02 03:36:48+00:00 | (624334 files, 25% size)
2026-06-02 03:36:58+00:00 | (624374 files, 25% size)
2026-06-02 03:37:08+00:00 | (624414 files, 25% size)
2026-06-02 03:37:18+00:00 | (624454 files, 25% size)
2026-06-02 03:37:28+00:00 | (624494 files, 25% size)
2026-06-02 03:37:38+00:00 | (624534 files, 25% size)
2026-06-02 03:37:48+00:00 | (624574 files, 25% size)
2026-06-02 03:37:58+00:00 | (624614 files, 25% size)
2026-06-02 03:38:08+00:00 | (624654 files, 25% size)
2026-06-02 03:38:18+00:00 | (624694 files, 25% size)
2026-06-02 03:38:28+00:00 | (624734 files, 25% size)
2026-06-02 03:38:38+00:00 | (624774 files, 25% size)
2026-06-02 03:38:48+00:00 | (624814 files, 25% size)
2026-06-02 03:38:58+00:00 | (624854 files, 25% size)
2026-06-02 03:39:08+00:00 | (624894 files, 25% size)
2026-06-02 03:39:18+00:00 | (624934 files, 25% size)
2026-06-02 03:39:28+00:00 | (624974 files, 25% size)
2026-06-02 03:39:38+00:00 | (625014 files, 25% size)
2026-06-02 03:39:48+00:00 | (625054 files, 25% size)
2026-06-02 03:39:58+00:00 | (625094 files, 25% size)
2026-06-02 03:40:08+00:00 | (625134 files, 25% size)
2026-06-02 03:40:18+00:00 | (625174 files, 25% size)
2026-06-02 03:40:28+00:00 | (625214 files, 25% size)
2026-06-02 03:40:38+00:00 | (625254 files, 25% size)
2026-06-02 03:40:48+00:00 | (625294 files, 25% size)
2026-06-02 03:40:58+00:00 | (625334 files, 25% size)
2026-06-02 03:41:08+00:00 | (625374 files, 25% size)
2026-06-02 03:41:18+00:00 | (625414 files, 25% size)
2026-06-02 03:41:28+00:00 | (625454 files, 25% size)
2026-06-02 03:41:38+00:00 | (625494 files, 25% size)
2026-06-02 03:41:48+00:00 | (625534 files, 25% size)
2026-06-02 03:41:58+00:00 | (625574 files, 25% size)
2026-06-02 03:42:08+00:00 | (625614 files, 25% size)
2026-06-02 03:42:18+00:00 | (625654 files, 25% size)
2026-06-02 03:42:28+00:00 | (625694 files, 25% size)
2026-06-02 03:42:38+00:00 | (625734 files, 25% size)
2026-06-02 03:42:48+00:00 | (625774 files, 25% size)
2026-06-02 03:42:58+00:00 | (625814 files, 25% size)
2026-06-02 03:43:08+00:00 | (625854 files, 25% size)
2026-06-02 03:43:18+00:00 | (625894 files, 25% size)
2026-06-02 03:43:28+00:00 | (625934 files, 25% size)
2026-06-02 03:43:38+00:00 | (625974 files, 25% size)
2026-06-02 03:43:48+00:00 | (626014 files, 25% size)
2026-06-02 03:43:58+00:00 | (626054 files, 25% size)
2026-06-02 03:44:08+00:00 | (626094 files, 25% size)
2026-06-02 03:44:18+00:00 | (626134 files, 25% size)
2026-06-02 03:44:28+00:00 | (626174 files, 25% size)
2026-06-02 03:44:38+00:00 | (626214 files, 25% size)
2026-06-02 03:44:48+00:00 | (626254 files, 25% size)
2026-06-02 03:44:58+00:00 | (626294 files, 25% size)
2026-06-02 03:45:08+00:00 | (626334 files, 25% size)
2026-06-02 03:45:18+00:00 | (626374 files, 25% size)
2026-06-02 03:45:28+00:00 | (626414 files, 25% size)
2026-06-02 03:45:38+00:00 | (626454 files, 25% size)
2026-06-02 03:45:48+00:00 | (626494 files, 25% size)
2026-06-02 03:45:58+00:00 | (626534 files, 25% size)
2026-06-02 03:46:08+00:00 | (626574 files, 25% size)
2026-06-02 03:46:18+00:00 | (626614 files, 25% size)
2026-06-02 03:46:28+00:00 | (626654 files, 25% size)
2026-06-02 03:46:38+00:00 | (626694 files, 25% size)
2026-06-02 03:46:48+00:00 | (626734 files, 25% size)
2026-06-02 03:46:58+00:00 | (626774 files, 25% size)
2026-06-02 03:47:08+00:00 | (626814 files, 25% size)
2026-06-02 03:47:18+00:00 | (626854 files, 25% size)
2026-06-02 03:47:28+00:00 | (626894 files, 25% size)
2026-06-02 03:47:38+00:00 | (626934 files, 25% size)
2026-06-02 03:47:48+00:00 | (626974 files, 25% size)
2026-06-02 03:47:58+00:00 | (627014 files, 25% size)
2026-06-02 03:48:08+00:00 | (627054 files, 25% size)
2026-06-02 03:48:18+00:00 | (627094 files, 25% size)
2026-06-02 03:48:28+00:00 | (627134 files, 25% size)
2026-06-02 03:48:38+00:00 | (627174 files, 25% size)
2026-06-02 03:48:48+00:00 | (627214 files, 25% size)
2026-06-02 03:48:58+00:00 | (627254 files, 25% size)
2026-06-02 03:49:08+00:00 | (627294 files, 25% size)
2026-06-02 03:49:18+00:00 | (627334 files, 25% size)
2026-06-02 03:49:28+00:00 | (627374 files, 25% size)
2026-06-02 03:49:38+00:00 | (627414 files, 25% size)
2026-06-02 03:49:48+00:00 | (627454 files, 25% size)
2026-06-02 03:49:58+00:00 | (627494 files, 25% size)
2026-06-02 03:50:08+00:00 | (627534 files, 25% size)
2026-06-02 03:50:18+00:00 | (627574 files, 25% size)
2026-06-02 03:50:28+00:00 | (627614 files, 25% size)
2026-06-02 03:50:38+00:00 | (627654 files, 25% size)
2026-06-02 03:50:48+00:00 | (627694 files, 25% size)
2026-06-02 03:50:58+00:00 | (627734 files, 25% size)
2026-06-02 03:51:08+00:00 | (627774 files, 25% size)
2026-06-02 03:51:18+00:00 | (627814 files, 25% size)
2026-06-02 03:51:28+00:00 | (627854 files, 25% size)
2026-06-02 03:51:38+00:00 | (627894 files, 25% size)
2026-06-02 03:51:48+00:00 | (627934 files, 25% size)
2026-06-02 03:51:58+00:00 | (627974 files, 25% size)
2026-06-02 03:52:08+00:00 | (628014 files, 25% size)
2026-06-02 03:52:18+00:00 | (628054 files, 25% size)
2026-06-02 03:52:28+00:00 | (628094 files, 25% size)
2026-06-02 03:52:38+00:00 | (628134 files, 25% size)
2026-06-02 03:52:48+00:00 | (628174 files, 25% size)
2026-06-02 03:52:58+00:00 | (628214 files, 25% size)
2026-06-02 03:53:08+00:00 | (628254 files, 25% size)
2026-06-02 03:53:18+00:00 | (628294 files, 25% size)
2026-06-02 03:53:28+00:00 | (628334 files, 25% size)
2026-06-02 03:53:38+00:00 | (628374 files, 25% size)
2026-06-02 03:53:48+00:00 | (628414 files, 25% size)
2026-06-02 03:53:58+00:00 | (628454 files, 25% size)
2026-06-02 03:54:08+00:00 | (628494 files, 25% size)
2026-06-02 03:54:18+00:00 | (628534 files, 25% size)
2026-06-02 03:54:28+00:00 | (628574 files, 25% size)
2026-06-02 03:54:38+00:00 | (628614 files, 25% size)
2026-06-02 03:54:48+00:00 | (628654 files, 25% size)
2026-06-02 03:54:58+00:00 | (628694 files, 25% size)
2026-06-02 03:55:08+00:00 | (628734 files, 25% size)
2026-06-02 03:55:18+00:00 | (628774 files, 25% size)
2026-06-02 03:55:28+00:00 | (628814 files, 25% size)
2026-06-02 03:55:38+00:00 | (628854 files, 25% size)
2026-06-02 03:55:48+00:00 | (628894 files, 25% size)
2026-06-02 03:55:58+00:00 | (628934 files, 25% size)
2026-06-02 03:56:08+00:00 | (628974 files, 25% size)
2026-06-02 03:56:18+00:00 | (629014 files, 25% size)
2026-06-02 03:56:28+00:00 | (629054 files, 25% size)
2026-06-02 03:56:38+00:00 | (629094 files, 25% size)
2026-06-02 03:56:48+00:00 | (629134 files, 25% size)
2026-06-02 03:56:58+00:00 | (629174 files, 25% size)
2026-06-02 03:57:08+00:00 | (629214 files, 25% size)
2026-06-02 03:57:18+00:00 | (629254 files, 25% size)
2026-06-02 03:57:28+00:00 | (629294 files, 25% size)
2026-06-02 03:57:38+00:00 | (629334 files, 25% size)
2026-06-02 03:57:48+00:00 | (629374 files, 25% size)
2026-06-02 03:57:58+00:00 | (629414 files, 25% size)
2026-06-02 03:58:08+00:00 | (629454 files, 25% size)
2026-06-02 03:58:18+00:00 | (629494 files, 25% size)
2026-06-02 03:58:28+00:00 | (629534 files, 25% size)
2026-06-02 03:58:38+00:00 | (629574 files, 25% size)
2026-06-02 03:58:48+00:00 | (629614 files, 25% size)
2026-06-02 03:58:58+00:00 | (629654 files, 25% size)
2026-06-02 03:59:08+00:00 | (629694 files, 25% size)
2026-06-02 03:59:18+00:00 | (629734 files, 25% size)
2026-06-02 03:59:28+00:00 | (629774 files, 25% size)
2026-06-02 03:59:38+00:00 | (629814 files, 25% size)
2026-06-02 03:59:48+00:00 | (629854 files, 25% size)
2026-06-02 03:59:58+00:00 | (629894 files, 25% size)
2026-06-02 04:00:08+00:00 | (629934 files, 25% size)
2026-06-02 04:00:18+00:00 | (629974 files, 25% size)
2026-06-02 04:00:28+00:00 | (630014 files, 25% size)
2026-06-02 04:00:38+00:00 | (630054 files, 25% size)
2026-06-02 04:00:48+00:00 | (630094 files, 25% size)
2026-06-02 04:00:58+00:00 | (630134 files, 25% size)
2026-06-02 04:01:08+00:00 | (630174 files, 25% size)
2026-06-02 04:01:18+00:00 | (630214 files, 25% size)
2026-06-02 04:01:28+00:00 | (630254 files, 25% size)
2026-06-02 04:01:38+00:00 | (630294 files, 25% size)
2026-06-02 04:01:48+00:00 | (630334 files, 25% size)
2026-06-02 04:01:58+00:00 | (630374 files, 25% size)
2026-06-02 04:02:08+00:00 | (630414 files, 25% size)
2026-06-02 04:02:18+00:00 | (630454 files, 25% size)
2026-06-02 04:02:28+00:00 | (630494 files, 25% size)
2026-06-02 04:02:38+00:00 | (630534 files, 25% size)
2026-06-02 04:02:48+00:00 | (630574 files, 25% size)
2026-06-02 04:02:58+00:00 | (630614 files, 25% size)
2026-06-02 04:03:08+00:00 | (630654 files, 25% size)
2026-06-02 04:03:18+00:00 | (630694 files, 25% size)
2026-06-02 04:03:28+00:00 | (630734 files, 25% size)
2026-06-02 04:03:38+00:00 | (630774 files, 25% size)
2026-06-02 04:03:48+00:00 | (630814 files, 25% size)
2026-06-02 04:03:58+00:00 | (630854 files, 25% size)
2026-06-02 04:04:08+00:00 | (630894 files, 25% size)
2026-06-02 04:04:18+00:00 | (630934 files, 25% size)
2026-06-02 04:04:28+00:00 | (630974 files, 25% size)
2026-06-02 04:04:38+00:00 | (631014 files, 25% size)
2026-06-02 04:04:48+00:00 | (631054 files, 25% size)
2026-06-02 04:04:58+00:00 | (631094 files, 25% size)
2026-06-02 04:05:08+00:00 | (631134 files, 25% size)
2026-06-02 04:05:18+00:00 | (631174 files, 25% size)
2026-06-02 04:05:28+00:00 | (631214 files, 25% size)
2026-06-02 04:05:38+00:00 | (631254 files, 25% size)
2026-06-02 04:05:48+00:00 | (631294 files, 25% size)
2026-06-02 04:05:58+00:00 | (631334 files, 25% size)
2026-06-02 04:06:08+00:00 | (631374 files, 25% size)
2026-06-02 04:06:18+00:00 | (631414 files, 25% size)
2026-06-02 04:06:28+00:00 | (631454 files, 25% size)
2026-06-02 04:06:38+00:00 | (631494 files, 25% size)
2026-06-02 04:06:48+00:00 | (631534 files, 25% size)
2026-06-02 04:06:58+00:00 | (631574 files, 25% size)
2026-06-02 04:07:08+00:00 | (631614 files, 25% size)
2026-06-02 04:07:18+00:00 | (631654 files, 25% size)
2026-06-02 04:07:28+00:00 | (631694 files, 25% size)
2026-06-02 04:07:38+00:00 | (631734 files, 25% size)
2026-06-02 04:07:48+00:00 | (631774 files, 25% size)
2026-06-02 04:07:58+00:00 | (631814 files, 25% size)
2026-06-02 04:08:08+00:00 | (631854 files, 25% size)
2026-06-02 04:08:18+00:00 | (631894 files, 25% size)
2026-06-02 04:08:28+00:00 | (631934 files, 25% size)
2026-06-02 04:08:38+00:00 | (631974 files, 25% size)
2026-06-02 04:08:48+00:00 | (632014 files, 25% size)
2026-06-02 04:08:58+00:00 | (632054 files, 25% size)
2026-06-02 04:09:08+00:00 | (632094 files, 25% size)
2026-06-02 04:09:18+00:00 | (632134 files, 25% size)
2026-06-02 04:09:28+00:00 | (632174 files, 25% size)
2026-06-02 04:09:38+00:00 | (632214 files, 25% size)
2026-06-02 04:09:48+00:00 | (632254 files, 25% size)
2026-06-02 04:09:58+00:00 | (632294 files, 25% size)
2026-06-02 04:10:08+00:00 | (632334 files, 25% size)
2026-06-02 04:10:18+00:00 | (632374 files, 25% size)
2026-06-02 04:10:28+00:00 | (632414 files, 25% size)
2026-06-02 04:10:38+00:00 | (632454 files, 25% size)
2026-06-02 04:10:48+00:00 | (632494 files, 25% size)
2026-06-02 04:10:58+00:00 | (632534 files, 25% size)
2026-06-02 04:11:08+00:00 | (632574 files, 25% size)
2026-06-02 04:11:18+00:00 | (632614 files, 25% size)
2026-06-02 04:11:28+00:00 | (632654 files, 25% size)
2026-06-02 04:11:38+00:00 | (632694 files, 25% size)
2026-06-02 04:11:48+00:00 | (632734 files, 25% size)
2026-06-02 04:11:58+00:00 | (632774 files, 25% size)
2026-06-02 04:12:08+00:00 | (632814 files, 25% size)
2026-06-02 04:12:18+00:00 | (632854 files, 25% size)
2026-06-02 04:12:28+00:00 | (632894 files, 25% size)
2026-06-02 04:12:38+00:00 | (632934 files, 25% size)
2026-06-02 04:12:48+00:00 | (632974 files, 25% size)
2026-06-02 04:12:58+00:00 | (633014 files, 25% size)
2026-06-02 04:13:08+00:00 | (633054 files, 25% size)
2026-06-02 04:13:18+00:00 | (633094 files, 25% size)
2026-06-02 04:13:28+00:00 | (633134 files, 25% size)
2026-06-02 04:13:38+00:00 | (633174 files, 25% size)
2026-06-02 04:13:48+00:00 | (633214 files, 25% size)
2026-06-02 04:13:58+00:00 | (633254 files, 25% size)
2026-06-02 04:14:08+00:00 | (633294 files, 25% size)
2026-06-02 04:14:18+00:00 | (633334 files, 25% size)
2026-06-02 04:14:28+00:00 | (633374 files, 25% size)
2026-06-02 04:14:38+00:00 | (633414 files, 25% size)
2026-06-02 04:14:48+00:00 | (633454 files, 25% size)
2026-06-02 04:14:58+00:00 | (633494 files, 25% size)
2026-06-02 04:15:08+00:00 | (633534 files, 25% size)
2026-06-02 04:15:18+00:00 | (633574 files, 25% size)
2026-06-02 04:15:28+00:00 | (633614 files, 25% size)
2026-06-02 04:15:38+00:00 | (633654 files, 25% size)
2026-06-02 04:15:48+00:00 | (633694 files, 25% size)
2026-06-02 04:15:58+00:00 | (633734 files, 25% size)
2026-06-02 04:16:08+00:00 | (633774 files, 25% size)
2026-06-02 04:16:18+00:00 | (633814 files, 25% size)
2026-06-02 04:16:28+00:00 | (633854 files, 25% size)
2026-06-02 04:16:38+00:00 | (633894 files, 25% size)
2026-06-02 04:16:48+00:00 | (633934 files, 25% size)
2026-06-02 04:16:58+00:00 | (633974 files, 25% size)
2026-06-02 04:17:08+00:00 | (634014 files, 25% size)
2026-06-02 04:17:18+00:00 | (634054 files, 25% size)
2026-06-02 04:17:28+00:00 | (634094 files, 25% size)
2026-06-02 04:17:38+00:00 | (634134 files, 25% size)
2026-06-02 04:17:48+00:00 | (634174 files, 25% size)
2026-06-02 04:17:58+00:00 | (634214 files, 25% size)
2026-06-02 04:18:08+00:00 | (634254 files, 25% size)
2026-06-02 04:18:18+00:00 | (634294 files, 25% size)
2026-06-02 04:18:28+00:00 | (634334 files, 25% size)
2026-06-02 04:18:38+00:00 | (634374 files, 25% size)
2026-06-02 04:18:48+00:00 | (634414 files, 25% size)
2026-06-02 04:18:58+00:00 | (634454 files, 25% size)
2026-06-02 04:19:08+00:00 | (634494 files, 25% size)
2026-06-02 04:19:18+00:00 | (634534 files, 25% size)
2026-06-02 04:19:28+00:00 | (634574 files, 25% size)
2026-06-02 04:19:38+00:00 | (634614 files, 25% size)
2026-06-02 04:19:48+00:00 | (634654 files, 25% size)
2026-06-02 04:19:58+00:00 | (634694 files, 25% size)
2026-06-02 04:20:08+00:00 | (634734 files, 25% size)
2026-06-02 04:20:18+00:00 | (634774 files, 25% size)
2026-06-02 04:20:28+00:00 | (634814 files, 25% size)
2026-06-02 04:20:38+00:00 | (634854 files, 25% size)
2026-06-02 04:20:48+00:00 | (634894 files, 25% size)
2026-06-02 04:20:58+00:00 | (634934 files, 25% size)
2026-06-02 04:21:08+00:00 | (634974 files, 25% size)
2026-06-02 04:21:18+00:00 | (635014 files, 25% size)
2026-06-02 04:21:28+00:00 | (635054 files, 25% size)
2026-06-02 04:21:38+00:00 | (635094 files, 25% size)
2026-06-02 04:21:48+00:00 | (635134 files, 25% size)
2026-06-02 04:21:58+00:00 | (635174 files, 25% size)
2026-06-02 04:22:08+00:00 | (635214 files, 25% size)
2026-06-02 04:22:18+00:00 | (635254 files, 25% size)
2026-06-02 04:22:28+00:00 | (635294 files, 25% size)
2026-06-02 04:22:38+00:00 | (635334 files, 25% size)
2026-06-02 04:22:48+00:00 | (635374 files, 25% size)
2026-06-02 04:22:58+00:00 | (635414 files, 25% size)
2026-06-02 04:23:08+00:00 | (635454 files, 25% size)
2026-06-02 04:23:18+00:00 | (635494 files, 25% size)
2026-06-02 04:23:28+00:00 | (635534 files, 25% size)
2026-06-02 04:23:38+00:00 | (635574 files, 25% size)
2026-06-02 04:23:48+00:00 | (635614 files, 25% size)
2026-06-02 04:23:58+00:00 | (635654 files, 25% size)
2026-06-02 04:24:08+00:00 | (635694 files, 25% size)
2026-06-02 04:24:18+00:00 | (635734 files, 25% size)
2026-06-02 04:24:28+00:00 | (635774 files, 25% size)
2026-06-02 04:24:38+00:00 | (635814 files, 25% size)
2026-06-02 04:24:48+00:00 | (635854 files, 25% size)
2026-06-02 04:24:58+00:00 | (635894 files, 25% size)
2026-06-02 04:25:08+00:00 | (635934 files, 25% size)
2026-06-02 04:25:18+00:00 | (635974 files, 25% size)
2026-06-02 04:25:28+00:00 | (636014 files, 25% size)
2026-06-02 04:25:38+00:00 | (636054 files, 25% size)
2026-06-02 04:25:48+00:00 | (636094 files, 25% size)
2026-06-02 04:25:58+00:00 | (636134 files, 25% size)
2026-06-02 04:26:08+00:00 | (636174 files, 25% size)
